{
	"class_name" : "PinholeCameraParameters",
	"extrinsic" : 
	[
		0.99137481302725317,
		-0.0,
		0.13105716346380655,
		0.0,
		-0.0,
		-1.0,
		-0.0,
		0.0,
		0.13105716346380655,
		-0.0,
		-0.99137481302725317,
		0.0,
		0.11559646903363596,
		0.00059831142425537109,
		1.1925698526608124,
		1.0
	],
	"intrinsic" : 
	{
		"height" : 1536,
		"intrinsic_matrix" : 
		[
			973.43609619140591,
			0.0,
			0.0,
			0.0,
			973.43609619140591,
			0.0,
			1023.5,
			767.5,
			1.0
		],
		"width" : 2048
	},
	"version_major" : 1,
	"version_minor" : 0
}