{
	"class_name" : "PinholeCameraParameters",
	"extrinsic" : 
	[
		0.61889019709846427,
		-0.52821327206413915,
		0.58134814281179226,
		0.0,
		0.0,
		-0.74012066921264497,
		-0.67247408500568018,
		0.0,
		0.7854775133225802,
		0.41618761901277485,
		-0.45805342684566103,
		0.0,
		0.25968120885833501,
		0.068369319615495139,
		1.3717374342884527,
		1.0
	],
	"intrinsic" : 
	{
		"height" : 1536,
		"intrinsic_matrix" : 
		[
			973.43609619140591,
			0.0,
			0.0,
			0.0,
			973.43609619140591,
			0.0,
			1023.5,
			767.5,
			1.0
		],
		"width" : 2048
	},
	"version_major" : 1,
	"version_minor" : 0
}