{
	"class_name" : "PinholeCameraParameters",
	"extrinsic" : 
	[
		0.55493093737714894,
		-0.79150244226545197,
		0.25607721224182317,
		0.0,
		0.51654377656391393,
		0.56913238815767764,
		0.63974280116545912,
		0.0,
		-0.65209982490015161,
		-0.22273798202768091,
		0.72467483033939317,
		0.0,
		-0.1289291614265291,
		-0.12410454790048242,
		1.6899685656124679,
		1.0
	],
	"intrinsic" : 
	{
		"height" : 1536,
		"intrinsic_matrix" : 
		[
			973.43609619140591,
			0.0,
			0.0,
			0.0,
			973.43609619140591,
			0.0,
			1023.5,
			767.5,
			1.0
		],
		"width" : 2048
	},
	"version_major" : 1,
	"version_minor" : 0
}