{
	"class_name" : "PinholeCameraParameters",
	"extrinsic" : 
	[
		-0.81905684190855899,
		0.39529121747370671,
		0.41580132649010715,
		0.0,
		-0.22892207233181075,
		0.43937914921944127,
		-0.86864299227617625,
		0.0,
		-0.52606137904439176,
		-0.8066540873381568,
		-0.2693856136814996,
		0.0,
		-0.20670122128172858,
		-0.18306020502836778,
		1.7110699488311329,
		1.0
	],
	"intrinsic" : 
	{
		"height" : 1536,
		"intrinsic_matrix" : 
		[
			973.43609619140591,
			0.0,
			0.0,
			0.0,
			973.43609619140591,
			0.0,
			1023.5,
			767.5,
			1.0
		],
		"width" : 2048
	},
	"version_major" : 1,
	"version_minor" : 0
}