{
	"class_name" : "PinholeCameraParameters",
	"extrinsic" : 
	[
		0.51194006865334674,
		-0.79150244226545197,
		0.3338281743577548,
		0.0,
		0.41833272057700543,
		0.56913238815767764,
		0.70787432475304524,
		0.0,
		-0.75027668296558958,
		-0.22273798202768094,
		0.62247304388253533,
		0.0,
		-0.15853163493655575,
		-0.12410454790048248,
		1.6690191224637585,
		1.0
	],
	"intrinsic" : 
	{
		"height" : 1536,
		"intrinsic_matrix" : 
		[
			973.43609619140591,
			0.0,
			0.0,
			0.0,
			973.43609619140591,
			0.0,
			1023.5,
			767.5,
			1.0
		],
		"width" : 2048
	},
	"version_major" : 1,
	"version_minor" : 0
}