{
	"class_name" : "PinholeCameraParameters",
	"extrinsic" : 
	[
		-0.038970717356208828,
		-0.79150244226545197,
		0.60992226314225273,
		0.0,
		-0.41070460844175227,
		0.56913238815767753,
		0.71232720666463778,
		0.0,
		-0.91093523797987386,
		-0.22273798202768094,
		-0.3472531980684801,
		0.0,
		-0.24567852233594803,
		-0.12410454790048261,
		1.4330629558675028,
		1.0
	],
	"intrinsic" : 
	{
		"height" : 1536,
		"intrinsic_matrix" : 
		[
			973.43609619140591,
			0.0,
			0.0,
			0.0,
			973.43609619140591,
			0.0,
			1023.5,
			767.5,
			1.0
		],
		"width" : 2048
	},
	"version_major" : 1,
	"version_minor" : 0
}