{
	"class_name" : "PinholeCameraParameters",
	"extrinsic" : 
	[
		-0.55524754712773616,
		-0.79150244226545208,
		0.25538998668009144,
		0.0,
		-0.82192128995201463,
		0.56913238815767764,
		-0.023102334807435624,
		0.0,
		-0.12706515860867842,
		-0.22273798202768097,
		-0.96656207086249146,
		0.0,
		-0.078551812599225224,
		-0.12410454790048242,
		1.2396153195137374,
		1.0
	],
	"intrinsic" : 
	{
		"height" : 1536,
		"intrinsic_matrix" : 
		[
			973.43609619140591,
			0.0,
			0.0,
			0.0,
			973.43609619140591,
			0.0,
			1023.5,
			767.5,
			1.0
		],
		"width" : 2048
	},
	"version_major" : 1,
	"version_minor" : 0
}