{
	"class_name" : "PinholeCameraParameters",
	"extrinsic" : 
	[
		-0.59633280902183572,
		-0.79150244226545197,
		-0.13383222620860705,
		0.0,
		-0.63937096688151762,
		0.56913238815767764,
		-0.51700395690838952,
		0.0,
		0.48537814906845583,
		-0.22273798202768097,
		-0.84545599753571821,
		0.0,
		0.081204363723141881,
		-0.1241045479004825,
		1.240511854273763,
		1.0
	],
	"intrinsic" : 
	{
		"height" : 1536,
		"intrinsic_matrix" : 
		[
			973.43609619140591,
			0.0,
			0.0,
			0.0,
			973.43609619140591,
			0.0,
			1023.5,
			767.5,
			1.0
		],
		"width" : 2048
	},
	"version_major" : 1,
	"version_minor" : 0
}