{
	"class_name" : "PinholeCameraParameters",
	"extrinsic" : 
	[
		-0.4512245753875187,
		-0.79150244226545197,
		-0.41221386009470673,
		0.0,
		-0.2983672781385861,
		0.56913238815767775,
		-0.76620186118679601,
		0.0,
		0.84105490302507913,
		-0.22273798202768094,
		-0.49296494952451886,
		0.0,
		0.18759175558698121,
		-0.12410454790048253,
		1.3119426932802445,
		1.0
	],
	"intrinsic" : 
	{
		"height" : 1536,
		"intrinsic_matrix" : 
		[
			973.43609619140591,
			0.0,
			0.0,
			0.0,
			973.43609619140591,
			0.0,
			1023.5,
			767.5,
			1.0
		],
		"width" : 2048
	},
	"version_major" : 1,
	"version_minor" : 0
}