{
	"class_name" : "PinholeCameraParameters",
	"extrinsic" : 
	[
		-0.42464892288568923,
		-0.79150244226545197,
		-0.4395420072983342,
		0.0,
		-0.25002085990306638,
		0.56913238815767764,
		-0.78331213086691687,
		0.0,
		0.8701510569466403,
		-0.22273798202768091,
		-0.43957357684110321,
		0.0,
		0.19747914377147802,
		-0.12410454790048248,
		1.3239572984055825,
		1.0
	],
	"intrinsic" : 
	{
		"height" : 1536,
		"intrinsic_matrix" : 
		[
			973.43609619140591,
			0.0,
			0.0,
			0.0,
			973.43609619140591,
			0.0,
			1023.5,
			767.5,
			1.0
		],
		"width" : 2048
	},
	"version_major" : 1,
	"version_minor" : 0
}