{
	"class_name" : "PinholeCameraParameters",
	"extrinsic" : 
	[
		-0.15810533806166063,
		-0.79150244226545208,
		-0.59036140284086402,
		0.0,
		0.16136651457076515,
		0.56913238815767764,
		-0.80625626988273513,
		0.0,
		0.97414760177895587,
		-0.22273798202768097,
		0.037739121751114379,
		0.0,
		0.246636315367249,
		-0.12410454790048249,
		1.4388963552037406,
		1.0
	],
	"intrinsic" : 
	{
		"height" : 1536,
		"intrinsic_matrix" : 
		[
			973.43609619140591,
			0.0,
			0.0,
			0.0,
			973.43609619140591,
			0.0,
			1023.5,
			767.5,
			1.0
		],
		"width" : 2048
	},
	"version_major" : 1,
	"version_minor" : 0
}