{
	"class_name" : "PinholeCameraParameters",
	"extrinsic" : 
	[
		0.28698300011038891,
		-0.79150244226545197,
		-0.5395967397376169,
		0.0,
		0.6678711550348988,
		0.56913238815767764,
		-0.47962114738852868,
		0.0,
		0.6867232906491455,
		-0.22273798202768091,
		0.69195297054225136,
		0.0,
		0.20595647290444474,
		-0.12410454790048242,
		1.6171717836552957,
		1.0
	],
	"intrinsic" : 
	{
		"height" : 1536,
		"intrinsic_matrix" : 
		[
			973.43609619140591,
			0.0,
			0.0,
			0.0,
			973.43609619140591,
			0.0,
			1023.5,
			767.5,
			1.0
		],
		"width" : 2048
	},
	"version_major" : 1,
	"version_minor" : 0
}