{
	"class_name" : "PinholeCameraParameters",
	"extrinsic" : 
	[
		0.57536865394456138,
		-0.79150244226545197,
		-0.20609414340501903,
		0.0,
		0.81679147554476561,
		0.56913238815767764,
		0.094551627311978526,
		0.0,
		0.04245700808380555,
		-0.22273798202768089,
		0.97395338380582075,
		0.0,
		0.057645165223745354,
		-0.12410454790048248,
		1.7191160778418939,
		1.0
	],
	"intrinsic" : 
	{
		"height" : 1536,
		"intrinsic_matrix" : 
		[
			973.43609619140591,
			0.0,
			0.0,
			0.0,
			973.43609619140591,
			0.0,
			1023.5,
			767.5,
			1.0
		],
		"width" : 2048
	},
	"version_major" : 1,
	"version_minor" : 0
}