{
	"class_name" : "PinholeCameraParameters",
	"extrinsic" : 
	[
		0.43405557384110277,
		-0.52821327206413904,
		0.72978524103517395,
		0.0,
		0.18590699051437204,
		-0.74012066921264497,
		-0.64626618810062775,
		0.0,
		0.88149551881751531,
		0.41618761901277479,
		-0.22305496202756223,
		0.0,
		0.27011701584713332,
		0.06836931961549525,
		1.4464247669979093,
		1.0
	],
	"intrinsic" : 
	{
		"height" : 1536,
		"intrinsic_matrix" : 
		[
			973.43609619140591,
			0.0,
			0.0,
			0.0,
			973.43609619140591,
			0.0,
			1023.5,
			767.5,
			1.0
		],
		"width" : 2048
	},
	"version_major" : 1,
	"version_minor" : 0
}