{
	"class_name" : "PinholeCameraParameters",
	"extrinsic" : 
	[
		0.58172061996117652,
		-0.17870547749492752,
		-0.7935146328992897,
		0.0,
		0.81331427610273754,
		0.14098889025702263,
		0.56448385372087784,
		0.0,
		0.011000390877813251,
		-0.97374867657799846,
		0.22735986071233447,
		0.0,
		0.04978132241080134,
		-0.27411828317794429,
		1.4720766009363146,
		1.0
	],
	"intrinsic" : 
	{
		"height" : 1536,
		"intrinsic_matrix" : 
		[
			973.43609619140591,
			0.0,
			0.0,
			0.0,
			973.43609619140591,
			0.0,
			1023.5,
			767.5,
			1.0
		],
		"width" : 2048
	},
	"version_major" : 1,
	"version_minor" : 0
}