{
	"class_name" : "PinholeCameraParameters",
	"extrinsic" : 
	[
		0.66972364877238788,
		-0.17870547749492752,
		-0.72078747671439836,
		0.0,
		0.74245050267900969,
		0.14098889025702258,
		0.65489646807398438,
		0.0,
		-0.015410559583780403,
		-0.97374867657799835,
		0.22710356561690431,
		0.0,
		0.049946614368255447,
		-0.27411828317794429,
		1.477872247946203,
		1.0
	],
	"intrinsic" : 
	{
		"height" : 1536,
		"intrinsic_matrix" : 
		[
			973.43609619140591,
			0.0,
			0.0,
			0.0,
			973.43609619140591,
			0.0,
			1023.5,
			767.5,
			1.0
		],
		"width" : 2048
	},
	"version_major" : 1,
	"version_minor" : 0
}