{
	"class_name" : "PinholeCameraParameters",
	"extrinsic" : 
	[
		0.71571395056722487,
		-0.17870547749492749,
		-0.6751428687890928,
		0.0,
		0.6977348508653417,
		0.14098889025702258,
		0.70234479474971034,
		0.0,
		-0.030325218076307045,
		-0.97374867657799835,
		0.22559675532068546,
		0.0,
		0.049741172525962718,
		-0.27411828317794429,
		1.4811565603900814,
		1.0
	],
	"intrinsic" : 
	{
		"height" : 1536,
		"intrinsic_matrix" : 
		[
			973.43609619140591,
			0.0,
			0.0,
			0.0,
			973.43609619140591,
			0.0,
			1023.5,
			767.5,
			1.0
		],
		"width" : 2048
	},
	"version_major" : 1,
	"version_minor" : 0
}