{
	"class_name" : "PinholeCameraParameters",
	"extrinsic" : 
	[
		0.76232025088197941,
		-0.17870547749492752,
		-0.62203873465287196,
		0.0,
		0.64553190404304717,
		0.14098889025702263,
		0.75060688358597638,
		0.0,
		-0.046437010646620397,
		-0.97374867657799846,
		0.22283877334252777,
		0.0,
		0.049271314624698803,
		-0.27411828317794429,
		1.48471396954452,
		1.0
	],
	"intrinsic" : 
	{
		"height" : 1536,
		"intrinsic_matrix" : 
		[
			973.43609619140591,
			0.0,
			0.0,
			0.0,
			973.43609619140591,
			0.0,
			1023.5,
			767.5,
			1.0
		],
		"width" : 2048
	},
	"version_major" : 1,
	"version_minor" : 0
}