{
	"class_name" : "PinholeCameraParameters",
	"extrinsic" : 
	[
		0.97256090116778582,
		-0.17870547749492749,
		0.14896189389576925,
		0.0,
		-0.12452405798779162,
		0.1409888902570226,
		0.98214860983781194,
		0.0,
		-0.19651730840299425,
		-0.97374867657799835,
		0.11486715092070161,
		0.0,
		0.026845441867360528,
		-0.27411828317794429,
		1.5185411092475045,
		1.0
	],
	"intrinsic" : 
	{
		"height" : 1536,
		"intrinsic_matrix" : 
		[
			973.43609619140591,
			0.0,
			0.0,
			0.0,
			973.43609619140591,
			0.0,
			1023.5,
			767.5,
			1.0
		],
		"width" : 2048
	},
	"version_major" : 1,
	"version_minor" : 0
}