{
	"class_name" : "PinholeCameraParameters",
	"extrinsic" : 
	[
		0.76316428418306415,
		-0.17870547749492746,
		0.6210029208149197,
		0.0,
		-0.60478673254416404,
		0.1409888902570226,
		0.78380810212873353,
		0.0,
		-0.22762531380737341,
		-0.97374867657799835,
		-0.00048101631113658949,
		0.0,
		0.0018036134692745384,
		-0.27411828317794429,
		1.5263323941902507,
		1.0
	],
	"intrinsic" : 
	{
		"height" : 1536,
		"intrinsic_matrix" : 
		[
			973.43609619140591,
			0.0,
			0.0,
			0.0,
			973.43609619140591,
			0.0,
			1023.5,
			767.5,
			1.0
		],
		"width" : 2048
	},
	"version_major" : 1,
	"version_minor" : 0
}