{
	"class_name" : "PinholeCameraParameters",
	"extrinsic" : 
	[
		0.25946438959033191,
		-0.17870547749492746,
		0.94907459287867701,
		0.0,
		-0.94789441936733498,
		0.14098889025702258,
		0.28568917122697585,
		0.0,
		-0.18486319338034699,
		-0.97374867657799835,
		-0.13281232847825994,
		0.0,
		-0.027583192306254924,
		-0.27411828317794423,
		1.5180619928695636,
		1.0
	],
	"intrinsic" : 
	{
		"height" : 1536,
		"intrinsic_matrix" : 
		[
			973.43609619140591,
			0.0,
			0.0,
			0.0,
			973.43609619140591,
			0.0,
			1023.5,
			767.5,
			1.0
		],
		"width" : 2048
	},
	"version_major" : 1,
	"version_minor" : 0
}