{
	"class_name" : "PinholeCameraParameters",
	"extrinsic" : 
	[
		-0.22878339576251211,
		-0.17870547749492746,
		0.9569339110600501,
		0.0,
		-0.96850734797774252,
		0.1409888902570226,
		-0.20522097781955215,
		0.0,
		-0.098242937336449843,
		-0.97374867657799846,
		-0.20533348515549815,
		0.0,
		-0.044217907040005139,
		-0.27411828317794434,
		1.4996692482048537,
		1.0
	],
	"intrinsic" : 
	{
		"height" : 1536,
		"intrinsic_matrix" : 
		[
			973.43609619140591,
			0.0,
			0.0,
			0.0,
			973.43609619140591,
			0.0,
			1023.5,
			767.5,
			1.0
		],
		"width" : 2048
	},
	"version_major" : 1,
	"version_minor" : 0
}