{
	"class_name" : "PinholeCameraParameters",
	"extrinsic" : 
	[
		-0.94122595434845546,
		-0.17870547749492743,
		0.28663226471238268,
		0.0,
		-0.31281229802437055,
		0.14098889025702263,
		-0.93929260565002093,
		0.0,
		0.12744476868648558,
		-0.97374867657799835,
		-0.18860367386942645,
		0.0,
		-0.042440939158798485,
		-0.27411828317794429,
		1.4500221515623026,
		1.0
	],
	"intrinsic" : 
	{
		"height" : 1536,
		"intrinsic_matrix" : 
		[
			973.43609619140591,
			0.0,
			0.0,
			0.0,
			973.43609619140591,
			0.0,
			1023.5,
			767.5,
			1.0
		],
		"width" : 2048
	},
	"version_major" : 1,
	"version_minor" : 0
}