{
	"class_name" : "PinholeCameraParameters",
	"extrinsic" : 
	[
		-0.98386067504321584,
		-0.17870547749492743,
		0.0090842950644449694,
		0.0,
		-0.034744249201745056,
		0.14098889025702263,
		-0.9894013189659191,
		0.0,
		0.17553065046001212,
		-0.97374867657799846,
		-0.14492241238566875,
		0.0,
		-0.033262335778465275,
		-0.27411828317794429,
		1.4391076867617358,
		1.0
	],
	"intrinsic" : 
	{
		"height" : 1536,
		"intrinsic_matrix" : 
		[
			973.43609619140591,
			0.0,
			0.0,
			0.0,
			973.43609619140591,
			0.0,
			1023.5,
			767.5,
			1.0
		],
		"width" : 2048
	},
	"version_major" : 1,
	"version_minor" : 0
}