{
	"class_name" : "PinholeCameraParameters",
	"extrinsic" : 
	[
		0.10713386339742492,
		-0.52821327206413904,
		0.84232599065257263,
		0.0,
		0.42813666246143467,
		-0.74012066921264497,
		-0.51857534964613428,
		0.0,
		0.89734125814537569,
		0.41618761901277479,
		0.14685548069633603,
		0.0,
		0.24759211677737175,
		0.068369319615495333,
		1.5540827696496788,
		1.0
	],
	"intrinsic" : 
	{
		"height" : 1536,
		"intrinsic_matrix" : 
		[
			973.43609619140591,
			0.0,
			0.0,
			0.0,
			973.43609619140591,
			0.0,
			1023.5,
			767.5,
			1.0
		],
		"width" : 2048
	},
	"version_major" : 1,
	"version_minor" : 0
}