{
	"class_name" : "PinholeCameraParameters",
	"extrinsic" : 
	[
		-0.90912396305536713,
		-0.10435622976586857,
		-0.40324111534856771,
		0.0,
		0.35478967553391277,
		0.31317289221912376,
		-0.88093531301319183,
		0.0,
		0.21821527428904824,
		-0.94394518743842448,
		-0.24768846799718616,
		0.0,
		-0.016038903723123006,
		-0.26022900195504695,
		1.3781046576263543,
		1.0
	],
	"intrinsic" : 
	{
		"height" : 1536,
		"intrinsic_matrix" : 
		[
			973.43609619140591,
			0.0,
			0.0,
			0.0,
			973.43609619140591,
			0.0,
			1023.5,
			767.5,
			1.0
		],
		"width" : 2048
	},
	"version_major" : 1,
	"version_minor" : 0
}