{
	"class_name" : "PinholeCameraParameters",
	"extrinsic" : 
	[
		-0.13170517738220491,
		-0.1043562297658686,
		-0.98578066706533418,
		0.0,
		0.9364163710328256,
		0.31317289221912376,
		-0.15826281825123217,
		0.0,
		0.32523549362336723,
		-0.94394518743842459,
		0.056474390651004569,
		0.0,
		0.075393733751068129,
		-0.26022900195504689,
		1.4113248421248084,
		1.0
	],
	"intrinsic" : 
	{
		"height" : 1536,
		"intrinsic_matrix" : 
		[
			973.43609619140591,
			0.0,
			0.0,
			0.0,
			973.43609619140591,
			0.0,
			1023.5,
			767.5,
			1.0
		],
		"width" : 2048
	},
	"version_major" : 1,
	"version_minor" : 0
}