{
	"class_name" : "PinholeCameraParameters",
	"extrinsic" : 
	[
		0.37758974650376326,
		-0.10435622976586859,
		-0.92007378000042861,
		0.0,
		0.89053758460188015,
		0.3131728922191237,
		0.32994779888727593,
		0.0,
		0.25371005842629274,
		-0.94394518743842459,
		0.21118401777872475,
		0.0,
		0.097803489052393389,
		-0.26022900195504695,
		1.4576077398249738,
		1.0
	],
	"intrinsic" : 
	{
		"height" : 1536,
		"intrinsic_matrix" : 
		[
			973.43609619140591,
			0.0,
			0.0,
			0.0,
			973.43609619140591,
			0.0,
			1023.5,
			767.5,
			1.0
		],
		"width" : 2048
	},
	"version_major" : 1,
	"version_minor" : 0
}