{
	"class_name" : "PinholeCameraParameters",
	"extrinsic" : 
	[
		0.8068114547303159,
		-0.10435622976586859,
		-0.58151960742953857,
		0.0,
		0.58162449782133963,
		0.3131728922191237,
		0.75075674030486317,
		0.0,
		0.10377003445130917,
		-0.94394518743842459,
		0.31336761648551326,
		0.0,
		0.092958279873325902,
		-0.26022900195504683,
		1.5121358784063212,
		1.0
	],
	"intrinsic" : 
	{
		"height" : 1536,
		"intrinsic_matrix" : 
		[
			973.43609619140591,
			0.0,
			0.0,
			0.0,
			973.43609619140591,
			0.0,
			1023.5,
			767.5,
			1.0
		],
		"width" : 2048
	},
	"version_major" : 1,
	"version_minor" : 0
}