{
	"class_name" : "PinholeCameraParameters",
	"extrinsic" : 
	[
		0.99011327504496083,
		-0.10435622976586857,
		-0.093730890792711186,
		0.0,
		0.12216566343515728,
		0.3131728922191237,
		0.94180586654392695,
		0.0,
		-0.068929335244072798,
		-0.94394518743842459,
		0.32282538601331812,
		0.0,
		0.062126768982001097,
		-0.26022900195504683,
		1.5542348799377659,
		1.0
	],
	"intrinsic" : 
	{
		"height" : 1536,
		"intrinsic_matrix" : 
		[
			973.43609619140591,
			0.0,
			0.0,
			0.0,
			973.43609619140591,
			0.0,
			1023.5,
			767.5,
			1.0
		],
		"width" : 2048
	},
	"version_major" : 1,
	"version_minor" : 0
}