{
	"class_name" : "PinholeCameraParameters",
	"extrinsic" : 
	[
		0.51609330180520507,
		-0.10435622976586861,
		0.85015144600291948,
		0.0,
		-0.79427952184798356,
		0.3131728922191237,
		0.52061769154730797,
		0.0,
		-0.32057408660829145,
		-0.94394518743842459,
		0.078738415700960712,
		0.0,
		-0.04295767633913021,
		-0.26022900195504695,
		1.5662474207380073,
		1.0
	],
	"intrinsic" : 
	{
		"height" : 1536,
		"intrinsic_matrix" : 
		[
			973.43609619140591,
			0.0,
			0.0,
			0.0,
			973.43609619140591,
			0.0,
			1023.5,
			767.5,
			1.0
		],
		"width" : 2048
	},
	"version_major" : 1,
	"version_minor" : 0
}