{
	"class_name" : "PinholeCameraParameters",
	"extrinsic" : 
	[
		-0.39208408444779197,
		-0.10435622976586859,
		0.91399116408846648,
		0.0,
		-0.88521162501741213,
		0.31317289221912364,
		-0.34398127639908227,
		0.0,
		-0.25034066720524928,
		-0.94394518743842459,
		-0.21516745445133711,
		0.0,
		-0.098088224815934252,
		-0.26022900195504683,
		1.4936372490206142,
		1.0
	],
	"intrinsic" : 
	{
		"height" : 1536,
		"intrinsic_matrix" : 
		[
			973.43609619140591,
			0.0,
			0.0,
			0.0,
			973.43609619140591,
			0.0,
			1023.5,
			767.5,
			1.0
		],
		"width" : 2048
	},
	"version_major" : 1,
	"version_minor" : 0
}