{
	"class_name" : "PinholeCameraParameters",
	"extrinsic" : 
	[
		-0.99162521905881662,
		-0.10435622976586859,
		0.076086807237571344,
		0.0,
		-0.10537719821386179,
		0.31317289221912364,
		-0.94383175708158162,
		0.0,
		0.074666398220019831,
		-0.94394518743842459,
		-0.32154690495896088,
		0.0,
		-0.060730988445566882,
		-0.26022900195504683,
		1.3974643676168377,
		1.0
	],
	"intrinsic" : 
	{
		"height" : 1536,
		"intrinsic_matrix" : 
		[
			973.43609619140591,
			0.0,
			0.0,
			0.0,
			973.43609619140591,
			0.0,
			1023.5,
			767.5,
			1.0
		],
		"width" : 2048
	},
	"version_major" : 1,
	"version_minor" : 0
}