{
	"class_name" : "PinholeCameraParameters",
	"extrinsic" : 
	[
		-0.67214785790467446,
		-0.10435622976586857,
		-0.73302594389503772,
		0.0,
		0.67734593139102872,
		0.31317289221912364,
		-0.66567651964533736,
		0.0,
		0.29903134675511456,
		-0.94394518743842459,
		-0.13981322101167701,
		0.0,
		0.024588104248834581,
		-0.26022900195504695,
		1.3798876506527331,
		1.0
	],
	"intrinsic" : 
	{
		"height" : 1536,
		"intrinsic_matrix" : 
		[
			973.43609619140591,
			0.0,
			0.0,
			0.0,
			973.43609619140591,
			0.0,
			1023.5,
			767.5,
			1.0
		],
		"width" : 2048
	},
	"version_major" : 1,
	"version_minor" : 0
}