{
	"class_name" : "PinholeCameraParameters",
	"extrinsic" : 
	[
		-0.51560852137096325,
		-0.10435622976586861,
		-0.85044554793278937,
		0.0,
		0.79457621234717324,
		0.3131728922191237,
		-0.52016476461898975,
		0.0,
		0.32061892561367722,
		-0.94394518743842459,
		-0.078555634108375211,
		0.0,
		0.043008896006502109,
		-0.26022900195504689,
		1.3865701767520349,
		1.0
	],
	"intrinsic" : 
	{
		"height" : 1536,
		"intrinsic_matrix" : 
		[
			973.43609619140591,
			0.0,
			0.0,
			0.0,
			973.43609619140591,
			0.0,
			1023.5,
			767.5,
			1.0
		],
		"width" : 2048
	},
	"version_major" : 1,
	"version_minor" : 0
}