{
	"class_name" : "PinholeCameraParameters",
	"extrinsic" : 
	[
		-0.65784144951779,
		-0.52821327206413904,
		0.53687555961472955,
		0.0,
		0.66660845624765797,
		-0.74012066921264497,
		0.088625961565113986,
		0.0,
		0.35053928931782735,
		0.41618761901277473,
		0.83899348771312299,
		0.0,
		0.039484922419592783,
		0.068369319615495194,
		1.7133102936094002,
		1.0
	],
	"intrinsic" : 
	{
		"height" : 1536,
		"intrinsic_matrix" : 
		[
			973.43609619140591,
			0.0,
			0.0,
			0.0,
			973.43609619140591,
			0.0,
			1023.5,
			767.5,
			1.0
		],
		"width" : 2048
	},
	"version_major" : 1,
	"version_minor" : 0
}