{
	"class_name" : "PinholeCameraParameters",
	"extrinsic" : 
	[
		0.41065517867694973,
		0.22544809117509704,
		-0.88347919183832946,
		0.0,
		0.87800728864369759,
		0.16353646839589492,
		0.44984333338745958,
		0.0,
		0.24589738777454526,
		-0.96043166424795878,
		-0.1307879696132305,
		0.0,
		0.098419645087591962,
		-0.2376956839316321,
		1.3693824790873128,
		1.0
	],
	"intrinsic" : 
	{
		"height" : 1536,
		"intrinsic_matrix" : 
		[
			973.43609619140591,
			0.0,
			0.0,
			0.0,
			973.43609619140591,
			0.0,
			1023.5,
			767.5,
			1.0
		],
		"width" : 2048
	},
	"version_major" : 1,
	"version_minor" : 0
}