{
	"class_name" : "PinholeCameraParameters",
	"extrinsic" : 
	[
		0.65111579903244776,
		0.22544809117509698,
		-0.72472158408304799,
		0.0,
		0.70802632051914727,
		0.16353646839589489,
		0.68698948533199278,
		0.0,
		0.27339887655668033,
		-0.96043166424795867,
		-0.053142004172231423,
		0.0,
		0.12541720654842517,
		-0.23769568393163201,
		1.4028509048017459,
		1.0
	],
	"intrinsic" : 
	{
		"height" : 1536,
		"intrinsic_matrix" : 
		[
			973.43609619140591,
			0.0,
			0.0,
			0.0,
			973.43609619140591,
			0.0,
			1023.5,
			767.5,
			1.0
		],
		"width" : 2048
	},
	"version_major" : 1,
	"version_minor" : 0
}