{
	"class_name" : "PinholeCameraParameters",
	"extrinsic" : 
	[
		0.91809224833281744,
		0.22544809117509698,
		0.32600580015806085,
		0.0,
		-0.36553438032637392,
		0.16353646839589492,
		0.91631896209999519,
		0.0,
		0.15326852367856278,
		-0.96043166424795878,
		0.23255059225744881,
		0.0,
		0.11577099100010743,
		-0.23769568393163215,
		1.5643483202308219,
		1.0
	],
	"intrinsic" : 
	{
		"height" : 1536,
		"intrinsic_matrix" : 
		[
			973.43609619140591,
			0.0,
			0.0,
			0.0,
			973.43609619140591,
			0.0,
			1023.5,
			767.5,
			1.0
		],
		"width" : 2048
	},
	"version_major" : 1,
	"version_minor" : 0
}