{
	"class_name" : "PinholeCameraParameters",
	"extrinsic" : 
	[
		0.68568890654545334,
		0.22544809117509698,
		0.69210106315913555,
		0.0,
		-0.72694473471857091,
		0.16353646839589492,
		0.66693865997522217,
		0.0,
		0.037176284180201649,
		-0.96043166424795867,
		0.27602344502677534,
		0.0,
		0.066138663975649686,
		-0.23769568393163204,
		1.6058728529129875,
		1.0
	],
	"intrinsic" : 
	{
		"height" : 1536,
		"intrinsic_matrix" : 
		[
			973.43609619140591,
			0.0,
			0.0,
			0.0,
			973.43609619140591,
			0.0,
			1023.5,
			767.5,
			1.0
		],
		"width" : 2048
	},
	"version_major" : 1,
	"version_minor" : 0
}