{
	"class_name" : "PinholeCameraParameters",
	"extrinsic" : 
	[
		-0.0521178586845207,
		0.22544809117509698,
		0.97286015798348191,
		0.0,
		-0.98237519681229724,
		0.16353646839589495,
		-0.090525113601689799,
		0.0,
		-0.17950682854460082,
		-0.96043166424795878,
		0.21295144238946975,
		0.0,
		-0.051489601013092814,
		-0.2376956839316321,
		1.6123644021579826,
		1.0
	],
	"intrinsic" : 
	{
		"height" : 1536,
		"intrinsic_matrix" : 
		[
			973.43609619140591,
			0.0,
			0.0,
			0.0,
			973.43609619140591,
			0.0,
			1023.5,
			767.5,
			1.0
		],
		"width" : 2048
	},
	"version_major" : 1,
	"version_minor" : 0
}