{
	"class_name" : "PinholeCameraParameters",
	"extrinsic" : 
	[
		-0.42038421129010978,
		0.22544809117509698,
		0.87889150245266201,
		0.0,
		-0.87298727552534405,
		0.16353646839589495,
		-0.45950956494444761,
		0.0,
		-0.24732636670769537,
		-0.96043166424795867,
		0.12806516560355904,
		0.0,
		-0.099595136510702884,
		-0.23769568393163204,
		1.5823174868987542,
		1.0
	],
	"intrinsic" : 
	{
		"height" : 1536,
		"intrinsic_matrix" : 
		[
			973.43609619140591,
			0.0,
			0.0,
			0.0,
			973.43609619140591,
			0.0,
			1023.5,
			767.5,
			1.0
		],
		"width" : 2048
	},
	"version_major" : 1,
	"version_minor" : 0
}