{
	"class_name" : "PinholeCameraParameters",
	"extrinsic" : 
	[
		-0.90842632169978255,
		0.22544809117509701,
		0.35204371351937042,
		0.0,
		-0.32093319426229805,
		0.16353646839589497,
		-0.93287604124299217,
		0.0,
		-0.2678871084311476,
		-0.96043166424795878,
		-0.076207056407493895,
		0.0,
		-0.14511817069291236,
		-0.23769568393163212,
		1.4852933727591062,
		1.0
	],
	"intrinsic" : 
	{
		"height" : 1536,
		"intrinsic_matrix" : 
		[
			973.43609619140591,
			0.0,
			0.0,
			0.0,
			973.43609619140591,
			0.0,
			1023.5,
			767.5,
			1.0
		],
		"width" : 2048
	},
	"version_major" : 1,
	"version_minor" : 0
}