{
	"class_name" : "PinholeCameraParameters",
	"extrinsic" : 
	[
		-0.92144551208290837,
		0.22544809117509698,
		0.31640373962355761,
		0.0,
		-0.28436477313344,
		0.16353646839589495,
		-0.94466528427023611,
		0.0,
		-0.26471653530339601,
		-0.96043166424795867,
		-0.086580449564912232,
		0.0,
		-0.14535454428670896,
		-0.2376956839316321,
		1.4796359055047363,
		1.0
	],
	"intrinsic" : 
	{
		"height" : 1536,
		"intrinsic_matrix" : 
		[
			973.43609619140591,
			0.0,
			0.0,
			0.0,
			973.43609619140591,
			0.0,
			1023.5,
			767.5,
			1.0
		],
		"width" : 2048
	},
	"version_major" : 1,
	"version_minor" : 0
}