{
	"class_name" : "PinholeCameraParameters",
	"extrinsic" : 
	[
		-0.86657169752934182,
		0.22544809117509695,
		-0.44522651676042424,
		0.0,
		0.48416799305771152,
		0.16353646839589497,
		-0.85955638442342241,
		0.0,
		-0.1209745739384229,
		-0.96043166424795867,
		-0.25087082486872292,
		0.0,
		-0.10304363684861743,
		-0.23769568393163201,
		1.3738273207962917,
		1.0
	],
	"intrinsic" : 
	{
		"height" : 1536,
		"intrinsic_matrix" : 
		[
			973.43609619140591,
			0.0,
			0.0,
			0.0,
			973.43609619140591,
			0.0,
			1023.5,
			767.5,
			1.0
		],
		"width" : 2048
	},
	"version_major" : 1,
	"version_minor" : 0
}