{
	"class_name" : "PinholeCameraParameters",
	"extrinsic" : 
	[
		-0.36817345389583289,
		0.22544809117509698,
		-0.90200968178391427,
		0.0,
		0.92700982288745326,
		0.16353646839589497,
		-0.33750349890745024,
		0.0,
		0.071421958224245297,
		-0.96043166424795867,
		-0.26920238147778441,
		0.0,
		-0.011481015835630621,
		-0.23769568393163207,
		1.3314599276010679,
		1.0
	],
	"intrinsic" : 
	{
		"height" : 1536,
		"intrinsic_matrix" : 
		[
			973.43609619140591,
			0.0,
			0.0,
			0.0,
			973.43609619140591,
			0.0,
			1023.5,
			767.5,
			1.0
		],
		"width" : 2048
	},
	"version_major" : 1,
	"version_minor" : 0
}