{
	"class_name" : "PinholeCameraParameters",
	"extrinsic" : 
	[
		-0.7920390865402912,
		-0.52821327206413904,
		-0.30604709540807112,
		0.0,
		0.25280211594700769,
		-0.74012066921264485,
		0.6231472419717049,
		0.0,
		-0.55566642472362582,
		0.41618761901277479,
		0.71973793162187905,
		0.0,
		-0.21268030309627695,
		0.068369319615495083,
		1.6126190252690495,
		1.0
	],
	"intrinsic" : 
	{
		"height" : 1536,
		"intrinsic_matrix" : 
		[
			973.43609619140591,
			0.0,
			0.0,
			0.0,
			973.43609619140591,
			0.0,
			1023.5,
			767.5,
			1.0
		],
		"width" : 2048
	},
	"version_major" : 1,
	"version_minor" : 0
}