{
	"class_name" : "PinholeCameraParameters",
	"extrinsic" : 
	[
		0.17303636438002398,
		0.96122424919559313,
		-0.21472391427251844,
		0.0,
		0.96341664057164467,
		-0.11988556004808922,
		0.23969945590593789,
		0.0,
		0.20466263281749855,
		-0.24834531453265685,
		-0.94680399844840413,
		0.0,
		0.06804418347533242,
		0.012108638347499368,
		1.2064686940106233,
		1.0
	],
	"intrinsic" : 
	{
		"height" : 1536,
		"intrinsic_matrix" : 
		[
			973.43609619140591,
			0.0,
			0.0,
			0.0,
			973.43609619140591,
			0.0,
			1023.5,
			767.5,
			1.0
		],
		"width" : 2048
	},
	"version_major" : 1,
	"version_minor" : 0
}