{
	"class_name" : "PinholeCameraParameters",
	"extrinsic" : 
	[
		0.27374485786121239,
		0.96122424919559313,
		0.0333420988078569,
		0.0,
		0.30592749770556854,
		-0.1198855600480892,
		0.94447647860577522,
		0.0,
		0.91185093021949259,
		-0.24834531453265682,
		-0.32688298488529771,
		0.0,
		0.26508955548858198,
		0.012108638347499368,
		1.3914342976069092,
		1.0
	],
	"intrinsic" : 
	{
		"height" : 1536,
		"intrinsic_matrix" : 
		[
			973.43609619140591,
			0.0,
			0.0,
			0.0,
			973.43609619140591,
			0.0,
			1023.5,
			767.5,
			1.0
		],
		"width" : 2048
	},
	"version_major" : 1,
	"version_minor" : 0
}