{
	"class_name" : "PinholeCameraParameters",
	"extrinsic" : 
	[
		0.21495132801297048,
		0.96122424919559335,
		0.17275378242987502,
		0.0,
		-0.2384320401685022,
		-0.11988556004808923,
		0.96373109045679428,
		0.0,
		0.94707237780781373,
		-0.24834531453265682,
		0.20341709845322653,
		0.0,
		0.27001711859556354,
		0.012108638347499423,
		1.544085626812608,
		1.0
	],
	"intrinsic" : 
	{
		"height" : 1536,
		"intrinsic_matrix" : 
		[
			973.43609619140591,
			0.0,
			0.0,
			0.0,
			973.43609619140591,
			0.0,
			1023.5,
			767.5,
			1.0
		],
		"width" : 2048
	},
	"version_major" : 1,
	"version_minor" : 0
}