{
	"class_name" : "PinholeCameraParameters",
	"extrinsic" : 
	[
		0.026412655996836489,
		0.96122424919559335,
		0.27450011723414802,
		0.0,
		-0.85639535794112376,
		-0.11988556004808923,
		0.50220956122803018,
		0.0,
		0.51564460871814355,
		-0.24834531453265679,
		0.8200214888950097,
		0.0,
		0.14007464371269152,
		0.012108638347499368,
		1.7169587003138922,
		1.0
	],
	"intrinsic" : 
	{
		"height" : 1536,
		"intrinsic_matrix" : 
		[
			973.43609619140591,
			0.0,
			0.0,
			0.0,
			973.43609619140591,
			0.0,
			1023.5,
			767.5,
			1.0
		],
		"width" : 2048
	},
	"version_major" : 1,
	"version_minor" : 0
}