{
	"class_name" : "PinholeCameraParameters",
	"extrinsic" : 
	[
		-0.051239050594878668,
		0.96122424919559335,
		0.27096586953434504,
		0.0,
		-0.96252089370454097,
		-0.11988556004808923,
		0.24327141565372606,
		0.0,
		0.2663232788855443,
		-0.24834531453265682,
		0.93134124566311816,
		0.0,
		0.067378292422710928,
		0.012108638347499368,
		1.7464913841459513,
		1.0
	],
	"intrinsic" : 
	{
		"height" : 1536,
		"intrinsic_matrix" : 
		[
			973.43609619140591,
			0.0,
			0.0,
			0.0,
			973.43609619140591,
			0.0,
			1023.5,
			767.5,
			1.0
		],
		"width" : 2048
	},
	"version_major" : 1,
	"version_minor" : 0
}