{
	"class_name" : "PinholeCameraParameters",
	"extrinsic" : 
	[
		-0.1367648808899701,
		0.96122424919559335,
		0.23946463228109602,
		0.0,
		-0.98924807977245011,
		-0.11988556004808923,
		-0.083759710830902528,
		0.0,
		-0.051803513603545334,
		-0.24834531453265685,
		0.96728537708785989,
		0.0,
		-0.024342119202748064,
		0.012108638347499368,
		1.753702364748148,
		1.0
	],
	"intrinsic" : 
	{
		"height" : 1536,
		"intrinsic_matrix" : 
		[
			973.43609619140591,
			0.0,
			0.0,
			0.0,
			973.43609619140591,
			0.0,
			1023.5,
			767.5,
			1.0
		],
		"width" : 2048
	},
	"version_major" : 1,
	"version_minor" : 0
}