{
	"class_name" : "PinholeCameraParameters",
	"extrinsic" : 
	[
		-0.27190087392065665,
		0.96122424919559313,
		0.04602018600083474,
		0.0,
		-0.56230204077640733,
		-0.11988556004808926,
		-0.8181954946286637,
		0.0,
		-0.7809521942474269,
		-0.24834531453265682,
		0.57309534551399477,
		0.0,
		-0.22990320350617865,
		0.012108638347499423,
		1.6333537789128472,
		1.0
	],
	"intrinsic" : 
	{
		"height" : 1536,
		"intrinsic_matrix" : 
		[
			973.43609619140591,
			0.0,
			0.0,
			0.0,
			973.43609619140591,
			0.0,
			1023.5,
			767.5,
			1.0
		],
		"width" : 2048
	},
	"version_major" : 1,
	"version_minor" : 0
}