{
	"class_name" : "PinholeCameraParameters",
	"extrinsic" : 
	[
		-0.16403263843474689,
		0.96122424919559313,
		-0.22167822691122341,
		0.0,
		0.47535980202175915,
		-0.11988556004808924,
		-0.87158505672928444,
		0.0,
		-0.86436471014842431,
		-0.24834531453265682,
		-0.4372622240712159,
		0.0,
		-0.24397487843074983,
		0.012108638347499395,
		1.3423543332338375,
		1.0
	],
	"intrinsic" : 
	{
		"height" : 1536,
		"intrinsic_matrix" : 
		[
			973.43609619140591,
			0.0,
			0.0,
			0.0,
			973.43609619140591,
			0.0,
			1023.5,
			767.5,
			1.0
		],
		"width" : 2048
	},
	"version_major" : 1,
	"version_minor" : 0
}