{
	"class_name" : "PinholeCameraParameters",
	"extrinsic" : 
	[
		-0.14755395506252728,
		0.96122424919559313,
		-0.2329716143734552,
		0.0,
		0.53721042153159626,
		-0.11988556004808923,
		-0.83488467196960836,
		0.0,
		-0.83044132444336505,
		-0.24834531453265679,
		-0.49869009555677507,
		0.0,
		-0.23363079452640562,
		0.012108638347499368,
		1.3250436207980909,
		1.0
	],
	"intrinsic" : 
	{
		"height" : 1536,
		"intrinsic_matrix" : 
		[
			973.43609619140591,
			0.0,
			0.0,
			0.0,
			973.43609619140591,
			0.0,
			1023.5,
			767.5,
			1.0
		],
		"width" : 2048
	},
	"version_major" : 1,
	"version_minor" : 0
}