{
	"class_name" : "PinholeCameraParameters",
	"extrinsic" : 
	[
		-0.10918884626059872,
		0.96122424919559313,
		-0.25323060362177319,
		0.0,
		0.66150440249052733,
		-0.11988556004808922,
		-0.74029681748445109,
		0.0,
		-0.74194994530489045,
		-0.24834531453265679,
		-0.62276390663857994,
		0.0,
		-0.20700140107684734,
		0.012108638347499312,
		1.2902743385935471,
		1.0
	],
	"intrinsic" : 
	{
		"height" : 1536,
		"intrinsic_matrix" : 
		[
			973.43609619140591,
			0.0,
			0.0,
			0.0,
			973.43609619140591,
			0.0,
			1023.5,
			767.5,
			1.0
		],
		"width" : 2048
	},
	"version_major" : 1,
	"version_minor" : 0
}