{
	"class_name" : "PinholeCameraParameters",
	"extrinsic" : 
	[
		-0.29717099522615892,
		-0.52821327206413904,
		-0.79541193026732382,
		0.0,
		-0.29801229492172865,
		-0.74012066921264485,
		0.60283502476192552,
		0.0,
		-0.90712627107353627,
		0.41618761901277473,
		0.062528346441422911,
		0.0,
		-0.26574148722846935,
		0.068369319615495056,
		1.3976716938638498,
		1.0
	],
	"intrinsic" : 
	{
		"height" : 1536,
		"intrinsic_matrix" : 
		[
			973.43609619140591,
			0.0,
			0.0,
			0.0,
			973.43609619140591,
			0.0,
			1023.5,
			767.5,
			1.0
		],
		"width" : 2048
	},
	"version_major" : 1,
	"version_minor" : 0
}