{
	"class_name" : "PinholeCameraParameters",
	"extrinsic" : 
	[
		0.096582161368537423,
		0.88300755420441501,
		0.45931421197620137,
		0.0,
		0.98987392614065339,
		-0.03698336946512619,
		-0.13704685596501087,
		0.0,
		-0.10402642189496986,
		0.46789944389894611,
		-0.87763808824981315,
		0.0,
		-0.020454820206519619,
		0.19656474655251621,
		1.2799746123747702,
		1.0
	],
	"intrinsic" : 
	{
		"height" : 1536,
		"intrinsic_matrix" : 
		[
			973.43609619140591,
			0.0,
			0.0,
			0.0,
			973.43609619140591,
			0.0,
			1023.5,
			767.5,
			1.0
		],
		"width" : 2048
	},
	"version_major" : 1,
	"version_minor" : 0
}