{
	"class_name" : "PinholeCameraParameters",
	"extrinsic" : 
	[
		0.021470049757269852,
		0.88300755420441501,
		0.46886746120983636,
		0.0,
		0.99902996634208985,
		-0.03698336946512619,
		0.023903069541981486,
		0.0,
		0.038446889522342223,
		0.46789944389894611,
		-0.8829450419392556,
		0.0,
		0.011394980591548705,
		0.19656474655251627,
		1.279241454520011,
		1.0
	],
	"intrinsic" : 
	{
		"height" : 1536,
		"intrinsic_matrix" : 
		[
			973.43609619140591,
			0.0,
			0.0,
			0.0,
			973.43609619140591,
			0.0,
			1023.5,
			767.5,
			1.0
		],
		"width" : 2048
	},
	"version_major" : 1,
	"version_minor" : 0
}