{
	"class_name" : "PinholeCameraParameters",
	"extrinsic" : 
	[
		-0.064708028748152152,
		0.88300755420441512,
		0.46487689793478165,
		0.0,
		0.97777933241098203,
		-0.036983369465126183,
		0.20634875209930495,
		0.0,
		0.19940022097646418,
		0.46789944389894622,
		-0.86099341592929401,
		0.0,
		0.04728719982692442,
		0.19656474655251627,
		1.2846574096488914,
		1.0
	],
	"intrinsic" : 
	{
		"height" : 1536,
		"intrinsic_matrix" : 
		[
			973.43609619140591,
			0.0,
			0.0,
			0.0,
			973.43609619140591,
			0.0,
			1023.5,
			767.5,
			1.0
		],
		"width" : 2048
	},
	"version_major" : 1,
	"version_minor" : 0
}