{
	"class_name" : "PinholeCameraParameters",
	"extrinsic" : 
	[
		-0.10738608194662093,
		0.88300755420441501,
		0.4569090594659847,
		0.0,
		0.95452957529062976,
		-0.036983369465126162,
		0.29581331998153187,
		0.0,
		0.27810343273617427,
		0.46789944389894622,
		-0.83888532654911374,
		0.0,
		0.064801702288765528,
		0.19656474655251627,
		1.2898470484029254,
		1.0
	],
	"intrinsic" : 
	{
		"height" : 1536,
		"intrinsic_matrix" : 
		[
			973.43609619140591,
			0.0,
			0.0,
			0.0,
			973.43609619140591,
			0.0,
			1023.5,
			767.5,
			1.0
		],
		"width" : 2048
	},
	"version_major" : 1,
	"version_minor" : 0
}