{
	"class_name" : "PinholeCameraParameters",
	"extrinsic" : 
	[
		-0.41956356264905237,
		0.88300755420441501,
		0.2103902947266624,
		0.0,
		0.38466130336294752,
		-0.03698336946512612,
		0.92231660078203326,
		0.0,
		0.82219346786042602,
		0.46789944389894622,
		-0.32414196242804427,
		0.0,
		0.18473310832932277,
		0.19656474655251635,
		1.4065849832396253,
		1.0
	],
	"intrinsic" : 
	{
		"height" : 1536,
		"intrinsic_matrix" : 
		[
			973.43609619140591,
			0.0,
			0.0,
			0.0,
			973.43609619140591,
			0.0,
			1023.5,
			767.5,
			1.0
		],
		"width" : 2048
	},
	"version_major" : 1,
	"version_minor" : 0
}