{
	"class_name" : "PinholeCameraParameters",
	"extrinsic" : 
	[
		-0.46098243777274323,
		0.88300755420441501,
		-0.08827712774573121,
		0.0,
		-0.25583084167800635,
		-0.036983369465126162,
		0.96601387714117704,
		0.0,
		0.84973276535121434,
		0.46789944389894628,
		0.24294924961323716,
		0.0,
		0.1890848210492122,
		0.19656474655251632,
		1.5333781744959296,
		1.0
	],
	"intrinsic" : 
	{
		"height" : 1536,
		"intrinsic_matrix" : 
		[
			973.43609619140591,
			0.0,
			0.0,
			0.0,
			973.43609619140591,
			0.0,
			1023.5,
			767.5,
			1.0
		],
		"width" : 2048
	},
	"version_major" : 1,
	"version_minor" : 0
}