{
	"class_name" : "PinholeCameraParameters",
	"extrinsic" : 
	[
		-0.32297694001177568,
		0.88300755420441501,
		-0.34056358501543738,
		0.0,
		-0.77121490825142369,
		-0.036983369465126176,
		0.63549964254415936,
		0.0,
		0.54855579616970418,
		0.46789944389894628,
		0.69293336540224326,
		0.0,
		0.12036315807453901,
		0.19656474655251632,
		1.6329618220352025,
		1.0
	],
	"intrinsic" : 
	{
		"height" : 1536,
		"intrinsic_matrix" : 
		[
			973.43609619140591,
			0.0,
			0.0,
			0.0,
			973.43609619140591,
			0.0,
			1023.5,
			767.5,
			1.0
		],
		"width" : 2048
	},
	"version_major" : 1,
	"version_minor" : 0
}