{
	"class_name" : "PinholeCameraParameters",
	"extrinsic" : 
	[
		0.15451829248195509,
		0.88300755420441501,
		-0.44319494187817415,
		0.0,
		-0.91841477718505282,
		-0.036983369465126203,
		-0.3938864397654937,
		0.0,
		-0.36419554409216887,
		0.46789944389894628,
		0.80525257904738556,
		0.0,
		-0.083930504226002789,
		0.19656474655251638,
		1.6551579678158679,
		1.0
	],
	"intrinsic" : 
	{
		"height" : 1536,
		"intrinsic_matrix" : 
		[
			973.43609619140591,
			0.0,
			0.0,
			0.0,
			973.43609619140591,
			0.0,
			1023.5,
			767.5,
			1.0
		],
		"width" : 2048
	},
	"version_major" : 1,
	"version_minor" : 0
}