{
	"class_name" : "PinholeCameraParameters",
	"extrinsic" : 
	[
		0.43972448521504331,
		0.88300755420441501,
		-0.16413420216488189,
		0.0,
		-0.28342742216274885,
		-0.036983369465126197,
		-0.95828029654646718,
		0.0,
		-0.852238976736305,
		0.46789944389894628,
		0.23400606173882066,
		0.0,
		-0.19115987891718322,
		0.19656474655251635,
		1.5259735188176617,
		1.0
	],
	"intrinsic" : 
	{
		"height" : 1536,
		"intrinsic_matrix" : 
		[
			973.43609619140591,
			0.0,
			0.0,
			0.0,
			973.43609619140591,
			0.0,
			1023.5,
			767.5,
			1.0
		],
		"width" : 2048
	},
	"version_major" : 1,
	"version_minor" : 0
}