{
	"class_name" : "PinholeCameraParameters",
	"extrinsic" : 
	[
		0.43077349758861228,
		0.88300755420441501,
		0.18636483840362969,
		0.0,
		0.45968531891647002,
		-0.036983369465126231,
		-0.88731146614684819,
		0.0,
		-0.77661032786587203,
		0.46789944389894622,
		-0.42183706457721298,
		0.0,
		-0.17217875398568067,
		0.19656474655251635,
		1.3796781284208151,
		1.0
	],
	"intrinsic" : 
	{
		"height" : 1536,
		"intrinsic_matrix" : 
		[
			973.43609619140591,
			0.0,
			0.0,
			0.0,
			973.43609619140591,
			0.0,
			1023.5,
			767.5,
			1.0
		],
		"width" : 2048
	},
	"version_major" : 1,
	"version_minor" : 0
}