{
	"class_name" : "PinholeCameraParameters",
	"extrinsic" : 
	[
		0.29548584195118249,
		-0.52821327206413904,
		-0.79603948169779659,
		0.0,
		-0.61972983612088861,
		-0.74012066921264485,
		0.26106766407543319,
		0.0,
		-0.72706467898528626,
		0.41618761901277473,
		-0.54604470362095825,
		0.0,
		-0.16933840863715682,
		0.06836931961549525,
		1.2356478500540207,
		1.0
	],
	"intrinsic" : 
	{
		"height" : 1536,
		"intrinsic_matrix" : 
		[
			973.43609619140591,
			0.0,
			0.0,
			0.0,
			973.43609619140591,
			0.0,
			1023.5,
			767.5,
			1.0
		],
		"width" : 2048
	},
	"version_major" : 1,
	"version_minor" : 0
}