{
	"class_name" : "PinholeCameraParameters",
	"extrinsic" : 
	[
		0.070371011077054207,
		0.47954284731867891,
		0.87469227639524016,
		0.0,
		0.99605423513886526,
		0.013752513794640112,
		-0.087674563165483416,
		0.0,
		-0.054072927254987989,
		0.87741069400242799,
		-0.47668290570174043,
		0.0,
		-0.0092794088632878018,
		0.27283290706765068,
		1.4205953580229185,
		1.0
	],
	"intrinsic" : 
	{
		"height" : 1536,
		"intrinsic_matrix" : 
		[
			973.43609619140591,
			0.0,
			0.0,
			0.0,
			973.43609619140591,
			0.0,
			1023.5,
			767.5,
			1.0
		],
		"width" : 2048
	},
	"version_major" : 1,
	"version_minor" : 0
}