{
	"class_name" : "PinholeCameraParameters",
	"extrinsic" : 
	[
		-0.60432027630582852,
		0.47954284731867902,
		0.63626697323618908,
		0.0,
		0.73016190118256841,
		0.013752513794640098,
		0.68313575987923925,
		0.0,
		0.31884259707119522,
		0.8774106940024281,
		-0.35845484003298533,
		0.0,
		0.035355306672030795,
		0.27283290706765079,
		1.4322390744676454,
		1.0
	],
	"intrinsic" : 
	{
		"height" : 1536,
		"intrinsic_matrix" : 
		[
			973.43609619140591,
			0.0,
			0.0,
			0.0,
			973.43609619140591,
			0.0,
			1023.5,
			767.5,
			1.0
		],
		"width" : 2048
	},
	"version_major" : 1,
	"version_minor" : 0
}