{
	"class_name" : "PinholeCameraParameters",
	"extrinsic" : 
	[
		-0.77338526139093489,
		0.47954284731867908,
		0.41462500533466329,
		0.0,
		0.47906273754428585,
		0.013752513794640098,
		0.87767292419266474,
		0.0,
		0.41517963697639398,
		0.8774106940024281,
		-0.24036710068211797,
		0.0,
		0.047420824114760882,
		0.27283290706765073,
		1.4455559001759388,
		1.0
	],
	"intrinsic" : 
	{
		"height" : 1536,
		"intrinsic_matrix" : 
		[
			973.43609619140591,
			0.0,
			0.0,
			0.0,
			973.43609619140591,
			0.0,
			1023.5,
			767.5,
			1.0
		],
		"width" : 2048
	},
	"version_major" : 1,
	"version_minor" : 0
}