{
	"class_name" : "PinholeCameraParameters",
	"extrinsic" : 
	[
		-0.81804980687466378,
		0.47954284731867897,
		0.31754239253652344,
		0.0,
		0.36882572184757317,
		0.013752513794640098,
		0.92939682335800189,
		0.0,
		0.44131859282828995,
		0.87741069400242799,
		-0.18811797807289882,
		0.0,
		0.050817994661252662,
		0.27283290706765073,
		1.4515487813152068,
		1.0
	],
	"intrinsic" : 
	{
		"height" : 1536,
		"intrinsic_matrix" : 
		[
			973.43609619140591,
			0.0,
			0.0,
			0.0,
			973.43609619140591,
			0.0,
			1023.5,
			767.5,
			1.0
		],
		"width" : 2048
	},
	"version_major" : 1,
	"version_minor" : 0
}