{
	"class_name" : "PinholeCameraParameters",
	"extrinsic" : 
	[
		-0.84399498408985663,
		0.47954284731867902,
		0.24023139764955148,
		0.0,
		0.28095690298642578,
		0.013752513794640084,
		0.95962184584793842,
		0.0,
		0.4568760066970457,
		0.8774106940024281,
		-0.14633792589325126,
		0.0,
		0.052905185667235927,
		0.27283290706765073,
		1.4563735262965876,
		1.0
	],
	"intrinsic" : 
	{
		"height" : 1536,
		"intrinsic_matrix" : 
		[
			973.43609619140591,
			0.0,
			0.0,
			0.0,
			973.43609619140591,
			0.0,
			1023.5,
			767.5,
			1.0
		],
		"width" : 2048
	},
	"version_major" : 1,
	"version_minor" : 0
}