{
	"class_name" : "PinholeCameraParameters",
	"extrinsic" : 
	[
		-0.8743661191615395,
		0.47954284731867913,
		0.074313842908859451,
		0.0,
		0.092164379097555107,
		0.013752513794640098,
		0.99564883146111838,
		0.0,
		0.47643427341864353,
		0.8774106940024281,
		-0.056221500889134704,
		0.0,
		0.055758784390418065,
		0.27283290706765073,
		1.4668656517097314,
		1.0
	],
	"intrinsic" : 
	{
		"height" : 1536,
		"intrinsic_matrix" : 
		[
			973.43609619140591,
			0.0,
			0.0,
			0.0,
			973.43609619140591,
			0.0,
			1023.5,
			767.5,
			1.0
		],
		"width" : 2048
	},
	"version_major" : 1,
	"version_minor" : 0
}