{
	"class_name" : "PinholeCameraParameters",
	"extrinsic" : 
	[
		-0.68523285597196026,
		0.47954284731867908,
		-0.5481738690251523,
		0.0,
		-0.6187410911826472,
		0.01375251379464007,
		0.78547458930664038,
		0.0,
		0.38420748974820607,
		0.87741069400242799,
		0.28728919031449807,
		0.0,
		0.046997198239962068,
		0.27283290706765068,
		1.5078789747081265,
		1.0
	],
	"intrinsic" : 
	{
		"height" : 1536,
		"intrinsic_matrix" : 
		[
			973.43609619140591,
			0.0,
			0.0,
			0.0,
			973.43609619140591,
			0.0,
			1023.5,
			767.5,
			1.0
		],
		"width" : 2048
	},
	"version_major" : 1,
	"version_minor" : 0
}