{
	"class_name" : "PinholeCameraParameters",
	"extrinsic" : 
	[
		0.20309407618608871,
		0.47954284731867913,
		-0.85369283340298296,
		0.0,
		-0.97446875314312087,
		0.01375251379464007,
		-0.2241015785576258,
		0.0,
		-0.095725886602374646,
		0.87741069400242799,
		0.47009257458969406,
		0.0,
		-0.0084003252600435424,
		0.27283290706765073,
		1.5323368220239646,
		1.0
	],
	"intrinsic" : 
	{
		"height" : 1536,
		"intrinsic_matrix" : 
		[
			973.43609619140591,
			0.0,
			0.0,
			0.0,
			973.43609619140591,
			0.0,
			1023.5,
			767.5,
			1.0
		],
		"width" : 2048
	},
	"version_major" : 1,
	"version_minor" : 0
}