{
	"class_name" : "PinholeCameraParameters",
	"extrinsic" : 
	[
		0.47323583501036531,
		0.47954284731867919,
		-0.73897665866219098,
		0.0,
		-0.84607047815727354,
		0.013752513794640072,
		-0.53289362386413563,
		0.0,
		-0.24538253901360804,
		0.87741069400242799,
		0.41223522847691335,
		0.0,
		-0.026376512283251996,
		0.27283290706765068,
		1.5264381242042997,
		1.0
	],
	"intrinsic" : 
	{
		"height" : 1536,
		"intrinsic_matrix" : 
		[
			973.43609619140591,
			0.0,
			0.0,
			0.0,
			973.43609619140591,
			0.0,
			1023.5,
			767.5,
			1.0
		],
		"width" : 2048
	},
	"version_major" : 1,
	"version_minor" : 0
}