{
	"class_name" : "PinholeCameraParameters",
	"extrinsic" : 
	[
		0.53509387440595013,
		0.47954284731867919,
		-0.69549493395618878,
		0.0,
		-0.79705556042415548,
		0.013752513794640096,
		-0.60374937015392716,
		0.0,
		-0.27995888835713861,
		0.87741069400242799,
		0.38958117880618026,
		0.0,
		-0.030586425319186261,
		0.27283290706765057,
		1.523981738412882,
		1.0
	],
	"intrinsic" : 
	{
		"height" : 1536,
		"intrinsic_matrix" : 
		[
			973.43609619140591,
			0.0,
			0.0,
			0.0,
			973.43609619140591,
			0.0,
			1023.5,
			767.5,
			1.0
		],
		"width" : 2048
	},
	"version_major" : 1,
	"version_minor" : 0
}