{
	"class_name" : "PinholeCameraParameters",
	"extrinsic" : 
	[
		0.6852158028332298,
		-0.52821327206413915,
		-0.5014678880675294,
		0.0,
		-0.66101273650216885,
		-0.74012066921264497,
		-0.1236266847656332,
		0.0,
		-0.3058454932306946,
		0.41618761901277485,
		-0.85629807897189092,
		0.0,
		-0.025350382636957158,
		0.068369319615495194,
		1.1771695270976303,
		1.0
	],
	"intrinsic" : 
	{
		"height" : 1536,
		"intrinsic_matrix" : 
		[
			973.43609619140591,
			0.0,
			0.0,
			0.0,
			973.43609619140591,
			0.0,
			1023.5,
			767.5,
			1.0
		],
		"width" : 2048
	},
	"version_major" : 1,
	"version_minor" : 0
}