{
	"class_name" : "PinholeCameraParameters",
	"extrinsic" : 
	[
		0.82197551800728419,
		0.48392127551082453,
		0.30029393417888706,
		0.0,
		-0.35711760974353951,
		0.84868379821013107,
		-0.39013180268556252,
		0.0,
		-0.44364767621133566,
		0.21343853860913289,
		0.87041411387263234,
		0.0,
		-0.05112622426637492,
		0.0957492008063629,
		1.7330205408840473,
		1.0
	],
	"intrinsic" : 
	{
		"height" : 1536,
		"intrinsic_matrix" : 
		[
			973.43609619140591,
			0.0,
			0.0,
			0.0,
			973.43609619140591,
			0.0,
			1023.5,
			767.5,
			1.0
		],
		"width" : 2048
	},
	"version_major" : 1,
	"version_minor" : 0
}