{
	"class_name" : "PinholeCameraParameters",
	"extrinsic" : 
	[
		0.59470018254862511,
		0.48392127551082448,
		0.64199057001221493,
		0.0,
		-0.14000093512715325,
		0.84868379821013107,
		-0.51003485059272979,
		0.0,
		-0.79166371082686016,
		0.21343853860913292,
		0.57246184082106566,
		0.0,
		-0.16249225807423806,
		0.095749200806362816,
		1.681496598785678,
		1.0
	],
	"intrinsic" : 
	{
		"height" : 1536,
		"intrinsic_matrix" : 
		[
			973.43609619140591,
			0.0,
			0.0,
			0.0,
			973.43609619140591,
			0.0,
			1023.5,
			767.5,
			1.0
		],
		"width" : 2048
	},
	"version_major" : 1,
	"version_minor" : 0
}