{
	"class_name" : "PinholeCameraParameters",
	"extrinsic" : 
	[
		0.30771827689554349,
		0.48392127551082453,
		0.81922503695408044,
		0.0,
		0.063298779948069067,
		0.84868379821013107,
		-0.52509910979996111,
		0.0,
		-0.94936964693501946,
		0.21343853860913292,
		0.2305238896836381,
		0.0,
		-0.22799323023982598,
		0.095749200806362872,
		1.6048054732378871,
		1.0
	],
	"intrinsic" : 
	{
		"height" : 1536,
		"intrinsic_matrix" : 
		[
			973.43609619140591,
			0.0,
			0.0,
			0.0,
			973.43609619140591,
			0.0,
			1023.5,
			767.5,
			1.0
		],
		"width" : 2048
	},
	"version_major" : 1,
	"version_minor" : 0
}