{
	"class_name" : "PinholeCameraParameters",
	"extrinsic" : 
	[
		0.26645263398589442,
		0.48392127551082459,
		0.83356055145979391,
		0.0,
		0.089424222709175341,
		0.84868379821013107,
		-0.5212860242213343,
		0.0,
		-0.95969073259818383,
		0.21343853860913292,
		0.18285974953925457,
		0.0,
		-0.23411722166631976,
		0.095749200806362914,
		1.5932678091713242,
		1.0
	],
	"intrinsic" : 
	{
		"height" : 1536,
		"intrinsic_matrix" : 
		[
			973.43609619140591,
			0.0,
			0.0,
			0.0,
			973.43609619140591,
			0.0,
			1023.5,
			767.5,
			1.0
		],
		"width" : 2048
	},
	"version_major" : 1,
	"version_minor" : 0
}