{
	"class_name" : "PinholeCameraParameters",
	"extrinsic" : 
	[
		-0.097623337604386781,
		0.48392127551082453,
		0.86964928739288738,
		0.0,
		0.29473001860423209,
		0.84868379821013107,
		-0.43916970158376678,
		0.0,
		-0.95058082249145404,
		0.21343853860913295,
		-0.22547747148632991,
		0.0,
		-0.26143840583189543,
		0.095749200806362803,
		1.487338467734465,
		1.0
	],
	"intrinsic" : 
	{
		"height" : 1536,
		"intrinsic_matrix" : 
		[
			973.43609619140591,
			0.0,
			0.0,
			0.0,
			973.43609619140591,
			0.0,
			1023.5,
			767.5,
			1.0
		],
		"width" : 2048
	},
	"version_major" : 1,
	"version_minor" : 0
}