{
	"class_name" : "PinholeCameraParameters",
	"extrinsic" : 
	[
		-0.80476955575826192,
		0.48392127551082453,
		0.34375305268844769,
		0.0,
		0.5273899862599134,
		0.84868379821013107,
		0.039945125464742992,
		0.0,
		-0.27240735033662072,
		0.21343853860913292,
		-0.93821011810733501,
		0.0,
		-0.13839543849880331,
		0.095749200806362872,
		1.2543234309500242,
		1.0
	],
	"intrinsic" : 
	{
		"height" : 1536,
		"intrinsic_matrix" : 
		[
			973.43609619140591,
			0.0,
			0.0,
			0.0,
			973.43609619140591,
			0.0,
			1023.5,
			767.5,
			1.0
		],
		"width" : 2048
	},
	"version_major" : 1,
	"version_minor" : 0
}