{
	"class_name" : "PinholeCameraParameters",
	"extrinsic" : 
	[
		-0.86424857486972739,
		0.48392127551082453,
		0.13745762963045044,
		0.0,
		0.50179182403188116,
		0.84868379821013107,
		0.16715494605420225,
		0.0,
		-0.035768228505239502,
		0.21343853860913289,
		-0.97630150264454418,
		0.0,
		-0.080158694402340344,
		0.095749200806362844,
		1.2273095139166899,
		1.0
	],
	"intrinsic" : 
	{
		"height" : 1536,
		"intrinsic_matrix" : 
		[
			973.43609619140591,
			0.0,
			0.0,
			0.0,
			973.43609619140591,
			0.0,
			1023.5,
			767.5,
			1.0
		],
		"width" : 2048
	},
	"version_major" : 1,
	"version_minor" : 0
}