{
	"class_name" : "PinholeCameraParameters",
	"extrinsic" : 
	[
		-0.82643017281223619,
		0.48392127551082453,
		-0.28780786746285125,
		0.0,
		0.36298650351108258,
		0.84868379821013107,
		0.38467727892926629,
		0.0,
		0.43041139359261427,
		0.21343853860913287,
		-0.87703478979004112,
		0.0,
		0.047232916185190876,
		0.095749200806362955,
		1.2190275162516113,
		1.0
	],
	"intrinsic" : 
	{
		"height" : 1536,
		"intrinsic_matrix" : 
		[
			973.43609619140591,
			0.0,
			0.0,
			0.0,
			973.43609619140591,
			0.0,
			1023.5,
			767.5,
			1.0
		],
		"width" : 2048
	},
	"version_major" : 1,
	"version_minor" : 0
}