{
	"class_name" : "PinholeCameraParameters",
	"extrinsic" : 
	[
		-0.80601973127211923,
		0.48392127551082453,
		-0.34081137291469216,
		0.0,
		0.33726835132707444,
		0.84868379821013118,
		0.40741363483411142,
		0.0,
		0.48639721626787474,
		0.21343853860913281,
		-0.84726721773196212,
		0.0,
		0.063828702360112621,
		0.095749200806362955,
		1.2226335412140483,
		1.0
	],
	"intrinsic" : 
	{
		"height" : 1536,
		"intrinsic_matrix" : 
		[
			973.43609619140591,
			0.0,
			0.0,
			0.0,
			973.43609619140591,
			0.0,
			1023.5,
			767.5,
			1.0
		],
		"width" : 2048
	},
	"version_major" : 1,
	"version_minor" : 0
}