{
	"class_name" : "PinholeCameraParameters",
	"extrinsic" : 
	[
		-0.3346940056208132,
		0.48392127551082453,
		-0.80857907573067456,
		0.0,
		-0.045865071294494845,
		0.84868379821013107,
		0.52690815697878179,
		0.0,
		0.94121002854657576,
		0.21343853860913284,
		-0.26185429612620786,
		0.0,
		0.22361325976467467,
		0.095749200806362803,
		1.3405036623210851,
		1.0
	],
	"intrinsic" : 
	{
		"height" : 1536,
		"intrinsic_matrix" : 
		[
			973.43609619140591,
			0.0,
			0.0,
			0.0,
			973.43609619140591,
			0.0,
			1023.5,
			767.5,
			1.0
		],
		"width" : 2048
	},
	"version_major" : 1,
	"version_minor" : 0
}