{
	"class_name" : "PinholeCameraParameters",
	"extrinsic" : 
	[
		0.77496476961006933,
		-0.52821327206413904,
		-0.3470163469903228,
		0.0,
		-0.62052092928577252,
		-0.74012066921264485,
		-0.25918173416070073,
		0.0,
		-0.11993073910192348,
		0.41618761901277485,
		-0.90133483434234574,
		0.0,
		0.031472555301340799,
		0.068369319615495194,
		1.1778171038566969,
		1.0
	],
	"intrinsic" : 
	{
		"height" : 1536,
		"intrinsic_matrix" : 
		[
			973.43609619140591,
			0.0,
			0.0,
			0.0,
			973.43609619140591,
			0.0,
			1023.5,
			767.5,
			1.0
		],
		"width" : 2048
	},
	"version_major" : 1,
	"version_minor" : 0
}