{
	"class_name" : "PinholeCameraParameters",
	"extrinsic" : 
	[
		0.49235023589812005,
		0.86638760603032927,
		-0.083449154148502847,
		0.0,
		-0.46567472156739265,
		0.34320001920193599,
		0.81569651250506292,
		0.0,
		0.73534910002270137,
		-0.36274820873000307,
		0.57242941762192601,
		0.0,
		0.2363042578736344,
		-0.026372561733783106,
		1.6216634065484681,
		1.0
	],
	"intrinsic" : 
	{
		"height" : 1536,
		"intrinsic_matrix" : 
		[
			973.43609619140591,
			0.0,
			0.0,
			0.0,
			973.43609619140591,
			0.0,
			1023.5,
			767.5,
			1.0
		],
		"width" : 2048
	},
	"version_major" : 1,
	"version_minor" : 0
}