{
	"class_name" : "PinholeCameraParameters",
	"extrinsic" : 
	[
		0.30200458656148776,
		0.86638760603032927,
		0.39770057306076378,
		0.0,
		-0.93861384291571681,
		0.34320001920193599,
		-0.03489700140099522,
		0.0,
		-0.16672517381252039,
		-0.36274820873000307,
		0.91685138025765056,
		0.0,
		-0.019293553055145629,
		-0.026372561733783106,
		1.7531092522495129,
		1.0
	],
	"intrinsic" : 
	{
		"height" : 1536,
		"intrinsic_matrix" : 
		[
			973.43609619140591,
			0.0,
			0.0,
			0.0,
			973.43609619140591,
			0.0,
			1023.5,
			767.5,
			1.0
		],
		"width" : 2048
	},
	"version_major" : 1,
	"version_minor" : 0
}