{
	"class_name" : "PinholeCameraParameters",
	"extrinsic" : 
	[
		0.047772829204900773,
		0.86638760603032927,
		0.49708175676320537,
		0.0,
		-0.78003982004200489,
		0.34320001920193605,
		-0.52321279224482597,
		0.0,
		-0.62390354698350303,
		-0.36274820873000313,
		0.69221246819497417,
		0.0,
		-0.16190851613713386,
		-0.026372561733783217,
		1.7016248644247489,
		1.0
	],
	"intrinsic" : 
	{
		"height" : 1536,
		"intrinsic_matrix" : 
		[
			973.43609619140591,
			0.0,
			0.0,
			0.0,
			973.43609619140591,
			0.0,
			1023.5,
			767.5,
			1.0
		],
		"width" : 2048
	},
	"version_major" : 1,
	"version_minor" : 0
}