{
	"class_name" : "PinholeCameraParameters",
	"extrinsic" : 
	[
		-0.39278191398850376,
		0.86638760603032927,
		0.30837458416763663,
		0.0,
		0.019766063001922213,
		0.34320001920193605,
		-0.93905433792363413,
		0.0,
		-0.91941920297377511,
		-0.36274820873000313,
		-0.15192783242790772,
		0.0,
		-0.27698769977928273,
		-0.026372561733783086,
		1.4615649134804731,
		1.0
	],
	"intrinsic" : 
	{
		"height" : 1536,
		"intrinsic_matrix" : 
		[
			973.43609619140591,
			0.0,
			0.0,
			0.0,
			973.43609619140591,
			0.0,
			1023.5,
			767.5,
			1.0
		],
		"width" : 2048
	},
	"version_major" : 1,
	"version_minor" : 0
}