{
	"class_name" : "PinholeCameraParameters",
	"extrinsic" : 
	[
		-0.46973863284559714,
		0.86638760603032916,
		0.16946425265932788,
		0.0,
		0.31359199211378774,
		0.3432000192019361,
		-0.88536648304636922,
		0.0,
		-0.82523068247275888,
		-0.36274820873000319,
		-0.43290652313024652,
		0.0,
		-0.25832562698834693,
		-0.026372561733783217,
		1.3753518348992742,
		1.0
	],
	"intrinsic" : 
	{
		"height" : 1536,
		"intrinsic_matrix" : 
		[
			973.43609619140591,
			0.0,
			0.0,
			0.0,
			973.43609619140591,
			0.0,
			1023.5,
			767.5,
			1.0
		],
		"width" : 2048
	},
	"version_major" : 1,
	"version_minor" : 0
}