{
	"class_name" : "PinholeCameraParameters",
	"extrinsic" : 
	[
		-0.49526638741121887,
		0.86638760603032916,
		0.063904003142805199,
		0.0,
		0.49758308703117571,
		0.3432000192019361,
		-0.79663342782004587,
		0.0,
		-0.71212518351843579,
		-0.36274820873000319,
		-0.60107525324372513,
		0.0,
		-0.23037175639726032,
		-0.026372561733783134,
		1.3218940635453724,
		1.0
	],
	"intrinsic" : 
	{
		"height" : 1536,
		"intrinsic_matrix" : 
		[
			973.43609619140591,
			0.0,
			0.0,
			0.0,
			973.43609619140591,
			0.0,
			1023.5,
			767.5,
			1.0
		],
		"width" : 2048
	},
	"version_major" : 1,
	"version_minor" : 0
}