{
	"class_name" : "PinholeCameraParameters",
	"extrinsic" : 
	[
		-0.32605347873321733,
		0.86638760603032916,
		-0.37823490733009119,
		0.0,
		0.93897340243844463,
		0.34320001920193616,
		-0.023295843684258192,
		0.0,
		0.10962699721846861,
		-0.36274820873000319,
		-0.92541647842689512,
		0.0,
		0.0021204381554682517,
		-0.026372561733783106,
		1.1990201464256314,
		1.0
	],
	"intrinsic" : 
	{
		"height" : 1536,
		"intrinsic_matrix" : 
		[
			973.43609619140591,
			0.0,
			0.0,
			0.0,
			973.43609619140591,
			0.0,
			1023.5,
			767.5,
			1.0
		],
		"width" : 2048
	},
	"version_major" : 1,
	"version_minor" : 0
}