{
	"class_name" : "PinholeCameraParameters",
	"extrinsic" : 
	[
		0.070274590590047148,
		0.86638760603032916,
		-0.49440266790788712,
		0.0,
		0.63538652815133601,
		0.3432000192019361,
		0.69173528655373828,
		0.0,
		0.76898988404347224,
		-0.36274820873000319,
		-0.52637277218904588,
		0.0,
		0.21026469127959629,
		-0.026372561733783134,
		1.2954796511392754,
		1.0
	],
	"intrinsic" : 
	{
		"height" : 1536,
		"intrinsic_matrix" : 
		[
			973.43609619140591,
			0.0,
			0.0,
			0.0,
			973.43609619140591,
			0.0,
			1023.5,
			767.5,
			1.0
		],
		"width" : 2048
	},
	"version_major" : 1,
	"version_minor" : 0
}