{
	"class_name" : "PinholeCameraParameters",
	"extrinsic" : 
	[
		0.333823368350748,
		0.86638760603032916,
		-0.37139530807482762,
		0.0,
		0.14220703436143459,
		0.34320001920193605,
		0.92843465370370393,
		0.0,
		0.93184715384073946,
		-0.36274820873000324,
		-0.0086382256330443941,
		0.0,
		0.27540504054111792,
		-0.026372561733783301,
		1.4433174467537018,
		1.0
	],
	"intrinsic" : 
	{
		"height" : 1536,
		"intrinsic_matrix" : 
		[
			973.43609619140591,
			0.0,
			0.0,
			0.0,
			973.43609619140591,
			0.0,
			1023.5,
			767.5,
			1.0
		],
		"width" : 2048
	},
	"version_major" : 1,
	"version_minor" : 0
}