{
	"class_name" : "PinholeCameraParameters",
	"extrinsic" : 
	[
		0.40051643679744642,
		0.86638760603032916,
		-0.29826012132384105,
		0.0,
		-0.043701415628526523,
		0.34320001920193605,
		0.93824513486180872,
		0.0,
		0.91524683562803977,
		-0.36274820873000324,
		0.1753196136661101,
		0.0,
		0.2765195186688324,
		-0.02637256173378319,
		1.4982853314132152,
		1.0
	],
	"intrinsic" : 
	{
		"height" : 1536,
		"intrinsic_matrix" : 
		[
			973.43609619140591,
			0.0,
			0.0,
			0.0,
			973.43609619140591,
			0.0,
			1023.5,
			767.5,
			1.0
		],
		"width" : 2048
	},
	"version_major" : 1,
	"version_minor" : 0
}