{
	"class_name" : "PinholeCameraParameters",
	"extrinsic" : 
	[
		0.83496437579056171,
		-0.52821327206413904,
		0.1543542366635054,
		0.0,
		-0.36364122235431773,
		-0.74012066921264485,
		-0.56567345386617218,
		0.0,
		0.41303698692167418,
		0.41618761901277479,
		-0.81005451249600613,
		0.0,
		0.17823058994224683,
		0.068369319615495361,
		1.2431236973954187,
		1.0
	],
	"intrinsic" : 
	{
		"height" : 1536,
		"intrinsic_matrix" : 
		[
			973.43609619140591,
			0.0,
			0.0,
			0.0,
			973.43609619140591,
			0.0,
			1023.5,
			767.5,
			1.0
		],
		"width" : 2048
	},
	"version_major" : 1,
	"version_minor" : 0
}