{
	"class_name" : "PinholeCameraParameters",
	"extrinsic" : 
	[
		0.49382943312831146,
		0.8622256183543564,
		0.11269194305547459,
		0.0,
		-0.69675564754319119,
		0.31481894763946883,
		0.64453130088758748,
		0.0,
		0.52025384053636636,
		-0.3968072747072881,
		0.75622743149566851,
		0.0,
		0.17924263205980251,
		-0.035770579041125794,
		1.6867063640452777,
		1.0
	],
	"intrinsic" : 
	{
		"height" : 1536,
		"intrinsic_matrix" : 
		[
			973.43609619140591,
			0.0,
			0.0,
			0.0,
			973.43609619140591,
			0.0,
			1023.5,
			767.5,
			1.0
		],
		"width" : 2048
	},
	"version_major" : 1,
	"version_minor" : 0
}