{
	"class_name" : "PinholeCameraParameters",
	"extrinsic" : 
	[
		0.3704055204379636,
		0.86222561835435652,
		0.34549491093578955,
		0.0,
		-0.92622832271935251,
		0.31481894763946883,
		0.20734059997905008,
		0.0,
		0.070006032751302474,
		-0.39680727470728805,
		0.91522846443814154,
		0.0,
		0.049351005390634972,
		-0.035770579041125794,
		1.7482836897683542,
		1.0
	],
	"intrinsic" : 
	{
		"height" : 1536,
		"intrinsic_matrix" : 
		[
			973.43609619140591,
			0.0,
			0.0,
			0.0,
			973.43609619140591,
			0.0,
			1023.5,
			767.5,
			1.0
		],
		"width" : 2048
	},
	"version_major" : 1,
	"version_minor" : 0
}