{
	"class_name" : "PinholeCameraParameters",
	"extrinsic" : 
	[
		0.32579623687709813,
		0.8622256183543564,
		0.38784506583192419,
		0.0,
		-0.94453108412637399,
		0.31481894763946883,
		0.093541762471284637,
		0.0,
		-0.041446871483607151,
		-0.3968072747072881,
		0.91696572650432051,
		0.0,
		0.016031122602649842,
		-0.035770579041125905,
		1.7522609035844083,
		1.0
	],
	"intrinsic" : 
	{
		"height" : 1536,
		"intrinsic_matrix" : 
		[
			973.43609619140591,
			0.0,
			0.0,
			0.0,
			973.43609619140591,
			0.0,
			1023.5,
			767.5,
			1.0
		],
		"width" : 2048
	},
	"version_major" : 1,
	"version_minor" : 0
}