{
	"class_name" : "PinholeCameraParameters",
	"extrinsic" : 
	[
		-0.18193223881279491,
		0.8622256183543564,
		0.47272364393375965,
		0.0,
		-0.5386335746711467,
		0.31481894763946883,
		-0.78151321322429335,
		0.0,
		-0.82266307363193747,
		-0.3968072747072881,
		0.40714795102251022,
		0.0,
		-0.23371176718816888,
		-0.035770579041126016,
		1.6238311098812512,
		1.0
	],
	"intrinsic" : 
	{
		"height" : 1536,
		"intrinsic_matrix" : 
		[
			973.43609619140591,
			0.0,
			0.0,
			0.0,
			973.43609619140591,
			0.0,
			1023.5,
			767.5,
			1.0
		],
		"width" : 2048
	},
	"version_major" : 1,
	"version_minor" : 0
}