{
	"class_name" : "PinholeCameraParameters",
	"extrinsic" : 
	[
		-0.36931924105684427,
		0.8622256183543564,
		0.34665585418198896,
		0.0,
		-0.14540342266693362,
		0.31481894763946888,
		-0.93794822612120687,
		0.0,
		-0.91785682045836414,
		-0.3968072747072881,
		0.0091018612073136551,
		0.0,
		-0.27456328841912014,
		-0.035770579041126016,
		1.5075917614417287,
		1.0
	],
	"intrinsic" : 
	{
		"height" : 1536,
		"intrinsic_matrix" : 
		[
			973.43609619140591,
			0.0,
			0.0,
			0.0,
			973.43609619140591,
			0.0,
			1023.5,
			767.5,
			1.0
		],
		"width" : 2048
	},
	"version_major" : 1,
	"version_minor" : 0
}