{
	"class_name" : "PinholeCameraParameters",
	"extrinsic" : 
	[
		-0.4917112830848685,
		0.86222561835435652,
		-0.12160179743934765,
		0.0,
		0.70829467662341272,
		0.31481894763946888,
		-0.63182883859009853,
		0.0,
		-0.50649646114653935,
		-0.39680727470728805,
		-0.76550984421195212,
		0.0,
		-0.1754110023018452,
		-0.035770579041126016,
		1.2628804547514016,
		1.0
	],
	"intrinsic" : 
	{
		"height" : 1536,
		"intrinsic_matrix" : 
		[
			973.43609619140591,
			0.0,
			0.0,
			0.0,
			973.43609619140591,
			0.0,
			1023.5,
			767.5,
			1.0
		],
		"width" : 2048
	},
	"version_major" : 1,
	"version_minor" : 0
}