{
	"class_name" : "PinholeCameraParameters",
	"extrinsic" : 
	[
		-0.22116196225509085,
		0.8622256183543564,
		-0.45569108999949248,
		0.0,
		0.93876007372486203,
		0.31481894763946883,
		0.1400662492796505,
		0.0,
		0.26422889779804476,
		-0.39680727470728799,
		-0.87904896126882792,
		0.0,
		0.051855436356298468,
		-0.035770579041125905,
		1.2049759227908412,
		1.0
	],
	"intrinsic" : 
	{
		"height" : 1536,
		"intrinsic_matrix" : 
		[
			973.43609619140591,
			0.0,
			0.0,
			0.0,
			973.43609619140591,
			0.0,
			1023.5,
			767.5,
			1.0
		],
		"width" : 2048
	},
	"version_major" : 1,
	"version_minor" : 0
}