{
	"class_name" : "PinholeCameraParameters",
	"extrinsic" : 
	[
		0.29049971370284855,
		0.86222561835435652,
		-0.41494204341330704,
		0.0,
		0.33440521729954287,
		0.31481894763946883,
		0.88829172057946315,
		0.0,
		0.8965394954944309,
		-0.39680727470728805,
		-0.19687793110952354,
		0.0,
		0.26235560342616215,
		-0.035770579041125836,
		1.3896343524434991,
		1.0
	],
	"intrinsic" : 
	{
		"height" : 1536,
		"intrinsic_matrix" : 
		[
			973.43609619140591,
			0.0,
			0.0,
			0.0,
			973.43609619140591,
			0.0,
			1023.5,
			767.5,
			1.0
		],
		"width" : 2048
	},
	"version_major" : 1,
	"version_minor" : 0
}