{
	"class_name" : "PinholeCameraParameters",
	"extrinsic" : 
	[
		0.3694401354085588,
		0.86222561835435652,
		-0.34652701107237444,
		0.0,
		0.14507624866786845,
		0.31481894763946877,
		0.93799888714200319,
		0.0,
		0.91785993943616728,
		-0.39680727470728805,
		-0.008781703571077909,
		0.0,
		0.27457415290066978,
		-0.035770579041125961,
		1.4452971021522354,
		1.0
	],
	"intrinsic" : 
	{
		"height" : 1536,
		"intrinsic_matrix" : 
		[
			973.43609619140591,
			0.0,
			0.0,
			0.0,
			973.43609619140591,
			0.0,
			1023.5,
			767.5,
			1.0
		],
		"width" : 2048
	},
	"version_major" : 1,
	"version_minor" : 0
}