{
	"class_name" : "PinholeCameraParameters",
	"extrinsic" : 
	[
		0.4286487189050463,
		0.8622256183543564,
		-0.26986526051811555,
		0.0,
		-0.036131058070288352,
		0.31481894763946877,
		0.94846379838658001,
		0.0,
		0.90274848237135474,
		-0.39680727470728799,
		0.16609986247914466,
		0.0,
		0.27547354504480004,
		-0.035770579041125766,
		1.4981328474266211,
		1.0
	],
	"intrinsic" : 
	{
		"height" : 1536,
		"intrinsic_matrix" : 
		[
			973.43609619140591,
			0.0,
			0.0,
			0.0,
			973.43609619140591,
			0.0,
			1023.5,
			767.5,
			1.0
		],
		"width" : 2048
	},
	"version_major" : 1,
	"version_minor" : 0
}