{
	"class_name" : "PinholeCameraParameters",
	"extrinsic" : 
	[
		0.73709482525643022,
		-0.0,
		0.67578933002836961,
		0.0,
		-0.0,
		-1.0,
		-0.0,
		0.0,
		0.67578933002836961,
		-0.0,
		-0.73709482525643022,
		0.0,
		0.24006934079929199,
		0.00059831142425537109,
		1.3046589532571127,
		1.0
	],
	"intrinsic" : 
	{
		"height" : 1536,
		"intrinsic_matrix" : 
		[
			973.43609619140591,
			0.0,
			0.0,
			0.0,
			973.43609619140591,
			0.0,
			1023.5,
			767.5,
			1.0
		],
		"width" : 2048
	},
	"version_major" : 1,
	"version_minor" : 0
}