{
	"class_name" : "PinholeCameraParameters",
	"extrinsic" : 
	[
		0.5121422412689286,
		-0.85414802635898546,
		0.090230115677020786,
		0.0,
		0.11325481332846325,
		-0.036978236905871646,
		-0.99287761443859146,
		0.0,
		0.85140100538228969,
		0.51871356167193394,
		0.077798258153015679,
		0.0,
		0.26849482737128416,
		0.068748175088140018,
		1.474763198515284,
		1.0
	],
	"intrinsic" : 
	{
		"height" : 1536,
		"intrinsic_matrix" : 
		[
			973.43609619140591,
			0.0,
			0.0,
			0.0,
			973.43609619140591,
			0.0,
			1023.5,
			767.5,
			1.0
		],
		"width" : 2048
	},
	"version_major" : 1,
	"version_minor" : 0
}