{
	"class_name" : "PinholeCameraParameters",
	"extrinsic" : 
	[
		0.47082404354063967,
		0.88182608625475167,
		-0.026598376354003882,
		0.0,
		-0.20923156018865743,
		0.14090021021277999,
		0.96766176166210816,
		0.0,
		0.85705710092447285,
		-0.4500332036223792,
		0.25084505455024647,
		0.0,
		0.26683286085304819,
		-0.048255626584091549,
		1.5706457352592693,
		1.0
	],
	"intrinsic" : 
	{
		"height" : 1536,
		"intrinsic_matrix" : 
		[
			973.43609619140591,
			0.0,
			0.0,
			0.0,
			973.43609619140591,
			0.0,
			1023.5,
			767.5,
			1.0
		],
		"width" : 2048
	},
	"version_major" : 1,
	"version_minor" : 0
}