{
	"class_name" : "PinholeCameraParameters",
	"extrinsic" : 
	[
		0.27230670649847089,
		0.88182608625475156,
		0.38500884560823151,
		0.0,
		-0.93128054128974558,
		0.14090021021277996,
		0.3359519075359938,
		0.0,
		0.24200332851230405,
		-0.4500332036223792,
		0.85959554711872732,
		0.0,
		0.087206585713407947,
		-0.04825562658409166,
		1.7667420387140749,
		1.0
	],
	"intrinsic" : 
	{
		"height" : 1536,
		"intrinsic_matrix" : 
		[
			973.43609619140591,
			0.0,
			0.0,
			0.0,
			973.43609619140591,
			0.0,
			1023.5,
			767.5,
			1.0
		],
		"width" : 2048
	},
	"version_major" : 1,
	"version_minor" : 0
}