{
	"class_name" : "PinholeCameraParameters",
	"extrinsic" : 
	[
		-0.1381614287039378,
		0.88182608625475167,
		0.45088155120731449,
		0.0,
		-0.83524994693335208,
		0.14090021021277993,
		-0.53151167147093492,
		0.0,
		-0.53223016239811083,
		-0.45003320362237925,
		0.71707821740104405,
		0.0,
		-0.1525757150522572,
		-0.048255626584091549,
		1.7346422027526343,
		1.0
	],
	"intrinsic" : 
	{
		"height" : 1536,
		"intrinsic_matrix" : 
		[
			973.43609619140591,
			0.0,
			0.0,
			0.0,
			973.43609619140591,
			0.0,
			1023.5,
			767.5,
			1.0
		],
		"width" : 2048
	},
	"version_major" : 1,
	"version_minor" : 0
}