{
	"class_name" : "PinholeCameraParameters",
	"extrinsic" : 
	[
		-0.35628126810448491,
		0.88182608625475167,
		0.3089440266431569,
		0.0,
		-0.42614503998514353,
		0.14090021021277993,
		-0.89361486987295313,
		0.0,
		-0.83154318161711893,
		-0.45003320362237931,
		0.32558570721617602,
		0.0,
		-0.25033284873654882,
		-0.048255626584091493,
		1.6189809855094131,
		1.0
	],
	"intrinsic" : 
	{
		"height" : 1536,
		"intrinsic_matrix" : 
		[
			973.43609619140591,
			0.0,
			0.0,
			0.0,
			973.43609619140591,
			0.0,
			1023.5,
			767.5,
			1.0
		],
		"width" : 2048
	},
	"version_major" : 1,
	"version_minor" : 0
}