{
	"class_name" : "PinholeCameraParameters",
	"extrinsic" : 
	[
		-0.46827613537318558,
		0.88182608625475156,
		0.055679571124259752,
		0.0,
		0.1489567443684251,
		0.1409002102127799,
		-0.97875380922331756,
		0.0,
		-0.87093590427029344,
		-0.45003320362237931,
		-0.19733414881936784,
		0.0,
		-0.27028799734237635,
		-0.048255626584091584,
		1.4590712514413504,
		1.0
	],
	"intrinsic" : 
	{
		"height" : 1536,
		"intrinsic_matrix" : 
		[
			973.43609619140591,
			0.0,
			0.0,
			0.0,
			973.43609619140591,
			0.0,
			1023.5,
			767.5,
			1.0
		],
		"width" : 2048
	},
	"version_major" : 1,
	"version_minor" : 0
}