{
	"class_name" : "PinholeCameraParameters",
	"extrinsic" : 
	[
		-0.40209528127749428,
		0.88182608625475167,
		-0.24637803955507129,
		0.0,
		0.72325045813983702,
		0.14090021021277993,
		-0.6760590991640526,
		0.0,
		-0.56145183192762749,
		-0.45003320362237931,
		-0.69443643054097426,
		0.0,
		-0.18277254266327442,
		-0.048255626584091604,
		1.30183908412844,
		1.0
	],
	"intrinsic" : 
	{
		"height" : 1536,
		"intrinsic_matrix" : 
		[
			973.43609619140591,
			0.0,
			0.0,
			0.0,
			973.43609619140591,
			0.0,
			1023.5,
			767.5,
			1.0
		],
		"width" : 2048
	},
	"version_major" : 1,
	"version_minor" : 0
}