{
	"class_name" : "PinholeCameraParameters",
	"extrinsic" : 
	[
		-0.25181844921860252,
		0.88182608625475167,
		-0.398710699923849,
		0.0,
		0.94756163324734088,
		0.14090021021277993,
		-0.28683458989394278,
		0.0,
		-0.19675980237530732,
		-0.45003320362237931,
		-0.87106583896202028,
		0.0,
		-0.073492286457041672,
		-0.048255626584091604,
		1.2421408374664045,
		1.0
	],
	"intrinsic" : 
	{
		"height" : 1536,
		"intrinsic_matrix" : 
		[
			973.43609619140591,
			0.0,
			0.0,
			0.0,
			973.43609619140591,
			0.0,
			1023.5,
			767.5,
			1.0
		],
		"width" : 2048
	},
	"version_major" : 1,
	"version_minor" : 0
}