{
	"class_name" : "PinholeCameraParameters",
	"extrinsic" : 
	[
		0.11134538446493808,
		0.88182608625475156,
		-0.45824115808052707,
		0.0,
		0.86512612630482666,
		0.14090021021277993,
		0.4813563299124668,
		0.0,
		0.48903884400235559,
		-0.45003320362237925,
		-0.74720219799878662,
		0.0,
		0.13886577531871869,
		-0.048255626584091549,
		1.2698451788649543,
		1.0
	],
	"intrinsic" : 
	{
		"height" : 1536,
		"intrinsic_matrix" : 
		[
			973.43609619140591,
			0.0,
			0.0,
			0.0,
			973.43609619140591,
			0.0,
			1023.5,
			767.5,
			1.0
		],
		"width" : 2048
	},
	"version_major" : 1,
	"version_minor" : 0
}