{
	"class_name" : "PinholeCameraParameters",
	"extrinsic" : 
	[
		0.26752252439186125,
		0.88182608625475167,
		-0.38834836492977987,
		0.0,
		0.63642580959203676,
		0.14090021021277993,
		0.75835962422001013,
		0.0,
		0.72345966565395103,
		-0.45003320362237936,
		-0.52352290094059073,
		0.0,
		0.21418151965842036,
		-0.048255626584091604,
		1.3349746368724271,
		1.0
	],
	"intrinsic" : 
	{
		"height" : 1536,
		"intrinsic_matrix" : 
		[
			973.43609619140591,
			0.0,
			0.0,
			0.0,
			973.43609619140591,
			0.0,
			1023.5,
			767.5,
			1.0
		],
		"width" : 2048
	},
	"version_major" : 1,
	"version_minor" : 0
}