{
	"class_name" : "PinholeCameraParameters",
	"extrinsic" : 
	[
		0.46282590224256964,
		0.88182608625475156,
		-0.090415362709988803,
		0.0,
		-0.075617207281971355,
		0.14090021021278001,
		0.98713178893442077,
		0.0,
		0.8832181056659939,
		-0.45003320362237931,
		0.13189349286887272,
		0.0,
		0.27307367073331346,
		-0.048255626584091521,
		1.5337419600109878,
		1.0
	],
	"intrinsic" : 
	{
		"height" : 1536,
		"intrinsic_matrix" : 
		[
			973.43609619140591,
			0.0,
			0.0,
			0.0,
			973.43609619140591,
			0.0,
			1023.5,
			767.5,
			1.0
		],
		"width" : 2048
	},
	"version_major" : 1,
	"version_minor" : 0
}