{
	"class_name" : "PinholeCameraParameters",
	"extrinsic" : 
	[
		0.34955162950006319,
		-0.85414802635898546,
		0.38502572301198335,
		0.0,
		0.69769150364829957,
		-0.036978236905871653,
		-0.7154433420839893,
		0.0,
		0.62533209101310749,
		0.51871356167193394,
		0.58300601788214124,
		0.0,
		0.19467003812793371,
		0.068748175088140129,
		1.6332173461573096,
		1.0
	],
	"intrinsic" : 
	{
		"height" : 1536,
		"intrinsic_matrix" : 
		[
			973.43609619140591,
			0.0,
			0.0,
			0.0,
			973.43609619140591,
			0.0,
			1023.5,
			767.5,
			1.0
		],
		"width" : 2048
	},
	"version_major" : 1,
	"version_minor" : 0
}