{
	"class_name" : "PinholeCameraParameters",
	"extrinsic" : 
	[
		0.3816799385692467,
		0.5959713871428659,
		0.70649736744080249,
		0.0,
		-0.77371896461959455,
		-0.21214583647756743,
		0.59695318732143121,
		0.0,
		0.50564749409223686,
		-0.77447546750832696,
		0.38014255476860237,
		0.0,
		0.16627030449904318,
		-0.15776519472584999,
		1.6649780804633763,
		1.0
	],
	"intrinsic" : 
	{
		"height" : 1536,
		"intrinsic_matrix" : 
		[
			973.43609619140591,
			0.0,
			0.0,
			0.0,
			973.43609619140591,
			0.0,
			1023.5,
			767.5,
			1.0
		],
		"width" : 2048
	},
	"version_major" : 1,
	"version_minor" : 0
}