{
	"class_name" : "PinholeCameraParameters",
	"extrinsic" : 
	[
		-0.42104639581658548,
		0.59597138714286602,
		0.6837675323360064,
		0.0,
		-0.90381344640333727,
		-0.21214583647756743,
		-0.37163880067312022,
		0.0,
		-0.076427656449646331,
		-0.77447546750832696,
		0.62797019320774572,
		0.0,
		-0.054088164598794758,
		-0.15776519472584993,
		1.7297510298201084,
		1.0
	],
	"intrinsic" : 
	{
		"height" : 1536,
		"intrinsic_matrix" : 
		[
			973.43609619140591,
			0.0,
			0.0,
			0.0,
			973.43609619140591,
			0.0,
			1023.5,
			767.5,
			1.0
		],
		"width" : 2048
	},
	"version_major" : 1,
	"version_minor" : 0
}