{
	"class_name" : "PinholeCameraParameters",
	"extrinsic" : 
	[
		-0.71385909287545168,
		0.59597138714286602,
		0.36772721034218497,
		0.0,
		-0.58163835401709807,
		-0.21214583647756746,
		-0.78529673958416146,
		0.0,
		-0.39000259057513736,
		-0.77447546750832696,
		0.49808205104424347,
		0.0,
		-0.16167190959079986,
		-0.15776519472584982,
		1.6696677153946253,
		1.0
	],
	"intrinsic" : 
	{
		"height" : 1536,
		"intrinsic_matrix" : 
		[
			973.43609619140591,
			0.0,
			0.0,
			0.0,
			973.43609619140591,
			0.0,
			1023.5,
			767.5,
			1.0
		],
		"width" : 2048
	},
	"version_major" : 1,
	"version_minor" : 0
}