{
	"class_name" : "PinholeCameraParameters",
	"extrinsic" : 
	[
		-0.79485830748305997,
		0.59597138714286602,
		0.1140981013521853,
		0.0,
		-0.29289248958422798,
		-0.21214583647756746,
		-0.93231332373316766,
		0.0,
		-0.53142662764517024,
		-0.77447546750832696,
		0.34318142382337702,
		0.0,
		-0.20612360788712983,
		-0.15776519472584988,
		1.6078379457066263,
		1.0
	],
	"intrinsic" : 
	{
		"height" : 1536,
		"intrinsic_matrix" : 
		[
			973.43609619140591,
			0.0,
			0.0,
			0.0,
			973.43609619140591,
			0.0,
			1023.5,
			767.5,
			1.0
		],
		"width" : 2048
	},
	"version_major" : 1,
	"version_minor" : 0
}