{
	"class_name" : "PinholeCameraParameters",
	"extrinsic" : 
	[
		-0.79416702340840972,
		0.59597138714286602,
		-0.11881432841890148,
		0.0,
		-0.013011446615955043,
		-0.21214583647756746,
		-0.97715139375748394,
		0.0,
		-0.60756023667418069,
		-0.77447546750832696,
		0.17623367737232304,
		0.0,
		-0.2265234858893494,
		-0.15776519472584993,
		1.544422414257328,
		1.0
	],
	"intrinsic" : 
	{
		"height" : 1536,
		"intrinsic_matrix" : 
		[
			973.43609619140591,
			0.0,
			0.0,
			0.0,
			973.43609619140591,
			0.0,
			1023.5,
			767.5,
			1.0
		],
		"width" : 2048
	},
	"version_major" : 1,
	"version_minor" : 0
}