{
	"class_name" : "PinholeCameraParameters",
	"extrinsic" : 
	[
		-0.35582740089195675,
		0.59597138714286602,
		-0.7198645473153148,
		0.0,
		0.79484300369359484,
		-0.21214583647756746,
		-0.56852330079300817,
		0.0,
		-0.49153988673740268,
		-0.77447546750832696,
		-0.39821638586821095,
		0.0,
		-0.16041973503303786,
		-0.1577651947258501,
		1.3421846444721606,
		1.0
	],
	"intrinsic" : 
	{
		"height" : 1536,
		"intrinsic_matrix" : 
		[
			973.43609619140591,
			0.0,
			0.0,
			0.0,
			973.43609619140591,
			0.0,
			1023.5,
			767.5,
			1.0
		],
		"width" : 2048
	},
	"version_major" : 1,
	"version_minor" : 0
}