{
	"class_name" : "PinholeCameraParameters",
	"extrinsic" : 
	[
		0.17519058172599974,
		0.5959713871428659,
		-0.78366215028002606,
		0.0,
		0.97558823008669249,
		-0.21214583647756741,
		0.056760456142882831,
		0.0,
		-0.13242305460462958,
		-0.77447546750832696,
		-0.61858862326827335,
		0.0,
		-0.021617008899461027,
		-0.15776519472584993,
		1.2778926138218385,
		1.0
	],
	"intrinsic" : 
	{
		"height" : 1536,
		"intrinsic_matrix" : 
		[
			973.43609619140591,
			0.0,
			0.0,
			0.0,
			973.43609619140591,
			0.0,
			1023.5,
			767.5,
			1.0
		],
		"width" : 2048
	},
	"version_major" : 1,
	"version_minor" : 0
}