{
	"class_name" : "PinholeCameraParameters",
	"extrinsic" : 
	[
		0.7682473788314127,
		0.5959713871428659,
		-0.23369653533091209,
		0.0,
		0.43132153921823274,
		-0.21214583647756743,
		0.87690129083702906,
		0.0,
		0.47303033171782816,
		-0.77447546750832696,
		-0.42003577883637483,
		0.0,
		0.18831347043072516,
		-0.15776519472584993,
		1.3750662763292461,
		1.0
	],
	"intrinsic" : 
	{
		"height" : 1536,
		"intrinsic_matrix" : 
		[
			973.43609619140591,
			0.0,
			0.0,
			0.0,
			973.43609619140591,
			0.0,
			1023.5,
			767.5,
			1.0
		],
		"width" : 2048
	},
	"version_major" : 1,
	"version_minor" : 0
}