{
	"class_name" : "PinholeCameraParameters",
	"extrinsic" : 
	[
		0.73446050005835706,
		0.5959713871428659,
		0.32463191395954338,
		0.0,
		-0.24589805844159238,
		-0.21214583647756743,
		0.9457950565105997,
		0.0,
		0.63253610071574851,
		-0.77447546750832685,
		-0.0092645301594393437,
		0.0,
		0.22847564529749653,
		-0.15776519472584993,
		1.52992353364103,
		1.0
	],
	"intrinsic" : 
	{
		"height" : 1536,
		"intrinsic_matrix" : 
		[
			973.43609619140591,
			0.0,
			0.0,
			0.0,
			973.43609619140591,
			0.0,
			1023.5,
			767.5,
			1.0
		],
		"width" : 2048
	},
	"version_major" : 1,
	"version_minor" : 0
}