{
	"class_name" : "PinholeCameraParameters",
	"extrinsic" : 
	[
		0.61147360775609738,
		0.59597138714286602,
		0.5204979661100998,
		0.0,
		-0.50526272879271161,
		-0.21214583647756743,
		0.83648294600558115,
		0.0,
		0.60894137805759696,
		-0.77447546750832685,
		0.17140054934880872,
		0.0,
		0.21233528468777424,
		-0.15776519472584982,
		1.5940722138028178,
		1.0
	],
	"intrinsic" : 
	{
		"height" : 1536,
		"intrinsic_matrix" : 
		[
			973.43609619140591,
			0.0,
			0.0,
			0.0,
			973.43609619140591,
			0.0,
			1023.5,
			767.5,
			1.0
		],
		"width" : 2048
	},
	"version_major" : 1,
	"version_minor" : 0
}