{
	"class_name" : "PinholeCameraParameters",
	"extrinsic" : 
	[
		-0.081670256481400277,
		-0.85414802635898546,
		0.51357678907181181,
		0.0,
		0.99462947330269103,
		-0.036978236905871653,
		0.096668613484133969,
		0.0,
		-0.063578141242678313,
		0.51871356167193383,
		0.85258082367230326,
		0.0,
		-0.024183663922430765,
		0.068748175088140018,
		1.7150304446412619,
		1.0
	],
	"intrinsic" : 
	{
		"height" : 1536,
		"intrinsic_matrix" : 
		[
			973.43609619140591,
			0.0,
			0.0,
			0.0,
			973.43609619140591,
			0.0,
			1023.5,
			767.5,
			1.0
		],
		"width" : 2048
	},
	"version_major" : 1,
	"version_minor" : 0
}