{
	"class_name" : "PinholeCameraParameters",
	"extrinsic" : 
	[
		0.45831060556893416,
		-0.048620615669085064,
		0.88746122425433105,
		0.0,
		-0.70209068166342281,
		-0.63207342011929712,
		0.3279510120430868,
		0.0,
		0.54499547112285907,
		-0.77338168281299102,
		-0.32382203313690561,
		0.0,
		0.18294888482204516,
		-0.20967498088308786,
		1.4922666983167832,
		1.0
	],
	"intrinsic" : 
	{
		"height" : 1536,
		"intrinsic_matrix" : 
		[
			973.43609619140591,
			0.0,
			0.0,
			0.0,
			973.43609619140591,
			0.0,
			1023.5,
			767.5,
			1.0
		],
		"width" : 2048
	},
	"version_major" : 1,
	"version_minor" : 0
}