{
	"class_name" : "PinholeCameraParameters",
	"extrinsic" : 
	[
		-0.38247731203529212,
		-0.048620615669085071,
		0.92268474654684574,
		0.0,
		-0.70349630630895188,
		-0.63207342011929712,
		-0.32492481990201366,
		0.0,
		0.59900254823157406,
		-0.77338168281299102,
		0.20754931920251424,
		0.0,
		0.12892434692146559,
		-0.20967498088308792,
		1.6371275268377379,
		1.0
	],
	"intrinsic" : 
	{
		"height" : 1536,
		"intrinsic_matrix" : 
		[
			973.43609619140591,
			0.0,
			0.0,
			0.0,
			973.43609619140591,
			0.0,
			1023.5,
			767.5,
			1.0
		],
		"width" : 2048
	},
	"version_major" : 1,
	"version_minor" : 0
}