{
	"class_name" : "PinholeCameraParameters",
	"extrinsic" : 
	[
		-0.78331553828731049,
		-0.048620615669085043,
		0.61971993933519709,
		0.0,
		-0.45628599780423684,
		-0.63207342011929724,
		-0.6263276137825049,
		0.0,
		0.42216093576437574,
		-0.77338168281299102,
		0.47292802518342369,
		0.0,
		0.049032826130771423,
		-0.20967498088308778,
		1.683374817349754,
		1.0
	],
	"intrinsic" : 
	{
		"height" : 1536,
		"intrinsic_matrix" : 
		[
			973.43609619140591,
			0.0,
			0.0,
			0.0,
			973.43609619140591,
			0.0,
			1023.5,
			767.5,
			1.0
		],
		"width" : 2048
	},
	"version_major" : 1,
	"version_minor" : 0
}