{
	"class_name" : "PinholeCameraParameters",
	"extrinsic" : 
	[
		-0.91084988985691273,
		-0.048620615669085043,
		-0.40986401876672374,
		0.0,
		0.34579081727786021,
		-0.63207342011929724,
		-0.69347811952865834,
		0.0,
		-0.22534681900120018,
		-0.77338168281299091,
		0.59253656752590955,
		0.0,
		-0.13437782687653016,
		-0.20967498088308767,
		1.6315086641321896,
		1.0
	],
	"intrinsic" : 
	{
		"height" : 1536,
		"intrinsic_matrix" : 
		[
			973.43609619140591,
			0.0,
			0.0,
			0.0,
			973.43609619140591,
			0.0,
			1023.5,
			767.5,
			1.0
		],
		"width" : 2048
	},
	"version_major" : 1,
	"version_minor" : 0
}