{
	"class_name" : "PinholeCameraParameters",
	"extrinsic" : 
	[
		-0.5924989095171499,
		-0.04862061566908496,
		-0.80410265386513158,
		0.0,
		0.6416035487609284,
		-0.63207342011929724,
		-0.43454352807984314,
		0.0,
		-0.48712414068527882,
		-0.77338168281299091,
		0.40569797171168503,
		0.0,
		-0.17841002586102928,
		-0.20967498088308778,
		1.5494830848454932,
		1.0
	],
	"intrinsic" : 
	{
		"height" : 1536,
		"intrinsic_matrix" : 
		[
			973.43609619140591,
			0.0,
			0.0,
			0.0,
			973.43609619140591,
			0.0,
			1023.5,
			767.5,
			1.0
		],
		"width" : 2048
	},
	"version_major" : 1,
	"version_minor" : 0
}