{
	"class_name" : "PinholeCameraParameters",
	"extrinsic" : 
	[
		-0.4683887308479695,
		-0.04862061566908496,
		-0.8821836727952902,
		0.0,
		0.69830990132397164,
		-0.63207342011929724,
		-0.33592629145632458,
		0.0,
		-0.54127190812708303,
		-0.77338168281299091,
		0.33000832438260252,
		0.0,
		-0.18277442812496153,
		-0.20967498088308784,
		1.5229000150500405,
		1.0
	],
	"intrinsic" : 
	{
		"height" : 1536,
		"intrinsic_matrix" : 
		[
			973.43609619140591,
			0.0,
			0.0,
			0.0,
			973.43609619140591,
			0.0,
			1023.5,
			767.5,
			1.0
		],
		"width" : 2048
	},
	"version_major" : 1,
	"version_minor" : 0
}