{
	"class_name" : "PinholeCameraParameters",
	"extrinsic" : 
	[
		0.30954069685735841,
		-0.048620615669085002,
		-0.94964234989864482,
		0.0,
		0.72664100959062405,
		-0.63207342011929724,
		0.26921373434468976,
		0.0,
		-0.61333302550097513,
		-0.7733816828129908,
		-0.16032271367203951,
		0.0,
		-0.13869217703008704,
		-0.20967498088308784,
		1.3863814106211823,
		1.0
	],
	"intrinsic" : 
	{
		"height" : 1536,
		"intrinsic_matrix" : 
		[
			973.43609619140591,
			0.0,
			0.0,
			0.0,
			973.43609619140591,
			0.0,
			1023.5,
			767.5,
			1.0
		],
		"width" : 2048
	},
	"version_major" : 1,
	"version_minor" : 0
}