{
	"class_name" : "PinholeCameraParameters",
	"extrinsic" : 
	[
		0.84163650054913297,
		-0.048620615669084974,
		-0.53785131465430902,
		0.0,
		0.39102371729973179,
		-0.63207342011929724,
		0.66901692361837439,
		0.0,
		-0.37248953468857204,
		-0.7733816828129908,
		-0.51296424752299996,
		0.0,
		-0.031011195862493568,
		-0.20967498088308772,
		1.3256763099943361,
		1.0
	],
	"intrinsic" : 
	{
		"height" : 1536,
		"intrinsic_matrix" : 
		[
			973.43609619140591,
			0.0,
			0.0,
			0.0,
			973.43609619140591,
			0.0,
			1023.5,
			767.5,
			1.0
		],
		"width" : 2048
	},
	"version_major" : 1,
	"version_minor" : 0
}