{
	"class_name" : "PinholeCameraParameters",
	"extrinsic" : 
	[
		0.94874175611631106,
		-0.04862061566908496,
		-0.31229011501054166,
		0.0,
		0.21286612178385536,
		-0.63207342011929724,
		0.74509811822027527,
		0.0,
		-0.23361741030590816,
		-0.7733816828129908,
		-0.58932476470220352,
		0.0,
		0.014818614832983273,
		-0.20967498088308778,
		1.3236362841010665,
		1.0
	],
	"intrinsic" : 
	{
		"height" : 1536,
		"intrinsic_matrix" : 
		[
			973.43609619140591,
			0.0,
			0.0,
			0.0,
			973.43609619140591,
			0.0,
			1023.5,
			767.5,
			1.0
		],
		"width" : 2048
	},
	"version_major" : 1,
	"version_minor" : 0
}