{
	"class_name" : "PinholeCameraParameters",
	"extrinsic" : 
	[
		0.96205141016561524,
		-0.048620615669084974,
		0.26850161997706934,
		0.0,
		-0.23778191304734045,
		-0.63207342011929735,
		0.73752488324546817,
		0.0,
		0.13385382335181339,
		-0.7733816828129908,
		-0.61964822816130771,
		0.0,
		0.11409787314210086,
		-0.20967498088308789,
		1.3628208656878056,
		1.0
	],
	"intrinsic" : 
	{
		"height" : 1536,
		"intrinsic_matrix" : 
		[
			973.43609619140591,
			0.0,
			0.0,
			0.0,
			973.43609619140591,
			0.0,
			1023.5,
			767.5,
			1.0
		],
		"width" : 2048
	},
	"version_major" : 1,
	"version_minor" : 0
}