{
	"class_name" : "PinholeCameraParameters",
	"extrinsic" : 
	[
		-0.39240112152208267,
		-0.85414802635898546,
		0.34125138665690663,
		0.0,
		0.70038406579299284,
		-0.036978236905871653,
		0.71280766717159405,
		0.0,
		-0.59622438746791329,
		0.51871356167193383,
		0.61274196912413992,
		0.0,
		-0.19123647663897569,
		0.068748175088140018,
		1.6367250161067275,
		1.0
	],
	"intrinsic" : 
	{
		"height" : 1536,
		"intrinsic_matrix" : 
		[
			973.43609619140591,
			0.0,
			0.0,
			0.0,
			973.43609619140591,
			0.0,
			1023.5,
			767.5,
			1.0
		],
		"width" : 2048
	},
	"version_major" : 1,
	"version_minor" : 0
}