{
	"class_name" : "PinholeCameraParameters",
	"extrinsic" : 
	[
		0.89230194350420078,
		-0.16689416143105312,
		0.41945629152374347,
		0.0,
		-0.3754134059881683,
		-0.79036345977121381,
		0.48413879834489593,
		0.0,
		0.25072298702549967,
		-0.58946750575303353,
		-0.76789715681092907,
		0.0,
		0.13964868252017298,
		-0.17019369625149061,
		1.33574961107389,
		1.0
	],
	"intrinsic" : 
	{
		"height" : 1536,
		"intrinsic_matrix" : 
		[
			973.43609619140591,
			0.0,
			0.0,
			0.0,
			973.43609619140591,
			0.0,
			1023.5,
			767.5,
			1.0
		],
		"width" : 2048
	},
	"version_major" : 1,
	"version_minor" : 0
}