{
	"class_name" : "PinholeCameraParameters",
	"extrinsic" : 
	[
		0.13785441166311316,
		-0.16689416143105312,
		0.97629017206220126,
		0.0,
		-0.61068511726070984,
		-0.79036345977121369,
		-0.048880354077586452,
		0.0,
		0.77978192383594669,
		-0.58946750575303353,
		-0.21087487029043372,
		0.0,
		0.21938536283898041,
		-0.17019369625149061,
		1.529819491553623,
		1.0
	],
	"intrinsic" : 
	{
		"height" : 1536,
		"intrinsic_matrix" : 
		[
			973.43609619140591,
			0.0,
			0.0,
			0.0,
			973.43609619140591,
			0.0,
			1023.5,
			767.5,
			1.0
		],
		"width" : 2048
	},
	"version_major" : 1,
	"version_minor" : 0
}