{
	"class_name" : "PinholeCameraParameters",
	"extrinsic" : 
	[
		-0.1479709446251633,
		-0.16689416143105312,
		0.97480815467812054,
		0.0,
		-0.57100386948014792,
		-0.79036345977121369,
		-0.22199140185416072,
		0.0,
		0.80750181460194581,
		-0.58946750575303364,
		0.021653615768782969,
		0.0,
		0.2034901085133467,
		-0.17019369625149064,
		1.5917684618378558,
		1.0
	],
	"intrinsic" : 
	{
		"height" : 1536,
		"intrinsic_matrix" : 
		[
			973.43609619140591,
			0.0,
			0.0,
			0.0,
			973.43609619140591,
			0.0,
			1023.5,
			767.5,
			1.0
		],
		"width" : 2048
	},
	"version_major" : 1,
	"version_minor" : 0
}