{
	"class_name" : "PinholeCameraParameters",
	"extrinsic" : 
	[
		-0.88257783491774822,
		-0.16689416143105318,
		0.43954829563100994,
		0.0,
		-0.14676926298334225,
		-0.79036345977121369,
		-0.59479776807063067,
		0.0,
		0.44667118639467512,
		-0.58946750575303375,
		0.67306233805351989,
		0.0,
		0.047302029513410448,
		-0.17019369625149061,
		1.7220281517380909,
		1.0
	],
	"intrinsic" : 
	{
		"height" : 1536,
		"intrinsic_matrix" : 
		[
			973.43609619140591,
			0.0,
			0.0,
			0.0,
			973.43609619140591,
			0.0,
			1023.5,
			767.5,
			1.0
		],
		"width" : 2048
	},
	"version_major" : 1,
	"version_minor" : 0
}