{
	"class_name" : "PinholeCameraParameters",
	"extrinsic" : 
	[
		-0.95838619427716498,
		-0.16689416143105318,
		0.23160794783244729,
		0.0,
		-0.010397062966467833,
		-0.79036345977121369,
		-0.61255000003277171,
		0.0,
		0.28528547754942479,
		-0.58946750575303375,
		0.75573821920073214,
		0.0,
		-0.0019556463237237476,
		-0.1701936962514905,
		1.7271501109628966,
		1.0
	],
	"intrinsic" : 
	{
		"height" : 1536,
		"intrinsic_matrix" : 
		[
			973.43609619140591,
			0.0,
			0.0,
			0.0,
			973.43609619140591,
			0.0,
			1023.5,
			767.5,
			1.0
		],
		"width" : 2048
	},
	"version_major" : 1,
	"version_minor" : 0
}