{
	"class_name" : "PinholeCameraParameters",
	"extrinsic" : 
	[
		-0.93622794932770115,
		-0.16689416143105318,
		-0.30923060291289584,
		0.0,
		0.31453747644892599,
		-0.79036345977121358,
		-0.5257297569736934,
		0.0,
		-0.15666334225589876,
		-0.58946750575303386,
		0.79245482953573343,
		0.0,
		-0.11812091654646834,
		-0.17019369625149072,
		1.6928729287406461,
		1.0
	],
	"intrinsic" : 
	{
		"height" : 1536,
		"intrinsic_matrix" : 
		[
			973.43609619140591,
			0.0,
			0.0,
			0.0,
			973.43609619140591,
			0.0,
			1023.5,
			767.5,
			1.0
		],
		"width" : 2048
	},
	"version_major" : 1,
	"version_minor" : 0
}