{
	"class_name" : "PinholeCameraParameters",
	"extrinsic" : 
	[
		-0.9092517892801607,
		-0.16689416143105321,
		-0.38132338319469994,
		0.0,
		0.35459112291258327,
		-0.79036345977121347,
		-0.49959056937663532,
		0.0,
		-0.21800531929845132,
		-0.58946750575303375,
		0.77781857808802535,
		0.0,
		-0.13229662992381352,
		-0.17019369625149061,
		1.6830904874714676,
		1.0
	],
	"intrinsic" : 
	{
		"height" : 1536,
		"intrinsic_matrix" : 
		[
			973.43609619140591,
			0.0,
			0.0,
			0.0,
			973.43609619140591,
			0.0,
			1023.5,
			767.5,
			1.0
		],
		"width" : 2048
	},
	"version_major" : 1,
	"version_minor" : 0
}