{
	"class_name" : "PinholeCameraParameters",
	"extrinsic" : 
	[
		-0.84687272140874992,
		-0.16689416143105332,
		-0.50492864111076474,
		0.0,
		0.4210760150208801,
		-0.79036345977121358,
		-0.44499504607648488,
		0.0,
		-0.32481007266997353,
		-0.58946750575303375,
		0.73961238250412198,
		0.0,
		-0.15572258238066333,
		-0.1701936962514905,
		1.662818183995838,
		1.0
	],
	"intrinsic" : 
	{
		"height" : 1536,
		"intrinsic_matrix" : 
		[
			973.43609619140591,
			0.0,
			0.0,
			0.0,
			973.43609619140591,
			0.0,
			1023.5,
			767.5,
			1.0
		],
		"width" : 2048
	},
	"version_major" : 1,
	"version_minor" : 0
}