{
	"class_name" : "PinholeCameraParameters",
	"extrinsic" : 
	[
		-0.62154255624249255,
		-0.16689416143105326,
		-0.76539609984619961,
		0.0,
		0.54843797857177268,
		-0.79036345977121358,
		-0.2730226824250781,
		0.0,
		-0.55937521793484535,
		-0.58946750575303375,
		0.58277562167753849,
		0.0,
		-0.19997168513022157,
		-0.17019369625149072,
		1.5997251452925685,
		1.0
	],
	"intrinsic" : 
	{
		"height" : 1536,
		"intrinsic_matrix" : 
		[
			973.43609619140591,
			0.0,
			0.0,
			0.0,
			973.43609619140591,
			0.0,
			1023.5,
			767.5,
			1.0
		],
		"width" : 2048
	},
	"version_major" : 1,
	"version_minor" : 0
}