{
	"class_name" : "PinholeCameraParameters",
	"extrinsic" : 
	[
		-0.26742419817830321,
		-0.16689416143105326,
		-0.94901561478666796,
		0.0,
		0.61172786423325021,
		-0.79036345977121358,
		-0.033385948827367229,
		0.0,
		-0.74449534474657264,
		-0.58946750575303375,
		0.31345612342396384,
		0.0,
		-0.22052605387914292,
		-0.17019369625149061,
		1.5128697139881997,
		1.0
	],
	"intrinsic" : 
	{
		"height" : 1536,
		"intrinsic_matrix" : 
		[
			973.43609619140591,
			0.0,
			0.0,
			0.0,
			973.43609619140591,
			0.0,
			1023.5,
			767.5,
			1.0
		],
		"width" : 2048
	},
	"version_major" : 1,
	"version_minor" : 0
}