{
	"class_name" : "PinholeCameraParameters",
	"extrinsic" : 
	[
		-0.51742019993866262,
		-0.85414802635898557,
		0.052033506152134562,
		0.0,
		0.16023725281973628,
		-0.036978236905871667,
		0.98638564101679682,
		0.0,
		-0.84059524118580309,
		0.51871356167193383,
		0.15599961997837886,
		0.0,
		-0.26620834142439043,
		0.068748175088139907,
		1.491310507117463,
		1.0
	],
	"intrinsic" : 
	{
		"height" : 1536,
		"intrinsic_matrix" : 
		[
			973.43609619140591,
			0.0,
			0.0,
			0.0,
			973.43609619140591,
			0.0,
			1023.5,
			767.5,
			1.0
		],
		"width" : 2048
	},
	"version_major" : 1,
	"version_minor" : 0
}