{
	"class_name" : "PinholeCameraParameters",
	"extrinsic" : 
	[
		0.78219980004174516,
		0.15936945333815139,
		-0.60229963486403737,
		0.0,
		0.2578366873780642,
		-0.96286467616017135,
		0.080074078482833877,
		0.0,
		-0.56717168076038527,
		-0.21792887084016072,
		-0.79424384907770751,
		0.0,
		-0.087648469619660441,
		-0.044530878582801664,
		1.2458267477717437,
		1.0
	],
	"intrinsic" : 
	{
		"height" : 1536,
		"intrinsic_matrix" : 
		[
			973.43609619140591,
			0.0,
			0.0,
			0.0,
			973.43609619140591,
			0.0,
			1023.5,
			767.5,
			1.0
		],
		"width" : 2048
	},
	"version_major" : 1,
	"version_minor" : 0
}