{
	"class_name" : "PinholeCameraParameters",
	"extrinsic" : 
	[
		0.97515260275763915,
		0.15936945333815136,
		-0.15387910409701824,
		0.0,
		0.18794663889290286,
		-0.96286467616017135,
		0.19382382808062945,
		0.0,
		-0.117275156209075,
		-0.21792887084016072,
		-0.96889294815808713,
		0.0,
		0.047986444770744319,
		-0.044530878582801636,
		1.2357062584460321,
		1.0
	],
	"intrinsic" : 
	{
		"height" : 1536,
		"intrinsic_matrix" : 
		[
			973.43609619140591,
			0.0,
			0.0,
			0.0,
			973.43609619140591,
			0.0,
			1023.5,
			767.5,
			1.0
		],
		"width" : 2048
	},
	"version_major" : 1,
	"version_minor" : 0
}