{
	"class_name" : "PinholeCameraParameters",
	"extrinsic" : 
	[
		0.95271184993523939,
		0.15936945333815139,
		0.2587305709336894,
		0.0,
		0.09215042560980985,
		-0.96286467616017124,
		0.253771382277237,
		0.0,
		0.28956593386119334,
		-0.21792887084016072,
		-0.93201854981616528,
		0.0,
		0.15463585053112944,
		-0.044530878582801636,
		1.279072336025658,
		1.0
	],
	"intrinsic" : 
	{
		"height" : 1536,
		"intrinsic_matrix" : 
		[
			973.43609619140591,
			0.0,
			0.0,
			0.0,
			973.43609619140591,
			0.0,
			1023.5,
			767.5,
			1.0
		],
		"width" : 2048
	},
	"version_major" : 1,
	"version_minor" : 0
}