{
	"class_name" : "PinholeCameraParameters",
	"extrinsic" : 
	[
		0.71087175986994322,
		0.15936945333815136,
		0.68502753109791781,
		0.0,
		-0.041250854495608197,
		-0.96286467616017135,
		0.26681450936249851,
		0.0,
		0.70211089439118657,
		-0.21792887084016069,
		-0.67789918072788724,
		0.0,
		0.24497454131309815,
		-0.044530878582801608,
		1.38147337814291,
		1.0
	],
	"intrinsic" : 
	{
		"height" : 1536,
		"intrinsic_matrix" : 
		[
			973.43609619140591,
			0.0,
			0.0,
			0.0,
			973.43609619140591,
			0.0,
			1023.5,
			767.5,
			1.0
		],
		"width" : 2048
	},
	"version_major" : 1,
	"version_minor" : 0
}