{
	"class_name" : "PinholeCameraParameters",
	"extrinsic" : 
	[
		-0.23741253571410717,
		0.15936945333815139,
		0.95824666199705422,
		0.0,
		-0.25165248202198703,
		-0.96286467616017135,
		0.097788770802900007,
		0.0,
		0.93824640483082655,
		-0.21792887084016069,
		0.26870186280776193,
		0.0,
		0.23086271980479051,
		-0.044530878582801664,
		1.6560648029141876,
		1.0
	],
	"intrinsic" : 
	{
		"height" : 1536,
		"intrinsic_matrix" : 
		[
			973.43609619140591,
			0.0,
			0.0,
			0.0,
			973.43609619140591,
			0.0,
			1023.5,
			767.5,
			1.0
		],
		"width" : 2048
	},
	"version_major" : 1,
	"version_minor" : 0
}