{
	"class_name" : "PinholeCameraParameters",
	"extrinsic" : 
	[
		-0.92728379610486877,
		0.15936945333815139,
		0.33874199447963815,
		0.0,
		-0.22174654425543958,
		-0.96286467616017135,
		-0.1540132640837763,
		0.0,
		0.30161769111263159,
		-0.21792887084016066,
		0.9281884375827022,
		0.0,
		0.0050540429498311945,
		-0.044530878582801636,
		1.7815494736213009,
		1.0
	],
	"intrinsic" : 
	{
		"height" : 1536,
		"intrinsic_matrix" : 
		[
			973.43609619140591,
			0.0,
			0.0,
			0.0,
			973.43609619140591,
			0.0,
			1023.5,
			767.5,
			1.0
		],
		"width" : 2048
	},
	"version_major" : 1,
	"version_minor" : 0
}