{
	"class_name" : "PinholeCameraParameters",
	"extrinsic" : 
	[
		-0.79840092577308308,
		0.15936945333815139,
		-0.58065251146221941,
		0.0,
		0.0041302551902286655,
		-0.96286467616017135,
		-0.26995287810103491,
		0.0,
		-0.60211203502068256,
		-0.21792887084016066,
		0.76809381232866669,
		0.0,
		-0.22542638916232283,
		-0.044530878582801636,
		1.6641415127112715,
		1.0
	],
	"intrinsic" : 
	{
		"height" : 1536,
		"intrinsic_matrix" : 
		[
			973.43609619140591,
			0.0,
			0.0,
			0.0,
			973.43609619140591,
			0.0,
			1023.5,
			767.5,
			1.0
		],
		"width" : 2048
	},
	"version_major" : 1,
	"version_minor" : 0
}