{
	"class_name" : "PinholeCameraParameters",
	"extrinsic" : 
	[
		0.19702760738506256,
		0.15936945333815136,
		-0.96735799953833879,
		0.0,
		0.2473312354083434,
		-0.96286467616017135,
		-0.10825375464320514,
		0.0,
		-0.94868718865572355,
		-0.21792887084016069,
		-0.22912796715990896,
		0.0,
		-0.2369287261591399,
		-0.044530878582801622,
		1.36682991762066,
		1.0
	],
	"intrinsic" : 
	{
		"height" : 1536,
		"intrinsic_matrix" : 
		[
			973.43609619140591,
			0.0,
			0.0,
			0.0,
			973.43609619140591,
			0.0,
			1023.5,
			767.5,
			1.0
		],
		"width" : 2048
	},
	"version_major" : 1,
	"version_minor" : 0
}