{
	"class_name" : "PinholeCameraParameters",
	"extrinsic" : 
	[
		0.55875199271306486,
		0.15936945333815139,
		-0.8138781161708909,
		0.0,
		0.26996546311348674,
		-0.96286467616017135,
		-0.0032037679206367436,
		0.0,
		-0.78416507150286918,
		-0.21792887084016072,
		-0.58102680479409274,
		0.0,
		-0.16366446938629492,
		-0.044530878582801664,
		1.2854794856665244,
		1.0
	],
	"intrinsic" : 
	{
		"height" : 1536,
		"intrinsic_matrix" : 
		[
			973.43609619140591,
			0.0,
			0.0,
			0.0,
			973.43609619140591,
			0.0,
			1023.5,
			767.5,
			1.0
		],
		"width" : 2048
	},
	"version_major" : 1,
	"version_minor" : 0
}