{
	"class_name" : "PinholeCameraParameters",
	"extrinsic" : 
	[
		0.90858462793366879,
		0.15936945333815136,
		-0.38610277287962547,
		0.0,
		0.22939261475958403,
		-0.96286467616017124,
		0.14237501078746134,
		0.0,
		-0.3490744937350736,
		-0.21792887084016072,
		-0.91140221915350561,
		0.0,
		-0.019226885260359761,
		-0.044530878582801664,
		1.2321608327288673,
		1.0
	],
	"intrinsic" : 
	{
		"height" : 1536,
		"intrinsic_matrix" : 
		[
			973.43609619140591,
			0.0,
			0.0,
			0.0,
			973.43609619140591,
			0.0,
			1023.5,
			767.5,
			1.0
		],
		"width" : 2048
	},
	"version_major" : 1,
	"version_minor" : 0
}