{
	"class_name" : "PinholeCameraParameters",
	"extrinsic" : 
	[
		-0.48210130105639731,
		-0.85414802635898546,
		-0.1949602128301538,
		0.0,
		-0.31764606645669247,
		-0.036978236905871632,
		0.94748804027276456,
		0.0,
		-0.81650432453497734,
		0.51871356167193383,
		-0.25348950462158659,
		0.0,
		-0.25662847244699738,
		0.068748175088139962,
		1.3621112763351506,
		1.0
	],
	"intrinsic" : 
	{
		"height" : 1536,
		"intrinsic_matrix" : 
		[
			973.43609619140591,
			0.0,
			0.0,
			0.0,
			973.43609619140591,
			0.0,
			1023.5,
			767.5,
			1.0
		],
		"width" : 2048
	},
	"version_major" : 1,
	"version_minor" : 0
}