{
	"class_name" : "PinholeCameraParameters",
	"extrinsic" : 
	[
		0.98721893372344005,
		0.075104632519079409,
		0.14056340587837277,
		0.0,
		0.1555256730455426,
		-0.64656685292126359,
		-0.74683536989568478,
		0.0,
		0.034792842966407569,
		0.75915123584017652,
		-0.64998373764321804,
		0.0,
		0.089511977122360087,
		0.20880285540242693,
		1.3452141919354375,
		1.0
	],
	"intrinsic" : 
	{
		"height" : 1536,
		"intrinsic_matrix" : 
		[
			973.43609619140591,
			0.0,
			0.0,
			0.0,
			973.43609619140591,
			0.0,
			1023.5,
			767.5,
			1.0
		],
		"width" : 2048
	},
	"version_major" : 1,
	"version_minor" : 0
}