{
	"class_name" : "PinholeCameraParameters",
	"extrinsic" : 
	[
		0.8738736443266919,
		0.075104632519079423,
		0.48031671626684047,
		0.0,
		0.40937765681579735,
		-0.64656685292126359,
		-0.64370897057870846,
		0.0,
		0.26221134195757773,
		0.75915123584017652,
		-0.59576389053981704,
		0.0,
		0.14074106921785517,
		0.20880285540242688,
		1.3872482291691348,
		1.0
	],
	"intrinsic" : 
	{
		"height" : 1536,
		"intrinsic_matrix" : 
		[
			973.43609619140591,
			0.0,
			0.0,
			0.0,
			973.43609619140591,
			0.0,
			1023.5,
			767.5,
			1.0
		],
		"width" : 2048
	},
	"version_major" : 1,
	"version_minor" : 0
}