{
	"class_name" : "PinholeCameraParameters",
	"extrinsic" : 
	[
		0.82664998785134736,
		0.075104632519079395,
		0.55768189118846367,
		0.0,
		0.46613649629277898,
		-0.64656685292126359,
		-0.60387753023886004,
		0.0,
		0.31522462532178469,
		0.75915123584017663,
		-0.56949349137024674,
		0.0,
		0.15099176018878321,
		0.20880285540242671,
		1.4005205889001882,
		1.0
	],
	"intrinsic" : 
	{
		"height" : 1536,
		"intrinsic_matrix" : 
		[
			973.43609619140591,
			0.0,
			0.0,
			0.0,
			973.43609619140591,
			0.0,
			1023.5,
			767.5,
			1.0
		],
		"width" : 2048
	},
	"version_major" : 1,
	"version_minor" : 0
}