{
	"class_name" : "PinholeCameraParameters",
	"extrinsic" : 
	[
		-0.0027290051579918831,
		0.075104632519079451,
		0.99717192434656021,
		0.0,
		0.76116528723978749,
		-0.64656685292126359,
		0.050781002399173325,
		0.0,
		0.64855220147033621,
		0.75915123584017641,
		-0.055402554907815094,
		0.0,
		0.17215373349198232,
		0.20880285540242682,
		1.5728905451408897,
		1.0
	],
	"intrinsic" : 
	{
		"height" : 1536,
		"intrinsic_matrix" : 
		[
			973.43609619140591,
			0.0,
			0.0,
			0.0,
			973.43609619140591,
			0.0,
			1023.5,
			767.5,
			1.0
		],
		"width" : 2048
	},
	"version_major" : 1,
	"version_minor" : 0
}