{
	"class_name" : "PinholeCameraParameters",
	"extrinsic" : 
	[
		-0.63400041104763694,
		0.075104632519079451,
		0.76967705758038651,
		0.0,
		0.55665404604716506,
		-0.6465668529212637,
		0.52162014696790016,
		0.0,
		0.53682376233802098,
		0.75915123584017641,
		0.36811635295322714,
		0.0,
		0.091133260583208808,
		0.20880285540242671,
		1.6669594512004435,
		1.0
	],
	"intrinsic" : 
	{
		"height" : 1536,
		"intrinsic_matrix" : 
		[
			973.43609619140591,
			0.0,
			0.0,
			0.0,
			973.43609619140591,
			0.0,
			1023.5,
			767.5,
			1.0
		],
		"width" : 2048
	},
	"version_major" : 1,
	"version_minor" : 0
}