{
	"class_name" : "PinholeCameraParameters",
	"extrinsic" : 
	[
		-0.99384866873811317,
		0.075104632519079437,
		-0.081388683621585189,
		0.0,
		-0.11067204442161857,
		-0.6465668529212637,
		0.75478672702097271,
		0.0,
		0.004064754730576145,
		0.7591512358401763,
		0.65090158925241015,
		0.0,
		-0.079723222632049687,
		0.2088028554024266,
		1.6729248029806736,
		1.0
	],
	"intrinsic" : 
	{
		"height" : 1536,
		"intrinsic_matrix" : 
		[
			973.43609619140591,
			0.0,
			0.0,
			0.0,
			973.43609619140591,
			0.0,
			1023.5,
			767.5,
			1.0
		],
		"width" : 2048
	},
	"version_major" : 1,
	"version_minor" : 0
}