{
	"class_name" : "PinholeCameraParameters",
	"extrinsic" : 
	[
		-0.74638772001870168,
		0.075104632519079423,
		-0.66125990773632892,
		0.0,
		-0.54129426940916492,
		-0.6465668529212637,
		0.53754238773169449,
		0.0,
		-0.38717681401406595,
		0.75915123584017641,
		0.52324326638022811,
		0.0,
		-0.16358997156343424,
		0.20880285540242682,
		1.5918494268576651,
		1.0
	],
	"intrinsic" : 
	{
		"height" : 1536,
		"intrinsic_matrix" : 
		[
			973.43609619140591,
			0.0,
			0.0,
			0.0,
			973.43609619140591,
			0.0,
			1023.5,
			767.5,
			1.0
		],
		"width" : 2048
	},
	"version_major" : 1,
	"version_minor" : 0
}