{
	"class_name" : "PinholeCameraParameters",
	"extrinsic" : 
	[
		-0.35181416463688048,
		0.075104632519079423,
		-0.93305202841804491,
		0.0,
		-0.72952680074821752,
		-0.64656685292126359,
		0.22302903778110081,
		0.0,
		-0.58652999970242325,
		0.75915123584017641,
		0.2822622195254057,
		0.0,
		-0.18449481852078484,
		0.20880285540242693,
		1.5057025128922881,
		1.0
	],
	"intrinsic" : 
	{
		"height" : 1536,
		"intrinsic_matrix" : 
		[
			973.43609619140591,
			0.0,
			0.0,
			0.0,
			973.43609619140591,
			0.0,
			1023.5,
			767.5,
			1.0
		],
		"width" : 2048
	},
	"version_major" : 1,
	"version_minor" : 0
}