{
	"class_name" : "PinholeCameraParameters",
	"extrinsic" : 
	[
		0.11523586875692826,
		0.075104632519079492,
		-0.99049482014092838,
		0.0,
		-0.75057325684281528,
		-0.6465668529212637,
		-0.13634915040388867,
		0.0,
		-0.65066157152870596,
		0.75915123584017641,
		-0.018136164371986563,
		0.0,
		-0.16356714860731178,
		0.20880285540242682,
		1.4211907405421236,
		1.0
	],
	"intrinsic" : 
	{
		"height" : 1536,
		"intrinsic_matrix" : 
		[
			973.43609619140591,
			0.0,
			0.0,
			0.0,
			973.43609619140591,
			0.0,
			1023.5,
			767.5,
			1.0
		],
		"width" : 2048
	},
	"version_major" : 1,
	"version_minor" : 0
}