{
	"class_name" : "PinholeCameraParameters",
	"extrinsic" : 
	[
		0.35194837154902614,
		0.075104632519079478,
		-0.93300141368497547,
		0.0,
		-0.69511946937380686,
		-0.6465668529212637,
		-0.31426140074939235,
		0.0,
		-0.62685027483559896,
		0.75915123584017641,
		-0.17535145867904015,
		0.0,
		-0.13799285463300376,
		0.20880285540242677,
		1.3840796602843657,
		1.0
	],
	"intrinsic" : 
	{
		"height" : 1536,
		"intrinsic_matrix" : 
		[
			973.43609619140591,
			0.0,
			0.0,
			0.0,
			973.43609619140591,
			0.0,
			1023.5,
			767.5,
			1.0
		],
		"width" : 2048
	},
	"version_major" : 1,
	"version_minor" : 0
}