{
	"class_name" : "PinholeCameraParameters",
	"extrinsic" : 
	[
		-0.36064718515636562,
		-0.85414802635898546,
		-0.37465284852225539,
		0.0,
		-0.67649940882265536,
		-0.036978236905871625,
		0.73551421458591204,
		0.0,
		-0.64209201653765169,
		0.51871356167193394,
		-0.56449453782674375,
		0.0,
		-0.20005191326805533,
		0.068748175088139962,
		1.2647369072077692,
		1.0
	],
	"intrinsic" : 
	{
		"height" : 1536,
		"intrinsic_matrix" : 
		[
			973.43609619140591,
			0.0,
			0.0,
			0.0,
			973.43609619140591,
			0.0,
			1023.5,
			767.5,
			1.0
		],
		"width" : 2048
	},
	"version_major" : 1,
	"version_minor" : 0
}