{
	"class_name" : "PinholeCameraParameters",
	"extrinsic" : 
	[
		0.57632209349881913,
		0.18386390098443692,
		-0.79627062639527502,
		0.0,
		-0.5931294543318969,
		-0.57617386102673429,
		-0.56233542683481341,
		0.0,
		-0.56218350647193904,
		0.79637789257633884,
		-0.22300663054399217,
		0.0,
		-0.1025629672786082,
		0.2275312760543533,
		1.3826547880802562,
		1.0
	],
	"intrinsic" : 
	{
		"height" : 1536,
		"intrinsic_matrix" : 
		[
			973.43609619140591,
			0.0,
			0.0,
			0.0,
			973.43609619140591,
			0.0,
			1023.5,
			767.5,
			1.0
		],
		"width" : 2048
	},
	"version_major" : 1,
	"version_minor" : 0
}