{
	"class_name" : "PinholeCameraParameters",
	"extrinsic" : 
	[
		0.81699660072754421,
		0.18386390098443697,
		-0.54654425284181962,
		0.0,
		-0.36090588314472732,
		-0.57617386102673418,
		-0.73332845668299962,
		0.0,
		-0.44973714313047586,
		0.79637789257633895,
		-0.40437452232368343,
		0.0,
		-0.053151876452150942,
		0.22753127605435314,
		1.3547458083224582,
		1.0
	],
	"intrinsic" : 
	{
		"height" : 1536,
		"intrinsic_matrix" : 
		[
			973.43609619140591,
			0.0,
			0.0,
			0.0,
			973.43609619140591,
			0.0,
			1023.5,
			767.5,
			1.0
		],
		"width" : 2048
	},
	"version_major" : 1,
	"version_minor" : 0
}