{
	"class_name" : "PinholeCameraParameters",
	"extrinsic" : 
	[
		0.86994646572221779,
		0.183863900984437,
		0.45758847526156876,
		0.0,
		0.47254830013938798,
		-0.57617386102673418,
		-0.66687464032224275,
		0.0,
		0.14103634571555343,
		0.79637789257633895,
		-0.58812498790892409,
		0.0,
		0.10809205461749148,
		0.22753127605435342,
		1.3874482937120518,
		1.0
	],
	"intrinsic" : 
	{
		"height" : 1536,
		"intrinsic_matrix" : 
		[
			973.43609619140591,
			0.0,
			0.0,
			0.0,
			973.43609619140591,
			0.0,
			1023.5,
			767.5,
			1.0
		],
		"width" : 2048
	},
	"version_major" : 1,
	"version_minor" : 0
}