{
	"class_name" : "PinholeCameraParameters",
	"extrinsic" : 
	[
		0.66043557218668225,
		0.18386390098443706,
		0.72802398374314192,
		0.0,
		0.67248099627693758,
		-0.57617386102673407,
		-0.46453524249073203,
		0.0,
		0.33405712780425295,
		0.79637789257633895,
		-0.5041706928995795,
		0.0,
		0.14236153422321673,
		0.22753127605435342,
		1.4317062253731678,
		1.0
	],
	"intrinsic" : 
	{
		"height" : 1536,
		"intrinsic_matrix" : 
		[
			973.43609619140591,
			0.0,
			0.0,
			0.0,
			973.43609619140591,
			0.0,
			1023.5,
			767.5,
			1.0
		],
		"width" : 2048
	},
	"version_major" : 1,
	"version_minor" : 0
}