{
	"class_name" : "PinholeCameraParameters",
	"extrinsic" : 
	[
		0.38375863125086696,
		0.18386390098443711,
		0.90494385397948651,
		0.0,
		0.78796979249228805,
		-0.57617386102673418,
		-0.21708820324745035,
		0.0,
		0.4814903104529954,
		0.79637789257633895,
		-0.36599089217567615,
		0.0,
		0.1590674846971851,
		0.22753127605435344,
		1.4827779347710028,
		1.0
	],
	"intrinsic" : 
	{
		"height" : 1536,
		"intrinsic_matrix" : 
		[
			973.43609619140591,
			0.0,
			0.0,
			0.0,
			973.43609619140591,
			0.0,
			1023.5,
			767.5,
			1.0
		],
		"width" : 2048
	},
	"version_major" : 1,
	"version_minor" : 0
}