{
	"class_name" : "PinholeCameraParameters",
	"extrinsic" : 
	[
		-0.22654742630631325,
		0.18386390098443706,
		0.95648854125325034,
		0.0,
		0.76353857894968014,
		-0.57617386102673418,
		0.29160336130615638,
		0.0,
		0.60471902739163808,
		0.79637789257633895,
		-0.0098564763572237535,
		0.0,
		0.1422584885938494,
		0.2275312760543533,
		1.5815733931877658,
		1.0
	],
	"intrinsic" : 
	{
		"height" : 1536,
		"intrinsic_matrix" : 
		[
			973.43609619140591,
			0.0,
			0.0,
			0.0,
			973.43609619140591,
			0.0,
			1023.5,
			767.5,
			1.0
		],
		"width" : 2048
	},
	"version_major" : 1,
	"version_minor" : 0
}