{
	"class_name" : "PinholeCameraParameters",
	"extrinsic" : 
	[
		-0.53476658216175221,
		0.18386390098443703,
		0.82475376235445153,
		0.0,
		0.62116277681954812,
		-0.57617386102673418,
		0.53120663264249068,
		0.0,
		0.57287128335854498,
		0.79637789257633895,
		0.19390911509983963,
		0.0,
		0.1087758611367336,
		0.2275312760543533,
		1.6250113887978901,
		1.0
	],
	"intrinsic" : 
	{
		"height" : 1536,
		"intrinsic_matrix" : 
		[
			973.43609619140591,
			0.0,
			0.0,
			0.0,
			973.43609619140591,
			0.0,
			1023.5,
			767.5,
			1.0
		],
		"width" : 2048
	},
	"version_major" : 1,
	"version_minor" : 0
}