{
	"class_name" : "PinholeCameraParameters",
	"extrinsic" : 
	[
		-0.83630891276318164,
		0.18386390098443714,
		0.51650892378317159,
		0.0,
		0.33403201540448024,
		-0.57617386102673418,
		0.74595327906938436,
		0.0,
		0.43475282071274257,
		0.79637789257633895,
		0.42044290587187116,
		0.0,
		0.047603312440083256,
		0.2275312760543533,
		1.6601685142031075,
		1.0
	],
	"intrinsic" : 
	{
		"height" : 1536,
		"intrinsic_matrix" : 
		[
			973.43609619140591,
			0.0,
			0.0,
			0.0,
			973.43609619140591,
			0.0,
			1023.5,
			767.5,
			1.0
		],
		"width" : 2048
	},
	"version_major" : 1,
	"version_minor" : 0
}