{
	"class_name" : "PinholeCameraParameters",
	"extrinsic" : 
	[
		-0.91198141091310736,
		0.18386390098443717,
		-0.36672056400442449,
		0.0,
		-0.40226002373610642,
		-0.57617386102673407,
		0.71148475399924971,
		0.0,
		-0.080478440919076133,
		0.79637789257633895,
		0.59942094788462641,
		0.0,
		-0.095416687252375579,
		0.22753127605435342,
		1.6360133827738745,
		1.0
	],
	"intrinsic" : 
	{
		"height" : 1536,
		"intrinsic_matrix" : 
		[
			973.43609619140591,
			0.0,
			0.0,
			0.0,
			973.43609619140591,
			0.0,
			1023.5,
			767.5,
			1.0
		],
		"width" : 2048
	},
	"version_major" : 1,
	"version_minor" : 0
}