{
	"class_name" : "PinholeCameraParameters",
	"extrinsic" : 
	[
		-0.87811471183970236,
		0.18386390098443725,
		-0.4417110127283016,
		0.0,
		-0.46035702677940826,
		-0.57617386102673407,
		0.67534812486921814,
		0.0,
		-0.13033019890071509,
		0.79637789257633895,
		0.59058978273431828,
		0.0,
		-0.10591096817077061,
		0.2275312760543533,
		1.6275793936551834,
		1.0
	],
	"intrinsic" : 
	{
		"height" : 1536,
		"intrinsic_matrix" : 
		[
			973.43609619140591,
			0.0,
			0.0,
			0.0,
			973.43609619140591,
			0.0,
			1023.5,
			767.5,
			1.0
		],
		"width" : 2048
	},
	"version_major" : 1,
	"version_minor" : 0
}