{
	"class_name" : "PinholeCameraParameters",
	"extrinsic" : 
	[
		0.17871935012382464,
		-0.85414802635898546,
		-0.48835493542951702,
		0.0,
		-0.95758628205346885,
		-0.036978236905871625,
		-0.28576410274621189,
		0.0,
		0.22602633986845891,
		0.51871356167193383,
		-0.82452915935295146,
		0.0,
		0.075349150373256263,
		0.068748175088140129,
		1.1867996065099184,
		1.0
	],
	"intrinsic" : 
	{
		"height" : 1536,
		"intrinsic_matrix" : 
		[
			973.43609619140591,
			0.0,
			0.0,
			0.0,
			973.43609619140591,
			0.0,
			1023.5,
			767.5,
			1.0
		],
		"width" : 2048
	},
	"version_major" : 1,
	"version_minor" : 0
}