{
	"class_name" : "PinholeCameraParameters",
	"extrinsic" : 
	[
		-0.87146922573484642,
		0.25329858832670393,
		-0.41997763481976802,
		0.0,
		-0.47031938081063906,
		-0.67442200918987039,
		0.56917012707466963,
		0.0,
		-0.13907217058421309,
		0.69353787111591647,
		0.70686926138926021,
		0.0,
		-0.10769387145386553,
		0.20583457606666578,
		1.6603984920067782,
		1.0
	],
	"intrinsic" : 
	{
		"height" : 1536,
		"intrinsic_matrix" : 
		[
			973.43609619140591,
			0.0,
			0.0,
			0.0,
			973.43609619140591,
			0.0,
			1023.5,
			767.5,
			1.0
		],
		"width" : 2048
	},
	"version_major" : 1,
	"version_minor" : 0
}