{
	"class_name" : "PinholeCameraParameters",
	"extrinsic" : 
	[
		-0.8274382890811125,
		0.25329858832670399,
		-0.50118430034690875,
		0.0,
		-0.52246301203855905,
		-0.67442200918987028,
		0.52171577949291037,
		0.0,
		-0.20585985236106139,
		0.69353787111591636,
		0.69038173680499737,
		0.0,
		-0.12187783398982827,
		0.20583457606666578,
		1.6494251149771988,
		1.0
	],
	"intrinsic" : 
	{
		"height" : 1536,
		"intrinsic_matrix" : 
		[
			973.43609619140591,
			0.0,
			0.0,
			0.0,
			973.43609619140591,
			0.0,
			1023.5,
			767.5,
			1.0
		],
		"width" : 2048
	},
	"version_major" : 1,
	"version_minor" : 0
}