{
	"class_name" : "PinholeCameraParameters",
	"extrinsic" : 
	[
		-0.48825069759358752,
		0.25329858832670404,
		-0.83513536714180303,
		0.0,
		-0.70803349380564284,
		-0.67442200918987039,
		0.20938845519673058,
		0.0,
		-0.51019587214005369,
		0.69353787111591636,
		0.50863090092841656,
		0.0,
		-0.17526784576478716,
		0.20583457606666566,
		1.5740029462484406,
		1.0
	],
	"intrinsic" : 
	{
		"height" : 1536,
		"intrinsic_matrix" : 
		[
			973.43609619140591,
			0.0,
			0.0,
			0.0,
			973.43609619140591,
			0.0,
			1023.5,
			767.5,
			1.0
		],
		"width" : 2048
	},
	"version_major" : 1,
	"version_minor" : 0
}