{
	"class_name" : "PinholeCameraParameters",
	"extrinsic" : 
	[
		0.39721355171825057,
		0.25329858832670404,
		-0.8820777853925762,
		0.0,
		-0.58118738595463981,
		-0.67442200918987039,
		-0.45538574409780441,
		0.0,
		-0.71024123841029208,
		0.69353787111591636,
		-0.12067561721166947,
		0.0,
		-0.15660031898838456,
		0.2058345760666655,
		1.402878357003378,
		1.0
	],
	"intrinsic" : 
	{
		"height" : 1536,
		"intrinsic_matrix" : 
		[
			973.43609619140591,
			0.0,
			0.0,
			0.0,
			973.43609619140591,
			0.0,
			1023.5,
			767.5,
			1.0
		],
		"width" : 2048
	},
	"version_major" : 1,
	"version_minor" : 0
}