{
	"class_name" : "PinholeCameraParameters",
	"extrinsic" : 
	[
		0.41460954595884203,
		0.25329858832670404,
		-0.87403589717556907,
		0.0,
		-0.57205215363667816,
		-0.6744220091898705,
		-0.46680969038778186,
		0.0,
		-0.70771128146966922,
		0.69353787111591625,
		-0.13472180004944082,
		0.0,
		-0.15451601446062388,
		0.20583457606666553,
		1.3997964506333316,
		1.0
	],
	"intrinsic" : 
	{
		"height" : 1536,
		"intrinsic_matrix" : 
		[
			973.43609619140591,
			0.0,
			0.0,
			0.0,
			973.43609619140591,
			0.0,
			1023.5,
			767.5,
			1.0
		],
		"width" : 2048
	},
	"version_major" : 1,
	"version_minor" : 0
}