{
	"class_name" : "PinholeCameraParameters",
	"extrinsic" : 
	[
		0.6414709845556954,
		0.25329858832670404,
		-0.72412347091145013,
		0.0,
		-0.41954238316629477,
		-0.6744220091898705,
		-0.6075682202415168,
		0.0,
		-0.64226097865298704,
		0.69353787111591636,
		-0.32635265684181286,
		0.0,
		-0.1187051178578134,
		0.20583457606666555,
		1.3610122465229395,
		1.0
	],
	"intrinsic" : 
	{
		"height" : 1536,
		"intrinsic_matrix" : 
		[
			973.43609619140591,
			0.0,
			0.0,
			0.0,
			973.43609619140591,
			0.0,
			1023.5,
			767.5,
			1.0
		],
		"width" : 2048
	},
	"version_major" : 1,
	"version_minor" : 0
}