{
	"class_name" : "PinholeCameraParameters",
	"extrinsic" : 
	[
		0.95757953884626779,
		0.2532985883267041,
		-0.13740906787642515,
		0.0,
		0.072966607300439218,
		-0.67442200918987039,
		-0.73473180667462734,
		0.0,
		-0.27877822906753791,
		0.69353787111591625,
		-0.66429505517199972,
		0.0,
		0.0035866721068842367,
		0.20583457606666566,
		1.3187736498128229,
		1.0
	],
	"intrinsic" : 
	{
		"height" : 1536,
		"intrinsic_matrix" : 
		[
			973.43609619140591,
			0.0,
			0.0,
			0.0,
			973.43609619140591,
			0.0,
			1023.5,
			767.5,
			1.0
		],
		"width" : 2048
	},
	"version_major" : 1,
	"version_minor" : 0
}