{
	"class_name" : "PinholeCameraParameters",
	"extrinsic" : 
	[
		0.68122735205515939,
		0.25329858832670415,
		0.68685451149687804,
		0.0,
		0.63337097397884923,
		-0.6744220091898705,
		-0.37946826328611766,
		0.0,
		0.36711102425969172,
		0.69353787111591636,
		-0.61986669308408793,
		0.0,
		0.15288528626444331,
		0.20583457606666539,
		1.3974736706601594,
		1.0
	],
	"intrinsic" : 
	{
		"height" : 1536,
		"intrinsic_matrix" : 
		[
			973.43609619140591,
			0.0,
			0.0,
			0.0,
			973.43609619140591,
			0.0,
			1023.5,
			767.5,
			1.0
		],
		"width" : 2048
	},
	"version_major" : 1,
	"version_minor" : 0
}