{
	"class_name" : "PinholeCameraParameters",
	"extrinsic" : 
	[
		-0.27325453956473383,
		0.25329858832670404,
		0.92799341687264381,
		0.0,
		0.63784255667739842,
		-0.67442200918987028,
		0.37190297983686338,
		0.0,
		0.72006168450939345,
		0.69353787111591636,
		0.02272425641241993,
		0.0,
		0.1692703915777353,
		0.20583457606666553,
		1.5878889756439296,
		1.0
	],
	"intrinsic" : 
	{
		"height" : 1536,
		"intrinsic_matrix" : 
		[
			973.43609619140591,
			0.0,
			0.0,
			0.0,
			973.43609619140591,
			0.0,
			1023.5,
			767.5,
			1.0
		],
		"width" : 2048
	},
	"version_major" : 1,
	"version_minor" : 0
}