{
	"class_name" : "PinholeCameraParameters",
	"extrinsic" : 
	[
		-0.30176766268618815,
		0.25329858832670404,
		0.91911702351148628,
		0.0,
		0.62605954044442147,
		-0.67442200918987028,
		0.39141334333261857,
		0.0,
		0.71901719699561761,
		0.69353787111591636,
		0.04493875557431299,
		0.0,
		0.16667889430092472,
		0.2058345760666655,
		1.5930748936818517,
		1.0
	],
	"intrinsic" : 
	{
		"height" : 1536,
		"intrinsic_matrix" : 
		[
			973.43609619140591,
			0.0,
			0.0,
			0.0,
			973.43609619140591,
			0.0,
			1023.5,
			767.5,
			1.0
		],
		"width" : 2048
	},
	"version_major" : 1,
	"version_minor" : 0
}