{
	"class_name" : "PinholeCameraParameters",
	"extrinsic" : 
	[
		0.51373736769295841,
		-0.85414802635898557,
		-0.080653990000246922,
		0.0,
		-0.21470402308705536,
		-0.036978236905871584,
		-0.97597888935446064,
		0.0,
		0.83064799976051429,
		0.51871356167193383,
		-0.20238611966109146,
		0.0,
		0.26329042771047301,
		0.06874817508813999,
		1.3861819976286021,
		1.0
	],
	"intrinsic" : 
	{
		"height" : 1536,
		"intrinsic_matrix" : 
		[
			973.43609619140591,
			0.0,
			0.0,
			0.0,
			973.43609619140591,
			0.0,
			1023.5,
			767.5,
			1.0
		],
		"width" : 2048
	},
	"version_major" : 1,
	"version_minor" : 0
}