{
	"class_name" : "PinholeCameraParameters",
	"extrinsic" : 
	[
		-0.72783164030305747,
		-0.24730209741134626,
		0.6396114257810831,
		0.0,
		0.33940498149030207,
		-0.94036807784865761,
		0.022630437529770397,
		0.0,
		0.59587361236534775,
		0.23355845259628286,
		0.76836520438363243,
		0.0,
		0.099363957332744612,
		0.042679335901102122,
		1.7633355606274534,
		1.0
	],
	"intrinsic" : 
	{
		"height" : 1536,
		"intrinsic_matrix" : 
		[
			973.43609619140591,
			0.0,
			0.0,
			0.0,
			973.43609619140591,
			0.0,
			1023.5,
			767.5,
			1.0
		],
		"width" : 2048
	},
	"version_major" : 1,
	"version_minor" : 0
}