{
	"class_name" : "PinholeCameraParameters",
	"extrinsic" : 
	[
		-0.96878212107021444,
		-0.24730209741134623,
		0.017403290224712209,
		0.0,
		0.24430084053975762,
		-0.94036807784865761,
		0.23669595998831286,
		0.0,
		-0.042169908777046905,
		0.23355845259628286,
		0.97142789130977991,
		0.0,
		-0.090216833103600041,
		0.042679335901102122,
		1.7666901338614416,
		1.0
	],
	"intrinsic" : 
	{
		"height" : 1536,
		"intrinsic_matrix" : 
		[
			973.43609619140591,
			0.0,
			0.0,
			0.0,
			973.43609619140591,
			0.0,
			1023.5,
			767.5,
			1.0
		],
		"width" : 2048
	},
	"version_major" : 1,
	"version_minor" : 0
}