{
	"class_name" : "PinholeCameraParameters",
	"extrinsic" : 
	[
		-0.95291152623943054,
		-0.24730209741134623,
		-0.17550297939348022,
		0.0,
		0.19237975799843116,
		-0.94036807784865761,
		0.28053147216611218,
		0.0,
		-0.23441342084553179,
		0.23355845259628291,
		0.94366349794210314,
		0.0,
		-0.14012486753163655,
		0.042679335901102178,
		1.7435676355021108,
		1.0
	],
	"intrinsic" : 
	{
		"height" : 1536,
		"intrinsic_matrix" : 
		[
			973.43609619140591,
			0.0,
			0.0,
			0.0,
			973.43609619140591,
			0.0,
			1023.5,
			767.5,
			1.0
		],
		"width" : 2048
	},
	"version_major" : 1,
	"version_minor" : 0
}