{
	"class_name" : "PinholeCameraParameters",
	"extrinsic" : 
	[
		-0.94812138848230454,
		-0.24730209741134621,
		-0.19976862946502877,
		0.0,
		0.18515658250863667,
		-0.94036807784865761,
		0.28535051798961836,
		0.0,
		-0.25842382370073647,
		0.23355845259628291,
		0.93737269885820795,
		0.0,
		-0.1461292351581327,
		0.042679335901102122,
		1.7399137577424866,
		1.0
	],
	"intrinsic" : 
	{
		"height" : 1536,
		"intrinsic_matrix" : 
		[
			973.43609619140591,
			0.0,
			0.0,
			0.0,
			973.43609619140591,
			0.0,
			1023.5,
			767.5,
			1.0
		],
		"width" : 2048
	},
	"version_major" : 1,
	"version_minor" : 0
}