{
	"class_name" : "PinholeCameraParameters",
	"extrinsic" : 
	[
		-0.25262480886502414,
		-0.24730209741134618,
		-0.93542630846147312,
		0.0,
		-0.17013258344089366,
		-0.94036807784865761,
		0.2945552277841092,
		0.0,
		-0.95248916529146799,
		0.23355845259628294,
		0.19548616120634341,
		0.0,
		-0.27428178889385046,
		0.04267933590110215,
		1.482341758878901,
		1.0
	],
	"intrinsic" : 
	{
		"height" : 1536,
		"intrinsic_matrix" : 
		[
			973.43609619140591,
			0.0,
			0.0,
			0.0,
			973.43609619140591,
			0.0,
			1023.5,
			767.5,
			1.0
		],
		"width" : 2048
	},
	"version_major" : 1,
	"version_minor" : 0
}