{
	"class_name" : "PinholeCameraParameters",
	"extrinsic" : 
	[
		0.70086453198913756,
		-0.24730209741134626,
		-0.66905200127912057,
		0.0,
		-0.3400491363619359,
		-0.94036807784865761,
		-0.008629195948792745,
		0.0,
		-0.62702112616653427,
		0.23355845259628297,
		-0.74316549742414784,
		0.0,
		-0.10985840261188407,
		0.042679335901102122,
		1.2540597211780538,
		1.0
	],
	"intrinsic" : 
	{
		"height" : 1536,
		"intrinsic_matrix" : 
		[
			973.43609619140591,
			0.0,
			0.0,
			0.0,
			973.43609619140591,
			0.0,
			1023.5,
			767.5,
			1.0
		],
		"width" : 2048
	},
	"version_major" : 1,
	"version_minor" : 0
}