{
	"class_name" : "PinholeCameraParameters",
	"extrinsic" : 
	[
		0.96847503819692682,
		-0.24730209741134629,
		-0.029962860434381622,
		0.0,
		-0.24734925669973695,
		-0.94036807784865761,
		-0.23350850813901577,
		0.0,
		0.029571026352645986,
		0.23355845259628297,
		-0.97189300008863166,
		0.0,
		0.086836220892380828,
		0.042679335901102067,
		1.2452459204401674,
		1.0
	],
	"intrinsic" : 
	{
		"height" : 1536,
		"intrinsic_matrix" : 
		[
			973.43609619140591,
			0.0,
			0.0,
			0.0,
			973.43609619140591,
			0.0,
			1023.5,
			767.5,
			1.0
		],
		"width" : 2048
	},
	"version_major" : 1,
	"version_minor" : 0
}