{
	"class_name" : "PinholeCameraParameters",
	"extrinsic" : 
	[
		0.80381258173473924,
		-0.24730209741134626,
		0.54104251779401058,
		0.0,
		-0.064510962659611593,
		-0.94036807784865761,
		-0.33398534976844618,
		0.0,
		0.59137438999475067,
		0.23355845259628297,
		-0.77183338880821062,
		0.0,
		0.223041428555662,
		0.042679335901102039,
		1.3450840067855583,
		1.0
	],
	"intrinsic" : 
	{
		"height" : 1536,
		"intrinsic_matrix" : 
		[
			973.43609619140591,
			0.0,
			0.0,
			0.0,
			973.43609619140591,
			0.0,
			1023.5,
			767.5,
			1.0
		],
		"width" : 2048
	},
	"version_major" : 1,
	"version_minor" : 0
}