{
	"class_name" : "PinholeCameraParameters",
	"extrinsic" : 
	[
		-0.20713904861439766,
		-0.24730209741134626,
		0.94653847632046706,
		0.0,
		0.28678241575744051,
		-0.94036807784865761,
		-0.1829309273347394,
		0.0,
		0.9353337695985583,
		0.23355845259628297,
		0.26570884191042854,
		0.0,
		0.23222783696712512,
		0.042679335901102122,
		1.6544824247870566,
		1.0
	],
	"intrinsic" : 
	{
		"height" : 1536,
		"intrinsic_matrix" : 
		[
			973.43609619140591,
			0.0,
			0.0,
			0.0,
			973.43609619140591,
			0.0,
			1023.5,
			767.5,
			1.0
		],
		"width" : 2048
	},
	"version_major" : 1,
	"version_minor" : 0
}