{
	"class_name" : "PinholeCameraParameters",
	"extrinsic" : 
	[
		-0.50985414683867691,
		-0.24730209741134632,
		0.82394806970303291,
		0.0,
		0.33126902580553808,
		-0.94036807784865761,
		-0.077257431390584913,
		0.0,
		0.79392038737725767,
		0.23355845259628299,
		0.56137408893497676,
		0.0,
		0.16988339025888943,
		0.042679335901102122,
		1.7232347911465764,
		1.0
	],
	"intrinsic" : 
	{
		"height" : 1536,
		"intrinsic_matrix" : 
		[
			973.43609619140591,
			0.0,
			0.0,
			0.0,
			973.43609619140591,
			0.0,
			1023.5,
			767.5,
			1.0
		],
		"width" : 2048
	},
	"version_major" : 1,
	"version_minor" : 0
}