{
	"class_name" : "PinholeCameraParameters",
	"extrinsic" : 
	[
		0.47595740520373825,
		-0.85414802635898557,
		0.20951300078700208,
		0.0,
		0.34627731978269888,
		-0.036978236905871598,
		-0.93740312982165996,
		0.0,
		0.80842845461786861,
		0.51871356167193383,
		0.27817202357854376,
		0.0,
		0.25395927319339229,
		0.068748175088140018,
		1.5378335909350822,
		1.0
	],
	"intrinsic" : 
	{
		"height" : 1536,
		"intrinsic_matrix" : 
		[
			973.43609619140591,
			0.0,
			0.0,
			0.0,
			973.43609619140591,
			0.0,
			1023.5,
			767.5,
			1.0
		],
		"width" : 2048
	},
	"version_major" : 1,
	"version_minor" : 0
}