{
	"class_name" : "PinholeCameraParameters",
	"extrinsic" : 
	[
		-0.93744211658837862,
		-0.34358687856559378,
		-0.056127844461130838,
		0.0,
		0.29316732583592536,
		-0.69213482670176707,
		-0.65954704208928683,
		0.0,
		0.18776367355937978,
		-0.63474202519138989,
		0.74956478328922305,
		0.0,
		-0.026421351617410549,
		-0.19669562404420393,
		1.7021191026782785,
		1.0
	],
	"intrinsic" : 
	{
		"height" : 1536,
		"intrinsic_matrix" : 
		[
			973.43609619140591,
			0.0,
			0.0,
			0.0,
			973.43609619140591,
			0.0,
			1023.5,
			767.5,
			1.0
		],
		"width" : 2048
	},
	"version_major" : 1,
	"version_minor" : 0
}