{
	"class_name" : "PinholeCameraParameters",
	"extrinsic" : 
	[
		-0.92609546135006426,
		-0.34358687856559372,
		-0.15586934703258271,
		0.0,
		0.36189222684448152,
		-0.69213482670176707,
		-0.62448650731305433,
		0.0,
		0.10668276625750792,
		-0.63474202519139,
		0.76532434224946677,
		0.0,
		-0.047146225213334336,
		-0.19669562404420393,
		1.6981815697084537,
		1.0
	],
	"intrinsic" : 
	{
		"height" : 1536,
		"intrinsic_matrix" : 
		[
			973.43609619140591,
			0.0,
			0.0,
			0.0,
			973.43609619140591,
			0.0,
			1023.5,
			767.5,
			1.0
		],
		"width" : 2048
	},
	"version_major" : 1,
	"version_minor" : 0
}