{
	"class_name" : "PinholeCameraParameters",
	"extrinsic" : 
	[
		-0.5081808249141353,
		-0.34358687856559367,
		-0.7897469886407551,
		0.0,
		0.70541035799381413,
		-0.69213482670176685,
		-0.1527926978018066,
		0.0,
		-0.4941138290157725,
		-0.63474202519138989,
		0.59409939019603852,
		0.0,
		-0.17344963615549092,
		-0.19669562404420404,
		1.6006893461444667,
		1.0
	],
	"intrinsic" : 
	{
		"height" : 1536,
		"intrinsic_matrix" : 
		[
			973.43609619140591,
			0.0,
			0.0,
			0.0,
			973.43609619140591,
			0.0,
			1023.5,
			767.5,
			1.0
		],
		"width" : 2048
	},
	"version_major" : 1,
	"version_minor" : 0
}