{
	"class_name" : "PinholeCameraParameters",
	"extrinsic" : 
	[
		-0.30857584831153162,
		-0.34358687856559372,
		-0.88697745333033728,
		0.0,
		0.72156608612926398,
		-0.69213482670176685,
		0.017081130366891517,
		0.0,
		-0.61977683821429974,
		-0.63474202519138989,
		0.46149673050739881,
		0.0,
		-0.19070445892263949,
		-0.19669562404420393,
		1.5573387705768054,
		1.0
	],
	"intrinsic" : 
	{
		"height" : 1536,
		"intrinsic_matrix" : 
		[
			973.43609619140591,
			0.0,
			0.0,
			0.0,
			973.43609619140591,
			0.0,
			1023.5,
			767.5,
			1.0
		],
		"width" : 2048
	},
	"version_major" : 1,
	"version_minor" : 0
}