{
	"class_name" : "PinholeCameraParameters",
	"extrinsic" : 
	[
		-0.062303935247347238,
		-0.34358687856559378,
		-0.93705190706291519,
		0.0,
		0.69120014765238935,
		-0.69213482670176674,
		0.20782621959663916,
		0.0,
		-0.71997262138084783,
		-0.63474202519139,
		0.28061002462122275,
		0.0,
		-0.19734730560090569,
		-0.19669562404420399,
		1.5049458362895292,
		1.0
	],
	"intrinsic" : 
	{
		"height" : 1536,
		"intrinsic_matrix" : 
		[
			973.43609619140591,
			0.0,
			0.0,
			0.0,
			973.43609619140591,
			0.0,
			1023.5,
			767.5,
			1.0
		],
		"width" : 2048
	},
	"version_major" : 1,
	"version_minor" : 0
}