{
	"class_name" : "PinholeCameraParameters",
	"extrinsic" : 
	[
		0.79736481421084537,
		-0.34358687856559383,
		-0.49614252986017632,
		0.0,
		0.14207461190190784,
		-0.69213482670176674,
		0.70764693620437424,
		0.0,
		-0.58653572586111613,
		-0.63474202519139,
		-0.50306898507511522,
		0.0,
		-0.091505462879186594,
		-0.19669562404420399,
		1.3316841406957842,
		1.0
	],
	"intrinsic" : 
	{
		"height" : 1536,
		"intrinsic_matrix" : 
		[
			973.43609619140591,
			0.0,
			0.0,
			0.0,
			973.43609619140591,
			0.0,
			1023.5,
			767.5,
			1.0
		],
		"width" : 2048
	},
	"version_major" : 1,
	"version_minor" : 0
}