{
	"class_name" : "PinholeCameraParameters",
	"extrinsic" : 
	[
		0.93777359166577445,
		-0.34358687856559383,
		0.050286654808461673,
		0.0,
		-0.28905277402216778,
		-0.69213482670176674,
		0.66136062439232435,
		0.0,
		-0.19242968742988467,
		-0.63474202519139011,
		-0.74838050272008672,
		0.0,
		0.025202427495931434,
		-0.19669562404420415,
		1.3108040118006927,
		1.0
	],
	"intrinsic" : 
	{
		"height" : 1536,
		"intrinsic_matrix" : 
		[
			973.43609619140591,
			0.0,
			0.0,
			0.0,
			973.43609619140591,
			0.0,
			1023.5,
			767.5,
			1.0
		],
		"width" : 2048
	},
	"version_major" : 1,
	"version_minor" : 0
}