{
	"class_name" : "PinholeCameraParameters",
	"extrinsic" : 
	[
		0.4190127392407762,
		-0.34358687856559383,
		0.84046200463286458,
		0.0,
		-0.71786690586656932,
		-0.69213482670176674,
		0.074943226031934373,
		0.0,
		0.55596351482403905,
		-0.63474202519139022,
		-0.53666295907248274,
		0.0,
		0.18268338004762619,
		-0.19669562404420404,
		1.431874099962255,
		1.0
	],
	"intrinsic" : 
	{
		"height" : 1536,
		"intrinsic_matrix" : 
		[
			973.43609619140591,
			0.0,
			0.0,
			0.0,
			973.43609619140591,
			0.0,
			1023.5,
			767.5,
			1.0
		],
		"width" : 2048
	},
	"version_major" : 1,
	"version_minor" : 0
}