{
	"class_name" : "PinholeCameraParameters",
	"extrinsic" : 
	[
		-0.063071412829771578,
		-0.34358687856559383,
		0.93700056230570561,
		0.0,
		-0.65735698992165481,
		-0.69213482670176663,
		-0.29804558286889127,
		0.0,
		0.75093527329910281,
		-0.63474202519139022,
		-0.18220531488168634,
		0.0,
		0.1953760309655358,
		-0.19669562404420399,
		1.5344115339316706,
		1.0
	],
	"intrinsic" : 
	{
		"height" : 1536,
		"intrinsic_matrix" : 
		[
			973.43609619140591,
			0.0,
			0.0,
			0.0,
			973.43609619140591,
			0.0,
			1023.5,
			767.5,
			1.0
		],
		"width" : 2048
	},
	"version_major" : 1,
	"version_minor" : 0
}