{
	"class_name" : "PinholeCameraParameters",
	"extrinsic" : 
	[
		-0.17405319311337203,
		-0.34358687856559383,
		0.9228507695421786,
		0.0,
		-0.61724819622006077,
		-0.69213482670176663,
		-0.37410432492768247,
		0.0,
		0.76727449470845888,
		-0.63474202519139022,
		-0.091610104387080976,
		0.0,
		0.19067529314074913,
		-0.19669562404420399,
		1.55744814040472,
		1.0
	],
	"intrinsic" : 
	{
		"height" : 1536,
		"intrinsic_matrix" : 
		[
			973.43609619140591,
			0.0,
			0.0,
			0.0,
			973.43609619140591,
			0.0,
			1023.5,
			767.5,
			1.0
		],
		"width" : 2048
	},
	"version_major" : 1,
	"version_minor" : 0
}