{
	"class_name" : "PinholeCameraParameters",
	"extrinsic" : 
	[
		-0.27942382259175558,
		-0.0,
		0.96016786416137223,
		0.0,
		0.0,
		-1.0,
		-0.0,
		0.0,
		0.96016786416137223,
		-0.0,
		0.27942382259175558,
		0.0,
		0.2331353607254355,
		0.00059831142425537109,
		1.598689509226251,
		1.0
	],
	"intrinsic" : 
	{
		"height" : 1536,
		"intrinsic_matrix" : 
		[
			973.43609619140591,
			0.0,
			0.0,
			0.0,
			973.43609619140591,
			0.0,
			1023.5,
			767.5,
			1.0
		],
		"width" : 2048
	},
	"version_major" : 1,
	"version_minor" : 0
}