{
	"class_name" : "PinholeCameraParameters",
	"extrinsic" : 
	[
		0.27958805284712701,
		-0.96011181047993066,
		0.0039789549006994385,
		0.0,
		0.8083867831463597,
		0.23316518170794662,
		-0.54050421540759586,
		0.0,
		0.51801672708459201,
		0.15433505569393469,
		0.84133189708016987,
		0.0,
		0.16031241817643449,
		-0.037138474254693715,
		1.6709463649273513,
		1.0
	],
	"intrinsic" : 
	{
		"height" : 1536,
		"intrinsic_matrix" : 
		[
			973.43609619140591,
			0.0,
			0.0,
			0.0,
			973.43609619140591,
			0.0,
			1023.5,
			767.5,
			1.0
		],
		"width" : 2048
	},
	"version_major" : 1,
	"version_minor" : 0
}