{
	"class_name" : "PinholeCameraParameters",
	"extrinsic" : 
	[
		-0.81968656267973072,
		-0.45049920570113577,
		0.3537858174445857,
		0.0,
		-0.10883847760569708,
		-0.48388830472947042,
		-0.86833535822199104,
		0.0,
		0.56237720860180862,
		-0.75026833480341226,
		0.34760509351353436,
		0.0,
		0.08323123637613622,
		-0.23630636449413972,
		1.6586117257696247,
		1.0
	],
	"intrinsic" : 
	{
		"height" : 1536,
		"intrinsic_matrix" : 
		[
			973.43609619140591,
			0.0,
			0.0,
			0.0,
			973.43609619140591,
			0.0,
			1023.5,
			767.5,
			1.0
		],
		"width" : 2048
	},
	"version_major" : 1,
	"version_minor" : 0
}