{
	"class_name" : "PinholeCameraParameters",
	"extrinsic" : 
	[
		-0.64367144992430014,
		-0.45049920570113577,
		-0.61865784583644867,
		0.0,
		0.75838882481701753,
		-0.48388830472947042,
		-0.43669039254224773,
		0.0,
		-0.10263262125178543,
		-0.75026833480341215,
		0.65311864989931401,
		0.0,
		-0.080181694261675401,
		-0.23630636449413955,
		1.6606382345798913,
		1.0
	],
	"intrinsic" : 
	{
		"height" : 1536,
		"intrinsic_matrix" : 
		[
			973.43609619140591,
			0.0,
			0.0,
			0.0,
			973.43609619140591,
			0.0,
			1023.5,
			767.5,
			1.0
		],
		"width" : 2048
	},
	"version_major" : 1,
	"version_minor" : 0
}