{
	"class_name" : "PinholeCameraParameters",
	"extrinsic" : 
	[
		-0.31586852345066996,
		-0.45049920570113577,
		-0.8350314614167178,
		0.0,
		0.87240931798897547,
		-0.48388830472947048,
		-0.068949912487615228,
		0.0,
		-0.3730000774518743,
		-0.75026833480341215,
		0.54586478913024872,
		0.0,
		-0.12562515536900759,
		-0.23630636449413966,
		1.6142293580334073,
		1.0
	],
	"intrinsic" : 
	{
		"height" : 1536,
		"intrinsic_matrix" : 
		[
			973.43609619140591,
			0.0,
			0.0,
			0.0,
			973.43609619140591,
			0.0,
			1023.5,
			767.5,
			1.0
		],
		"width" : 2048
	},
	"version_major" : 1,
	"version_minor" : 0
}