{
	"class_name" : "PinholeCameraParameters",
	"extrinsic" : 
	[
		-0.0067419870218639322,
		-0.45049920570113577,
		-0.89275137147676387,
		0.0,
		0.84219608203607144,
		-0.48388830472947048,
		0.23781898147357786,
		0.0,
		-0.53912920994330094,
		-0.75026833480341215,
		0.38267103467237656,
		0.0,
		-0.14472384132640054,
		-0.23630636449413955,
		1.5658598249043516,
		1.0
	],
	"intrinsic" : 
	{
		"height" : 1536,
		"intrinsic_matrix" : 
		[
			973.43609619140591,
			0.0,
			0.0,
			0.0,
			973.43609619140591,
			0.0,
			1023.5,
			767.5,
			1.0
		],
		"width" : 2048
	},
	"version_major" : 1,
	"version_minor" : 0
}