{
	"class_name" : "PinholeCameraParameters",
	"extrinsic" : 
	[
		0.38745207999812092,
		-0.45049920570113577,
		-0.80432042829196837,
		0.0,
		0.65114442475733725,
		-0.48388830472947048,
		0.5846905563231507,
		0.0,
		-0.65260387971001677,
		-0.75026833480341215,
		0.10585651599570542,
		0.0,
		-0.14277230949013364,
		-0.23630636449413955,
		1.4990805189501752,
		1.0
	],
	"intrinsic" : 
	{
		"height" : 1536,
		"intrinsic_matrix" : 
		[
			973.43609619140591,
			0.0,
			0.0,
			0.0,
			973.43609619140591,
			0.0,
			1023.5,
			767.5,
			1.0
		],
		"width" : 2048
	},
	"version_major" : 1,
	"version_minor" : 0
}