{
	"class_name" : "PinholeCameraParameters",
	"extrinsic" : 
	[
		0.88796883319921938,
		-0.45049920570113577,
		-0.092530086617612195,
		0.0,
		-0.15575812188044394,
		-0.48388830472947042,
		0.86115707975625211,
		0.0,
		-0.43272480716396866,
		-0.75026833480341215,
		-0.49984664353801678,
		0.0,
		-0.042965801956499461,
		-0.23630636449413972,
		1.395423292978303,
		1.0
	],
	"intrinsic" : 
	{
		"height" : 1536,
		"intrinsic_matrix" : 
		[
			973.43609619140591,
			0.0,
			0.0,
			0.0,
			973.43609619140591,
			0.0,
			1023.5,
			767.5,
			1.0
		],
		"width" : 2048
	},
	"version_major" : 1,
	"version_minor" : 0
}