{
	"class_name" : "PinholeCameraParameters",
	"extrinsic" : 
	[
		0.79443174416032025,
		-0.45049920570113577,
		0.40734342947080582,
		0.0,
		-0.60070987143197851,
		-0.48388830472947042,
		0.63639591364984038,
		0.0,
		-0.089587132081384829,
		-0.75026833480341226,
		-0.65503554984195134,
		0.0,
		0.041130991612907536,
		-0.23630636449413966,
		1.3948781355941762,
		1.0
	],
	"intrinsic" : 
	{
		"height" : 1536,
		"intrinsic_matrix" : 
		[
			973.43609619140591,
			0.0,
			0.0,
			0.0,
			973.43609619140591,
			0.0,
			1023.5,
			767.5,
			1.0
		],
		"width" : 2048
	},
	"version_major" : 1,
	"version_minor" : 0
}