{
	"class_name" : "PinholeCameraParameters",
	"extrinsic" : 
	[
		0.61260210326498798,
		-0.45049920570113583,
		0.64943754798899545,
		0.0,
		-0.77886455302975677,
		-0.48388830472947036,
		0.39902646100201983,
		0.0,
		0.13449413038891386,
		-0.75026833480341215,
		-0.64730885571127861,
		0.0,
		0.086156434769483287,
		-0.23630636449413978,
		1.4167791988449876,
		1.0
	],
	"intrinsic" : 
	{
		"height" : 1536,
		"intrinsic_matrix" : 
		[
			973.43609619140591,
			0.0,
			0.0,
			0.0,
			973.43609619140591,
			0.0,
			1023.5,
			767.5,
			1.0
		],
		"width" : 2048
	},
	"version_major" : 1,
	"version_minor" : 0
}