{
	"class_name" : "PinholeCameraParameters",
	"extrinsic" : 
	[
		0.146957487703885,
		-0.45049920570113583,
		0.88059863869438737,
		0.0,
		-0.8691052291719491,
		-0.48388830472947031,
		-0.10250955649115523,
		0.0,
		0.47229185620094755,
		-0.75026833480341226,
		-0.46264222500500152,
		0.0,
		0.13833838948844568,
		-0.23630636449413966,
		1.4851009856411792,
		1.0
	],
	"intrinsic" : 
	{
		"height" : 1536,
		"intrinsic_matrix" : 
		[
			973.43609619140591,
			0.0,
			0.0,
			0.0,
			973.43609619140591,
			0.0,
			1023.5,
			767.5,
			1.0
		],
		"width" : 2048
	},
	"version_major" : 1,
	"version_minor" : 0
}