{
	"class_name" : "PinholeCameraParameters",
	"extrinsic" : 
	[
		-0.48428783119810009,
		-0.45049920570113577,
		0.75001050807044456,
		0.0,
		-0.57353784014838038,
		-0.4838883047294702,
		-0.66098899723366833,
		0.0,
		0.66069633151045393,
		-0.75026833480341226,
		-0.024037123786829821,
		0.0,
		0.13700258090328962,
		-0.23630636449413978,
		1.5916916416586266,
		1.0
	],
	"intrinsic" : 
	{
		"height" : 1536,
		"intrinsic_matrix" : 
		[
			973.43609619140591,
			0.0,
			0.0,
			0.0,
			973.43609619140591,
			0.0,
			1023.5,
			767.5,
			1.0
		],
		"width" : 2048
	},
	"version_major" : 1,
	"version_minor" : 0
}