{
	"class_name" : "PinholeCameraParameters",
	"extrinsic" : 
	[
		0.26884003836663284,
		-0.96011181047993077,
		0.07687876916273495,
		0.0,
		0.92151412503435681,
		0.23316518170794664,
		-0.31055710489580524,
		0.0,
		0.28024409205760498,
		0.15433505569393469,
		0.94744073136569273,
		0.0,
		0.096006638556364376,
		-0.037138474254693743,
		1.7050175803282377,
		1.0
	],
	"intrinsic" : 
	{
		"height" : 1536,
		"intrinsic_matrix" : 
		[
			973.43609619140591,
			0.0,
			0.0,
			0.0,
			973.43609619140591,
			0.0,
			1023.5,
			767.5,
			1.0
		],
		"width" : 2048
	},
	"version_major" : 1,
	"version_minor" : 0
}