{
	"class_name" : "PinholeCameraParameters",
	"extrinsic" : 
	[
		-0.82807593901677778,
		-0.55532034642225592,
		-0.076873611018003982,
		0.0,
		-0.087615969260852564,
		0.26363204178550498,
		-0.96063603330006686,
		0.0,
		0.55372708182999597,
		-0.78874422938838129,
		-0.26696228095850083,
		0.0,
		0.080230715511486764,
		-0.25553660056497063,
		1.4598481393235994,
		1.0
	],
	"intrinsic" : 
	{
		"height" : 1536,
		"intrinsic_matrix" : 
		[
			973.43609619140591,
			0.0,
			0.0,
			0.0,
			973.43609619140591,
			0.0,
			1023.5,
			767.5,
			1.0
		],
		"width" : 2048
	},
	"version_major" : 1,
	"version_minor" : 0
}