{
	"class_name" : "PinholeCameraParameters",
	"extrinsic" : 
	[
		-0.5332936884981031,
		-0.55532034642225603,
		-0.63813568671369092,
		0.0,
		0.61486356771165018,
		0.26363204178550498,
		-0.74326370801008901,
		0.0,
		0.58098247383977875,
		-0.78874422938838129,
		0.20085294545397983,
		0.0,
		0.11106101697623916,
		-0.25553660056497068,
		1.5387134178412898,
		1.0
	],
	"intrinsic" : 
	{
		"height" : 1536,
		"intrinsic_matrix" : 
		[
			973.43609619140591,
			0.0,
			0.0,
			0.0,
			973.43609619140591,
			0.0,
			1023.5,
			767.5,
			1.0
		],
		"width" : 2048
	},
	"version_major" : 1,
	"version_minor" : 0
}