{
	"class_name" : "PinholeCameraParameters",
	"extrinsic" : 
	[
		-0.4191031824700433,
		-0.55532034642225603,
		-0.71831179531798539,
		0.0,
		0.73047046102799795,
		0.26363204178550498,
		-0.63000877145445366,
		0.0,
		0.53922669445143934,
		-0.78874422938838129,
		0.29515608175591229,
		0.0,
		0.10915649132445687,
		-0.25553660056497074,
		1.5572520999813682,
		1.0
	],
	"intrinsic" : 
	{
		"height" : 1536,
		"intrinsic_matrix" : 
		[
			973.43609619140591,
			0.0,
			0.0,
			0.0,
			973.43609619140591,
			0.0,
			1023.5,
			767.5,
			1.0
		],
		"width" : 2048
	},
	"version_major" : 1,
	"version_minor" : 0
}