{
	"class_name" : "PinholeCameraParameters",
	"extrinsic" : 
	[
		-0.3397429935153421,
		-0.55532034642225603,
		-0.75907444378446831,
		0.0,
		0.79375622155058989,
		0.26363204178550498,
		-0.54813247239489171,
		0.0,
		0.50450545993771478,
		-0.78874422938838129,
		0.35122184086352537,
		0.0,
		0.10632363567096942,
		-0.25553660056497063,
		1.5688269631699745,
		1.0
	],
	"intrinsic" : 
	{
		"height" : 1536,
		"intrinsic_matrix" : 
		[
			973.43609619140591,
			0.0,
			0.0,
			0.0,
			973.43609619140591,
			0.0,
			1023.5,
			767.5,
			1.0
		],
		"width" : 2048
	},
	"version_major" : 1,
	"version_minor" : 0
}