{
	"class_name" : "PinholeCameraParameters",
	"extrinsic" : 
	[
		0.33152977447945742,
		-0.55532034642225603,
		-0.76269739837176953,
		0.0,
		0.93998128325493269,
		0.26363204178550498,
		0.21664102491083226,
		0.0,
		0.080766303394486302,
		-0.78874422938838129,
		0.60939260320627331,
		0.0,
		0.047938467304719942,
		-0.25553660056497063,
		1.6368739239512067,
		1.0
	],
	"intrinsic" : 
	{
		"height" : 1536,
		"intrinsic_matrix" : 
		[
			973.43609619140591,
			0.0,
			0.0,
			0.0,
			973.43609619140591,
			0.0,
			1023.5,
			767.5,
			1.0
		],
		"width" : 2048
	},
	"version_major" : 1,
	"version_minor" : 0
}