{
	"class_name" : "PinholeCameraParameters",
	"extrinsic" : 
	[
		0.56084752782237457,
		-0.55532034642225603,
		-0.61405973926402024,
		0.0,
		0.81901166752683319,
		0.26363204178550492,
		0.50962538692545722,
		0.0,
		-0.1211195235725727,
		-0.78874422938838129,
		0.60267122182503596,
		0.0,
		0.012871064906307433,
		-0.25553660056497063,
		1.6470025842118052,
		1.0
	],
	"intrinsic" : 
	{
		"height" : 1536,
		"intrinsic_matrix" : 
		[
			973.43609619140591,
			0.0,
			0.0,
			0.0,
			973.43609619140591,
			0.0,
			1023.5,
			767.5,
			1.0
		],
		"width" : 2048
	},
	"version_major" : 1,
	"version_minor" : 0
}