{
	"class_name" : "PinholeCameraParameters",
	"extrinsic" : 
	[
		0.82614340267215292,
		-0.55532034642225603,
		0.09542741257491355,
		0.0,
		0.066047561015866757,
		0.26363204178550492,
		0.96235953064738822,
		0.0,
		-0.55957555156129957,
		-0.78874422938838129,
		0.25447542651776039,
		0.0,
		-0.081933613077174616,
		-0.25553660056497063,
		1.6116750348218336,
		1.0
	],
	"intrinsic" : 
	{
		"height" : 1536,
		"intrinsic_matrix" : 
		[
			973.43609619140591,
			0.0,
			0.0,
			0.0,
			973.43609619140591,
			0.0,
			1023.5,
			767.5,
			1.0
		],
		"width" : 2048
	},
	"version_major" : 1,
	"version_minor" : 0
}