{
	"class_name" : "PinholeCameraParameters",
	"extrinsic" : 
	[
		0.56353934183190457,
		-0.55532034642225614,
		0.6115903228936258,
		0.0,
		-0.57818808328223426,
		0.26363204178550492,
		0.77213773829182974,
		0.0,
		-0.59001860187461885,
		-0.78874422938838129,
		-0.17251257939190595,
		0.0,
		-0.11102979215063077,
		-0.25553660056497068,
		1.5400036024598112,
		1.0
	],
	"intrinsic" : 
	{
		"height" : 1536,
		"intrinsic_matrix" : 
		[
			973.43609619140591,
			0.0,
			0.0,
			0.0,
			973.43609619140591,
			0.0,
			1023.5,
			767.5,
			1.0
		],
		"width" : 2048
	},
	"version_major" : 1,
	"version_minor" : 0
}