{
	"class_name" : "PinholeCameraParameters",
	"extrinsic" : 
	[
		0.05772226484488624,
		-0.55532034642225603,
		0.82963091371443154,
		0.0,
		-0.93391845842617194,
		0.26363204178550492,
		0.24144245599083958,
		0.0,
		-0.35279520001278286,
		-0.78874422938838129,
		-0.50340648332582005,
		0.0,
		-0.088759778681490348,
		-0.25553660056497074,
		1.4698846129779224,
		1.0
	],
	"intrinsic" : 
	{
		"height" : 1536,
		"intrinsic_matrix" : 
		[
			973.43609619140591,
			0.0,
			0.0,
			0.0,
			973.43609619140591,
			0.0,
			1023.5,
			767.5,
			1.0
		],
		"width" : 2048
	},
	"version_major" : 1,
	"version_minor" : 0
}