{
	"class_name" : "PinholeCameraParameters",
	"extrinsic" : 
	[
		-0.70917577858739511,
		-0.55532034642225603,
		0.43438350327150749,
		0.0,
		-0.64550103669889725,
		0.26363204178550492,
		-0.71681696280476992,
		0.0,
		0.28354563422068613,
		-0.78874422938838129,
		-0.54542131780937708,
		0.0,
		0.018239745663070212,
		-0.2555366005649708,
		1.4270989654268726,
		1.0
	],
	"intrinsic" : 
	{
		"height" : 1536,
		"intrinsic_matrix" : 
		[
			973.43609619140591,
			0.0,
			0.0,
			0.0,
			973.43609619140591,
			0.0,
			1023.5,
			767.5,
			1.0
		],
		"width" : 2048
	},
	"version_major" : 1,
	"version_minor" : 0
}