{
	"class_name" : "PinholeCameraParameters",
	"extrinsic" : 
	[
		0.25049962174983997,
		-0.96011181047993066,
		0.12423868511915608,
		0.0,
		0.96248760662420296,
		0.23316518170794662,
		-0.13875015363564072,
		0.0,
		0.10424752562051916,
		0.15433505569393469,
		0.98250350838353206,
		0.0,
		0.047588776722713444,
		-0.037138474254693687,
		1.7181124146372897,
		1.0
	],
	"intrinsic" : 
	{
		"height" : 1536,
		"intrinsic_matrix" : 
		[
			973.43609619140591,
			0.0,
			0.0,
			0.0,
			973.43609619140591,
			0.0,
			1023.5,
			767.5,
			1.0
		],
		"width" : 2048
	},
	"version_major" : 1,
	"version_minor" : 0
}