{
	"class_name" : "PinholeCameraParameters",
	"extrinsic" : 
	[
		-0.79500668668141683,
		-0.54409878770720221,
		-0.26818068041413506,
		0.0,
		-0.44666162981516166,
		0.82421009486975316,
		-0.34809640613723092,
		0.0,
		0.41043605663087046,
		-0.15695295069015222,
		-0.89828058794953136,
		0.0,
		0.044951184977861158,
		-0.08659423197198346,
		1.2756757879399432,
		1.0
	],
	"intrinsic" : 
	{
		"height" : 1536,
		"intrinsic_matrix" : 
		[
			973.43609619140591,
			0.0,
			0.0,
			0.0,
			973.43609619140591,
			0.0,
			1023.5,
			767.5,
			1.0
		],
		"width" : 2048
	},
	"version_major" : 1,
	"version_minor" : 0
}