{
	"class_name" : "PinholeCameraParameters",
	"extrinsic" : 
	[
		-0.34700322552463764,
		-0.54409878770720232,
		-0.7639013487951507,
		0.0,
		-0.05073839059190853,
		0.82421009486975327,
		-0.56400650283036224,
		0.0,
		0.93649045761056249,
		-0.15695295069015225,
		-0.31361025824104383,
		0.0,
		0.22135682708883767,
		-0.086594231971983418,
		1.3912740715677159,
		1.0
	],
	"intrinsic" : 
	{
		"height" : 1536,
		"intrinsic_matrix" : 
		[
			973.43609619140591,
			0.0,
			0.0,
			0.0,
			973.43609619140591,
			0.0,
			1023.5,
			767.5,
			1.0
		],
		"width" : 2048
	},
	"version_major" : 1,
	"version_minor" : 0
}