{
	"class_name" : "PinholeCameraParameters",
	"extrinsic" : 
	[
		0.11644529639403972,
		-0.54409878770720232,
		-0.83090131914882481,
		0.0,
		0.25943720112138446,
		0.82421009486975316,
		-0.50335877680745256,
		0.0,
		0.95871415532577109,
		-0.15695295069015222,
		0.23713485540436291,
		0.0,
		0.26480587781311193,
		-0.086594231971983349,
		1.5325526081087082,
		1.0
	],
	"intrinsic" : 
	{
		"height" : 1536,
		"intrinsic_matrix" : 
		[
			973.43609619140591,
			0.0,
			0.0,
			0.0,
			973.43609619140591,
			0.0,
			1023.5,
			767.5,
			1.0
		],
		"width" : 2048
	},
	"version_major" : 1,
	"version_minor" : 0
}