{
	"class_name" : "PinholeCameraParameters",
	"extrinsic" : 
	[
		0.60022121489978641,
		-0.54409878770720221,
		-0.58625165449640948,
		0.0,
		0.51307737701626788,
		0.82421009486975327,
		-0.23964416268480024,
		0.0,
		0.61358463016794285,
		-0.15695295069015228,
		0.77387316330993394,
		0.0,
		0.21204772675197525,
		-0.086594231971983571,
		1.6953369333236945,
		1.0
	],
	"intrinsic" : 
	{
		"height" : 1536,
		"intrinsic_matrix" : 
		[
			973.43609619140591,
			0.0,
			0.0,
			0.0,
			973.43609619140591,
			0.0,
			1023.5,
			767.5,
			1.0
		],
		"width" : 2048
	},
	"version_major" : 1,
	"version_minor" : 0
}