{
	"class_name" : "PinholeCameraParameters",
	"extrinsic" : 
	[
		0.80568058284086519,
		-0.54409878770720221,
		-0.23416939947131643,
		0.0,
		0.56546450079419142,
		0.82421009486975327,
		0.030456819537967472,
		0.0,
		0.17643326436582171,
		-0.15695295069015219,
		0.97171861899156542,
		0.0,
		0.11223978638089635,
		-0.086594231971983487,
		1.7765487783357625,
		1.0
	],
	"intrinsic" : 
	{
		"height" : 1536,
		"intrinsic_matrix" : 
		[
			973.43609619140591,
			0.0,
			0.0,
			0.0,
			973.43609619140591,
			0.0,
			1023.5,
			767.5,
			1.0
		],
		"width" : 2048
	},
	"version_major" : 1,
	"version_minor" : 0
}