{
	"class_name" : "PinholeCameraParameters",
	"extrinsic" : 
	[
		0.71718360855226115,
		-0.5440987877072021,
		0.43543562192304636,
		0.0,
		0.35979397745513758,
		0.82421009486975327,
		0.4372939666880899,
		0.0,
		-0.59682155240152746,
		-0.15695295069015222,
		0.78687343700158385,
		0.0,
		-0.10090137487800288,
		-0.086594231971983487,
		1.7815342900576099,
		1.0
	],
	"intrinsic" : 
	{
		"height" : 1536,
		"intrinsic_matrix" : 
		[
			973.43609619140591,
			0.0,
			0.0,
			0.0,
			973.43609619140591,
			0.0,
			1023.5,
			767.5,
			1.0
		],
		"width" : 2048
	},
	"version_major" : 1,
	"version_minor" : 0
}