{
	"class_name" : "PinholeCameraParameters",
	"extrinsic" : 
	[
		0.083837071378377787,
		-0.5440987877072021,
		0.83482204970775054,
		0.0,
		-0.13272255383783282,
		0.82421009486975327,
		0.55051107456395088,
		0.0,
		-0.98760116907862172,
		-0.15695295069015225,
		-0.0031148200901936485,
		0.0,
		-0.25628211072593038,
		-0.086594231971983543,
		1.6034437114331022,
		1.0
	],
	"intrinsic" : 
	{
		"height" : 1536,
		"intrinsic_matrix" : 
		[
			973.43609619140591,
			0.0,
			0.0,
			0.0,
			973.43609619140591,
			0.0,
			1023.5,
			767.5,
			1.0
		],
		"width" : 2048
	},
	"version_major" : 1,
	"version_minor" : 0
}