{
	"class_name" : "PinholeCameraParameters",
	"extrinsic" : 
	[
		-0.71762346509253749,
		-0.5440987877072021,
		0.43471033063884346,
		0.0,
		-0.55408045313137178,
		0.82421009486975327,
		0.11692976940251826,
		0.0,
		-0.42191398863549584,
		-0.1569529506901523,
		-0.89294700708571795,
		0.0,
		-0.17049871339682071,
		-0.086594231971983432,
		1.3340153821111373,
		1.0
	],
	"intrinsic" : 
	{
		"height" : 1536,
		"intrinsic_matrix" : 
		[
			973.43609619140591,
			0.0,
			0.0,
			0.0,
			973.43609619140591,
			0.0,
			1023.5,
			767.5,
			1.0
		],
		"width" : 2048
	},
	"version_major" : 1,
	"version_minor" : 0
}