{
	"class_name" : "PinholeCameraParameters",
	"extrinsic" : 
	[
		-0.8349374853906637,
		-0.5440987877072021,
		0.082679530145425575,
		0.0,
		-0.55032652881352062,
		0.82421009486975327,
		-0.13348569660773998,
		0.0,
		0.0044841023155748616,
		-0.15695295069015236,
		-0.98759590121470131,
		0.0,
		-0.066417309861748985,
		-0.086594231971983515,
		1.2802965652804845,
		1.0
	],
	"intrinsic" : 
	{
		"height" : 1536,
		"intrinsic_matrix" : 
		[
			973.43609619140591,
			0.0,
			0.0,
			0.0,
			973.43609619140591,
			0.0,
			1023.5,
			767.5,
			1.0
		],
		"width" : 2048
	},
	"version_major" : 1,
	"version_minor" : 0
}