{
	"class_name" : "PinholeCameraParameters",
	"extrinsic" : 
	[
		-0.78321752447048665,
		-0.54409878770720221,
		-0.3008767498127361,
		0.0,
		-0.43186154710388541,
		0.82421009486975327,
		-0.36629676991181764,
		0.0,
		0.44728728295734216,
		-0.15695295069015239,
		-0.88051113438405382,
		0.0,
		0.055722052065405592,
		-0.086594231971983515,
		1.2777614352907376,
		1.0
	],
	"intrinsic" : 
	{
		"height" : 1536,
		"intrinsic_matrix" : 
		[
			973.43609619140591,
			0.0,
			0.0,
			0.0,
			973.43609619140591,
			0.0,
			1023.5,
			767.5,
			1.0
		],
		"width" : 2048
	},
	"version_major" : 1,
	"version_minor" : 0
}