{
	"class_name" : "PinholeCameraParameters",
	"extrinsic" : 
	[
		0.088784859272936126,
		-0.96011181047993077,
		0.26514629950432017,
		0.0,
		0.77760334787542684,
		0.2331651817079467,
		0.58392382329549464,
		0.0,
		-0.62245504426971499,
		0.15433505569393471,
		0.7672876960092202,
		0.0,
		-0.159117183496296,
		-0.037138474254693743,
		1.6717937569513563,
		1.0
	],
	"intrinsic" : 
	{
		"height" : 1536,
		"intrinsic_matrix" : 
		[
			973.43609619140591,
			0.0,
			0.0,
			0.0,
			973.43609619140591,
			0.0,
			1023.5,
			767.5,
			1.0
		],
		"width" : 2048
	},
	"version_major" : 1,
	"version_minor" : 0
}