{
	"class_name" : "PinholeCameraParameters",
	"extrinsic" : 
	[
		-0.11252218351785084,
		-0.47953963437764363,
		-0.87027610404821021,
		0.0,
		0.11369517573177157,
		0.86387255077790281,
		-0.49071134389557514,
		0.0,
		0.987123176321829,
		-0.15416210647703188,
		-0.042683482693749428,
		0.0,
		0.25383191644857961,
		-0.08062085180055284,
		1.4547728301560057,
		1.0
	],
	"intrinsic" : 
	{
		"height" : 1536,
		"intrinsic_matrix" : 
		[
			973.43609619140591,
			0.0,
			0.0,
			0.0,
			973.43609619140591,
			0.0,
			1023.5,
			767.5,
			1.0
		],
		"width" : 2048
	},
	"version_major" : 1,
	"version_minor" : 0
}