{
	"class_name" : "PinholeCameraParameters",
	"extrinsic" : 
	[
		0.73174801196913719,
		-0.47953963437764363,
		-0.48434139410148652,
		0.0,
		0.49062515267904916,
		0.86387255077790281,
		-0.1140665401033079,
		0.0,
		0.47310866250563971,
		-0.15416210647703193,
		0.86741122795862469,
		0.0,
		0.18532879232348398,
		-0.080620851800553034,
		1.7284813109276167,
		1.0
	],
	"intrinsic" : 
	{
		"height" : 1536,
		"intrinsic_matrix" : 
		[
			973.43609619140591,
			0.0,
			0.0,
			0.0,
			973.43609619140591,
			0.0,
			1023.5,
			767.5,
			1.0
		],
		"width" : 2048
	},
	"version_major" : 1,
	"version_minor" : 0
}