{
	"class_name" : "PinholeCameraParameters",
	"extrinsic" : 
	[
		0.86642201518543804,
		-0.47953963437764369,
		0.13912092101104218,
		0.0,
		0.43825908290479687,
		0.86387255077790281,
		0.24830060866604081,
		0.0,
		-0.23925272799583974,
		-0.15416210647703188,
		0.9586407966872228,
		0.0,
		0.0064833958042098683,
		-0.080620851800553006,
		1.8033091883405157,
		1.0
	],
	"intrinsic" : 
	{
		"height" : 1536,
		"intrinsic_matrix" : 
		[
			973.43609619140591,
			0.0,
			0.0,
			0.0,
			973.43609619140591,
			0.0,
			1023.5,
			767.5,
			1.0
		],
		"width" : 2048
	},
	"version_major" : 1,
	"version_minor" : 0
}