{
	"class_name" : "PinholeCameraParameters",
	"extrinsic" : 
	[
		0.76532957908122934,
		-0.47953963437764369,
		0.42931617072305145,
		0.0,
		0.32577715742161906,
		0.86387255077790281,
		0.38417894231044147,
		0.0,
		-0.55510348502386309,
		-0.15416210647703182,
		0.81737027462523149,
		0.0,
		-0.085845876742913552,
		-0.080620851800552895,
		1.7891951436202944,
		1.0
	],
	"intrinsic" : 
	{
		"height" : 1536,
		"intrinsic_matrix" : 
		[
			973.43609619140591,
			0.0,
			0.0,
			0.0,
			973.43609619140591,
			0.0,
			1023.5,
			767.5,
			1.0
		],
		"width" : 2048
	},
	"version_major" : 1,
	"version_minor" : 0
}