{
	"class_name" : "PinholeCameraParameters",
	"extrinsic" : 
	[
		0.1168645814110799,
		-0.47953963437764369,
		0.86970363266607609,
		0.0,
		-0.11124447735502234,
		0.86387255077790281,
		0.49127271679840701,
		0.0,
		-0.98689783456527103,
		-0.15416210647703182,
		0.047609968041822007,
		0.0,
		-0.25341997710084263,
		-0.080620851800552978,
		1.6198351149676367,
		1.0
	],
	"intrinsic" : 
	{
		"height" : 1536,
		"intrinsic_matrix" : 
		[
			973.43609619140591,
			0.0,
			0.0,
			0.0,
			973.43609619140591,
			0.0,
			1023.5,
			767.5,
			1.0
		],
		"width" : 2048
	},
	"version_major" : 1,
	"version_minor" : 0
}