{
	"class_name" : "PinholeCameraParameters",
	"extrinsic" : 
	[
		-0.50798935690596769,
		-0.47953963437764374,
		0.71553375345347425,
		0.0,
		-0.41653382925770821,
		0.8638725507779027,
		0.28323803610459941,
		0.0,
		-0.75395383303898122,
		-0.15416210647703177,
		-0.63858254170654594,
		0.0,
		-0.24200696113094888,
		-0.080620851800552965,
		1.4245523918795344,
		1.0
	],
	"intrinsic" : 
	{
		"height" : 1536,
		"intrinsic_matrix" : 
		[
			973.43609619140591,
			0.0,
			0.0,
			0.0,
			973.43609619140591,
			0.0,
			1023.5,
			767.5,
			1.0
		],
		"width" : 2048
	},
	"version_major" : 1,
	"version_minor" : 0
}