{
	"class_name" : "PinholeCameraParameters",
	"extrinsic" : 
	[
		-0.74104246118798989,
		-0.47953963437764374,
		0.46999766997018455,
		0.0,
		-0.49275370000275942,
		0.86387255077790281,
		0.10448926809041445,
		0.0,
		-0.45612483143327914,
		-0.15416210647703185,
		-0.87646117031875814,
		0.0,
		-0.18155785497759191,
		-0.080620851800552895,
		1.341287542624279,
		1.0
	],
	"intrinsic" : 
	{
		"height" : 1536,
		"intrinsic_matrix" : 
		[
			973.43609619140591,
			0.0,
			0.0,
			0.0,
			973.43609619140591,
			0.0,
			1023.5,
			767.5,
			1.0
		],
		"width" : 2048
	},
	"version_major" : 1,
	"version_minor" : 0
}