{
	"class_name" : "PinholeCameraParameters",
	"extrinsic" : 
	[
		-0.77271047302079598,
		-0.47953963437764374,
		-0.41588491670765548,
		0.0,
		-0.33243680662539704,
		0.86387255077790281,
		-0.37843095223988787,
		0.0,
		0.54074420430059744,
		-0.15416210647703182,
		-0.82693999204408919,
		0.0,
		0.081422681955045317,
		-0.080620851800552895,
		1.2826861658143884,
		1.0
	],
	"intrinsic" : 
	{
		"height" : 1536,
		"intrinsic_matrix" : 
		[
			973.43609619140591,
			0.0,
			0.0,
			0.0,
			973.43609619140591,
			0.0,
			1023.5,
			767.5,
			1.0
		],
		"width" : 2048
	},
	"version_major" : 1,
	"version_minor" : 0
}