{
	"class_name" : "PinholeCameraParameters",
	"extrinsic" : 
	[
		-0.59892484989451378,
		-0.47953963437764374,
		-0.64135073340551341,
		0.0,
		-0.19380677146722936,
		0.86387255077790281,
		-0.4649334913145417,
		0.0,
		0.77699933044519631,
		-0.15416210647703188,
		-0.61033276613195286,
		0.0,
		0.15844032664310748,
		-0.080620851800552895,
		1.3221142180274523,
		1.0
	],
	"intrinsic" : 
	{
		"height" : 1536,
		"intrinsic_matrix" : 
		[
			973.43609619140591,
			0.0,
			0.0,
			0.0,
			973.43609619140591,
			0.0,
			1023.5,
			767.5,
			1.0
		],
		"width" : 2048
	},
	"version_major" : 1,
	"version_minor" : 0
}