{
	"class_name" : "PinholeCameraParameters",
	"extrinsic" : 
	[
		-0.048490070662326697,
		-0.4795396343776438,
		-0.8761794634138137,
		0.0,
		0.14932452952992548,
		0.86387255077790281,
		-0.48106797949265584,
		0.0,
		0.98759855099520533,
		-0.15416210647703188,
		0.02971778926392921,
		0.0,
		0.25914777843937964,
		-0.080620851800552978,
		1.473580737054772,
		1.0
	],
	"intrinsic" : 
	{
		"height" : 1536,
		"intrinsic_matrix" : 
		[
			973.43609619140591,
			0.0,
			0.0,
			0.0,
			973.43609619140591,
			0.0,
			1023.5,
			767.5,
			1.0
		],
		"width" : 2048
	},
	"version_major" : 1,
	"version_minor" : 0
}