{
	"class_name" : "PinholeCameraParameters",
	"extrinsic" : 
	[
		-0.11330994869144383,
		-0.96011181047993077,
		0.25562896335214469,
		0.0,
		0.18016707534123394,
		0.23316518170794678,
		0.95560128871935202,
		0.0,
		-0.97708785709910895,
		0.15433505569393474,
		0.14656060211878755,
		0.0,
		-0.26971013119630299,
		-0.037138474254693715,
		1.505380756961056,
		1.0
	],
	"intrinsic" : 
	{
		"height" : 1536,
		"intrinsic_matrix" : 
		[
			973.43609619140591,
			0.0,
			0.0,
			0.0,
			973.43609619140591,
			0.0,
			1023.5,
			767.5,
			1.0
		],
		"width" : 2048
	},
	"version_major" : 1,
	"version_minor" : 0
}