{
	"class_name" : "PinholeCameraParameters",
	"extrinsic" : 
	[
		0.71459865532443534,
		0.069826338645415625,
		-0.69604097885101912,
		0.0,
		0.48639676692100114,
		0.66551913758673253,
		0.56612936916804557,
		0.0,
		0.50275933301859876,
		-0.74310736770482078,
		0.44161577544909575,
		0.0,
		0.19183736458475775,
		-0.19274520361463987,
		1.5973783983270804,
		1.0
	],
	"intrinsic" : 
	{
		"height" : 1536,
		"intrinsic_matrix" : 
		[
			973.43609619140591,
			0.0,
			0.0,
			0.0,
			973.43609619140591,
			0.0,
			1023.5,
			767.5,
			1.0
		],
		"width" : 2048
	},
	"version_major" : 1,
	"version_minor" : 0
}