{
	"class_name" : "PinholeCameraParameters",
	"extrinsic" : 
	[
		0.78261311388379717,
		0.069826338645415639,
		-0.6185798221801958,
		0.0,
		0.42537660973726715,
		0.66551913758673253,
		0.61330173438059077,
		0.0,
		0.45450132438259816,
		-0.74310736770482078,
		0.49114151341265866,
		0.0,
		0.18454825975204203,
		-0.19274520361463987,
		1.616851439091926,
		1.0
	],
	"intrinsic" : 
	{
		"height" : 1536,
		"intrinsic_matrix" : 
		[
			973.43609619140591,
			0.0,
			0.0,
			0.0,
			973.43609619140591,
			0.0,
			1023.5,
			767.5,
			1.0
		],
		"width" : 2048
	},
	"version_major" : 1,
	"version_minor" : 0
}