{
	"class_name" : "PinholeCameraParameters",
	"extrinsic" : 
	[
		0.99748547306382007,
		0.069826338645415639,
		0.012124910639798037,
		0.0,
		-0.055635285052575874,
		0.66551913758673242,
		0.7443043682277638,
		0.0,
		0.043902688798819395,
		-0.74310736770482078,
		0.66773048004344271,
		0.0,
		0.09290140058847815,
		-0.19274520361463987,
		1.7151543169095662,
		1.0
	],
	"intrinsic" : 
	{
		"height" : 1536,
		"intrinsic_matrix" : 
		[
			973.43609619140591,
			0.0,
			0.0,
			0.0,
			973.43609619140591,
			0.0,
			1023.5,
			767.5,
			1.0
		],
		"width" : 2048
	},
	"version_major" : 1,
	"version_minor" : 0
}