{
	"class_name" : "PinholeCameraParameters",
	"extrinsic" : 
	[
		0.88025170381799023,
		0.069826338645415625,
		0.46934126215036859,
		0.0,
		-0.39158618328920602,
		0.66551913758673242,
		0.63540895379495899,
		0.0,
		-0.26798731123416575,
		-0.74310736770482078,
		0.61316738422741857,
		0.0,
		0.00044785336334585146,
		-0.19274520361463987,
		1.7378842313158849,
		1.0
	],
	"intrinsic" : 
	{
		"height" : 1536,
		"intrinsic_matrix" : 
		[
			973.43609619140591,
			0.0,
			0.0,
			0.0,
			973.43609619140591,
			0.0,
			1023.5,
			767.5,
			1.0
		],
		"width" : 2048
	},
	"version_major" : 1,
	"version_minor" : 0
}