{
	"class_name" : "PinholeCameraParameters",
	"extrinsic" : 
	[
		0.11776924928757011,
		0.069826338645415625,
		0.99058300326303694,
		0.0,
		-0.74521581696887096,
		0.66551913758673242,
		0.041685292912850724,
		0.0,
		-0.65634121466022566,
		-0.74310736770482078,
		0.13041338121968901,
		0.0,
		-0.16487776004898136,
		-0.19274520361463993,
		1.6520065444946652,
		1.0
	],
	"intrinsic" : 
	{
		"height" : 1536,
		"intrinsic_matrix" : 
		[
			973.43609619140591,
			0.0,
			0.0,
			0.0,
			973.43609619140591,
			0.0,
			1023.5,
			767.5,
			1.0
		],
		"width" : 2048
	},
	"version_major" : 1,
	"version_minor" : 0
}