{
	"class_name" : "PinholeCameraParameters",
	"extrinsic" : 
	[
		-0.016979869299157357,
		0.069826338645415625,
		0.99741464119490419,
		0.0,
		-0.74402475559048464,
		0.66551913758673253,
		-0.059257409446680211,
		0.0,
		-0.66793625976368676,
		-0.74310736770482078,
		0.040652096572123132,
		0.0,
		-0.17893337707798737,
		-0.19274520361463993,
		1.6287025693529893,
		1.0
	],
	"intrinsic" : 
	{
		"height" : 1536,
		"intrinsic_matrix" : 
		[
			973.43609619140591,
			0.0,
			0.0,
			0.0,
			973.43609619140591,
			0.0,
			1023.5,
			767.5,
			1.0
		],
		"width" : 2048
	},
	"version_major" : 1,
	"version_minor" : 0
}