{
	"class_name" : "PinholeCameraParameters",
	"extrinsic" : 
	[
		-0.77531124368856386,
		0.069826338645415584,
		0.62770754164775522,
		0.0,
		-0.43253370478957853,
		0.66551913758673253,
		-0.60827532559426878,
		0.0,
		-0.46022502064869786,
		-0.74310736770482078,
		-0.48578222531471665,
		0.0,
		-0.18547509596277847,
		-0.19274520361463987,
		1.4586585067479414,
		1.0
	],
	"intrinsic" : 
	{
		"height" : 1536,
		"intrinsic_matrix" : 
		[
			973.43609619140591,
			0.0,
			0.0,
			0.0,
			973.43609619140591,
			0.0,
			1023.5,
			767.5,
			1.0
		],
		"width" : 2048
	},
	"version_major" : 1,
	"version_minor" : 0
}