{
	"class_name" : "PinholeCameraParameters",
	"extrinsic" : 
	[
		-0.79887359467453811,
		0.069826338645415612,
		0.59743222390758077,
		0.0,
		-0.40882533734569509,
		0.66551913758673253,
		-0.62445666066588679,
		0.0,
		-0.44120610067853838,
		-0.74310736770482078,
		-0.50311888931628468,
		0.0,
		-0.18233831570347908,
		-0.19274520361463982,
		1.451584580207731,
		1.0
	],
	"intrinsic" : 
	{
		"height" : 1536,
		"intrinsic_matrix" : 
		[
			973.43609619140591,
			0.0,
			0.0,
			0.0,
			973.43609619140591,
			0.0,
			1023.5,
			767.5,
			1.0
		],
		"width" : 2048
	},
	"version_major" : 1,
	"version_minor" : 0
}