{
	"class_name" : "PinholeCameraParameters",
	"extrinsic" : 
	[
		-0.99323060538828867,
		0.069826338645415598,
		0.092829127709945891,
		0.0,
		-0.022937660561319101,
		0.66551913758673253,
		-0.74602824426008529,
		0.0,
		-0.11387198183920139,
		-0.74310736770482066,
		-0.65941232306867381,
		0.0,
		-0.11115411659156615,
		-0.19274520361463987,
		1.3689458641992183,
		1.0
	],
	"intrinsic" : 
	{
		"height" : 1536,
		"intrinsic_matrix" : 
		[
			973.43609619140591,
			0.0,
			0.0,
			0.0,
			973.43609619140591,
			0.0,
			1023.5,
			767.5,
			1.0
		],
		"width" : 2048
	},
	"version_major" : 1,
	"version_minor" : 0
}