{
	"class_name" : "PinholeCameraParameters",
	"extrinsic" : 
	[
		-0.91121648346703876,
		0.069826338645415556,
		-0.40596650439333026,
		0.0,
		0.34570719788660381,
		0.66551913758673253,
		-0.66149135356042599,
		0.0,
		0.22398895862822499,
		-0.74310736770482078,
		-0.63057147610358644,
		0.0,
		-0.014665128520649856,
		-0.19274520361463976,
		1.3359924205127229,
		1.0
	],
	"intrinsic" : 
	{
		"height" : 1536,
		"intrinsic_matrix" : 
		[
			973.43609619140591,
			0.0,
			0.0,
			0.0,
			973.43609619140591,
			0.0,
			1023.5,
			767.5,
			1.0
		],
		"width" : 2048
	},
	"version_major" : 1,
	"version_minor" : 0
}