{
	"class_name" : "PinholeCameraParameters",
	"extrinsic" : 
	[
		-0.27131717194842447,
		-0.96011181047993066,
		0.067618810865459913,
		0.0,
		-0.6433736527510403,
		0.23316518170794673,
		0.72918059558992943,
		0.0,
		-0.71586125412100154,
		0.15433505569393474,
		-0.68097236025572816,
		0.0,
		-0.21246126172488533,
		-0.037138474254693715,
		1.2696898442739355,
		1.0
	],
	"intrinsic" : 
	{
		"height" : 1536,
		"intrinsic_matrix" : 
		[
			973.43609619140591,
			0.0,
			0.0,
			0.0,
			973.43609619140591,
			0.0,
			1023.5,
			767.5,
			1.0
		],
		"width" : 2048
	},
	"version_major" : 1,
	"version_minor" : 0
}