{
	"class_name" : "PinholeCameraParameters",
	"extrinsic" : 
	[
		-0.83488299308743363,
		0.49998126740399129,
		-0.23019365781547244,
		0.0,
		0.44669773068649382,
		0.85980429388741297,
		0.24738171640665729,
		0.0,
		0.32160771951696832,
		0.10370780326410188,
		-0.94117647988527087,
		0.0,
		0.017500151751718762,
		0.067807503730171637,
		1.2669794025408485,
		1.0
	],
	"intrinsic" : 
	{
		"height" : 1536,
		"intrinsic_matrix" : 
		[
			973.43609619140591,
			0.0,
			0.0,
			0.0,
			973.43609619140591,
			0.0,
			1023.5,
			767.5,
			1.0
		],
		"width" : 2048
	},
	"version_major" : 1,
	"version_minor" : 0
}