{
	"class_name" : "PinholeCameraParameters",
	"extrinsic" : 
	[
		-0.56627114777116283,
		0.49998126740399129,
		-0.655252408959348,
		0.0,
		0.23396385469801223,
		0.85980429388741308,
		0.45386946461247485,
		0.0,
		0.79031506495623471,
		0.10370780326410192,
		-0.60385990895683495,
		0.0,
		0.16439000291350847,
		0.067807503730171595,
		1.322158201027638,
		1.0
	],
	"intrinsic" : 
	{
		"height" : 1536,
		"intrinsic_matrix" : 
		[
			973.43609619140591,
			0.0,
			0.0,
			0.0,
			973.43609619140591,
			0.0,
			1023.5,
			767.5,
			1.0
		],
		"width" : 2048
	},
	"version_major" : 1,
	"version_minor" : 0
}