{
	"class_name" : "PinholeCameraParameters",
	"extrinsic" : 
	[
		0.069259193052459658,
		0.49998126740399129,
		-0.86326235665805606,
		0.0,
		-0.15906349774409076,
		0.85980429388741308,
		0.48521683802005755,
		0.0,
		0.98483601064498949,
		0.10370780326410195,
		0.13907812077748449,
		0.0,
		0.26817774172906772,
		0.067807503730171748,
		1.5031968925218417,
		1.0
	],
	"intrinsic" : 
	{
		"height" : 1536,
		"intrinsic_matrix" : 
		[
			973.43609619140591,
			0.0,
			0.0,
			0.0,
			973.43609619140591,
			0.0,
			1023.5,
			767.5,
			1.0
		],
		"width" : 2048
	},
	"version_major" : 1,
	"version_minor" : 0
}