{
	"class_name" : "PinholeCameraParameters",
	"extrinsic" : 
	[
		0.7652780552277425,
		0.49998126740399129,
		-0.40542351983073555,
		0.0,
		-0.49469155873628073,
		0.85980429388741297,
		0.1265576466588885,
		0.0,
		0.41186133576959272,
		0.10370780326410196,
		0.90532587041364354,
		0.0,
		0.17232510334045914,
		0.067807503730171609,
		1.7448629303426513,
		1.0
	],
	"intrinsic" : 
	{
		"height" : 1536,
		"intrinsic_matrix" : 
		[
			973.43609619140591,
			0.0,
			0.0,
			0.0,
			973.43609619140591,
			0.0,
			1023.5,
			767.5,
			1.0
		],
		"width" : 2048
	},
	"version_major" : 1,
	"version_minor" : 0
}