{
	"class_name" : "PinholeCameraParameters",
	"extrinsic" : 
	[
		0.85506863155877388,
		0.4999812674039914,
		0.13739129364448244,
		0.0,
		-0.47109959258409162,
		0.85980429388741308,
		-0.19698159832804207,
		0.0,
		-0.21661673340559084,
		0.10370780326410203,
		0.97073265235636619,
		0.0,
		0.012135829543220233,
		0.067807503730171664,
		1.806657191838192,
		1.0
	],
	"intrinsic" : 
	{
		"height" : 1536,
		"intrinsic_matrix" : 
		[
			973.43609619140591,
			0.0,
			0.0,
			0.0,
			973.43609619140591,
			0.0,
			1023.5,
			767.5,
			1.0
		],
		"width" : 2048
	},
	"version_major" : 1,
	"version_minor" : 0
}