{
	"class_name" : "PinholeCameraParameters",
	"extrinsic" : 
	[
		0.77228775837570796,
		0.49998126740399146,
		0.39190604806269913,
		0.0,
		-0.38845964611012274,
		0.85980429388741297,
		-0.33141466406416831,
		0.0,
		-0.50266362669982645,
		0.10370780326410202,
		0.85823887696556367,
		0.0,
		-0.07087775166925725,
		0.06780750373017172,
		1.7974700918418818,
		1.0
	],
	"intrinsic" : 
	{
		"height" : 1536,
		"intrinsic_matrix" : 
		[
			973.43609619140591,
			0.0,
			0.0,
			0.0,
			973.43609619140591,
			0.0,
			1023.5,
			767.5,
			1.0
		],
		"width" : 2048
	},
	"version_major" : 1,
	"version_minor" : 0
}