{
	"class_name" : "PinholeCameraParameters",
	"extrinsic" : 
	[
		-0.082746028086012058,
		0.49998126740399151,
		0.86207414245010705,
		0.0,
		0.16662940881166144,
		0.85980429388741297,
		-0.48267091929371875,
		0.0,
		-0.98254146729543446,
		0.10370780326410201,
		-0.15445697325491392,
		0.0,
		-0.26866826773362079,
		0.067807503730171817,
		1.5659486365234199,
		1.0
	],
	"intrinsic" : 
	{
		"height" : 1536,
		"intrinsic_matrix" : 
		[
			973.43609619140591,
			0.0,
			0.0,
			0.0,
			973.43609619140591,
			0.0,
			1023.5,
			767.5,
			1.0
		],
		"width" : 2048
	},
	"version_major" : 1,
	"version_minor" : 0
}