{
	"class_name" : "PinholeCameraParameters",
	"extrinsic" : 
	[
		-0.59203515961033248,
		0.49998126740399146,
		0.6320704881817113,
		0.0,
		0.42673373173857193,
		0.85980429388741297,
		-0.28041914772219073,
		0.0,
		-0.6836612406606366,
		0.10370780326410202,
		-0.72239324440396979,
		0.0,
		-0.23061845903995859,
		0.06780750373017172,
		1.3957634360769202,
		1.0
	],
	"intrinsic" : 
	{
		"height" : 1536,
		"intrinsic_matrix" : 
		[
			973.43609619140591,
			0.0,
			0.0,
			0.0,
			973.43609619140591,
			0.0,
			1023.5,
			767.5,
			1.0
		],
		"width" : 2048
	},
	"version_major" : 1,
	"version_minor" : 0
}