{
	"class_name" : "PinholeCameraParameters",
	"extrinsic" : 
	[
		-0.62196485778256128,
		0.49998126740399151,
		0.60264288590227033,
		0.0,
		0.43981938818054078,
		0.85980429388741297,
		-0.25941372745724567,
		0.0,
		-0.6478569452155416,
		0.10370780326410203,
		-0.75466951049987507,
		0.0,
		-0.22352035760612776,
		0.067807503730171761,
		1.3847550206861057,
		1.0
	],
	"intrinsic" : 
	{
		"height" : 1536,
		"intrinsic_matrix" : 
		[
			973.43609619140591,
			0.0,
			0.0,
			0.0,
			973.43609619140591,
			0.0,
			1023.5,
			767.5,
			1.0
		],
		"width" : 2048
	},
	"version_major" : 1,
	"version_minor" : 0
}