{
	"class_name" : "PinholeCameraParameters",
	"extrinsic" : 
	[
		-0.80655225345973403,
		0.49998126740399146,
		0.31542383341168689,
		0.0,
		0.5059039878682835,
		0.85980429388741297,
		-0.069265657231668137,
		0.0,
		-0.30583429745205626,
		0.10370780326410206,
		-0.9464196078083662,
		0.0,
		-0.14743551883706657,
		0.067807503730171664,
		1.3101702680714371,
		1.0
	],
	"intrinsic" : 
	{
		"height" : 1536,
		"intrinsic_matrix" : 
		[
			973.43609619140591,
			0.0,
			0.0,
			0.0,
			973.43609619140591,
			0.0,
			1023.5,
			767.5,
			1.0
		],
		"width" : 2048
	},
	"version_major" : 1,
	"version_minor" : 0
}