{
	"class_name" : "PinholeCameraParameters",
	"extrinsic" : 
	[
		-0.16380443427847025,
		-0.96011181047993066,
		-0.22661292700916272,
		0.0,
		-0.91634015312437211,
		0.23316518170794676,
		-0.32550686906899939,
		0.0,
		0.36536123368895185,
		0.15433505569393477,
		-0.9179824941148047,
		0.0,
		0.084583257984396643,
		-0.037138474254693715,
		1.1832180011430717,
		1.0
	],
	"intrinsic" : 
	{
		"height" : 1536,
		"intrinsic_matrix" : 
		[
			973.43609619140591,
			0.0,
			0.0,
			0.0,
			973.43609619140591,
			0.0,
			1023.5,
			767.5,
			1.0
		],
		"width" : 2048
	},
	"version_major" : 1,
	"version_minor" : 0
}