{
	"class_name" : "PinholeCameraParameters",
	"extrinsic" : 
	[
		-0.8655268787778545,
		0.30545751781309577,
		0.39693693066345903,
		0.0,
		0.50019791737156982,
		0.48634103724585909,
		0.71643174060601622,
		0.0,
		0.025792742587975093,
		0.81863795434983599,
		-0.57373045424459235,
		0.0,
		-0.06385651591284032,
		0.24272205665106317,
		1.4156502509180626,
		1.0
	],
	"intrinsic" : 
	{
		"height" : 1536,
		"intrinsic_matrix" : 
		[
			973.43609619140591,
			0.0,
			0.0,
			0.0,
			973.43609619140591,
			0.0,
			1023.5,
			767.5,
			1.0
		],
		"width" : 2048
	},
	"version_major" : 1,
	"version_minor" : 0
}