{
	"class_name" : "PinholeCameraParameters",
	"extrinsic" : 
	[
		-0.94770410257629334,
		0.30545751781309577,
		0.092480477785988779,
		0.0,
		0.23877432881077287,
		0.48634103724585909,
		0.84051128213224291,
		0.0,
		0.21176343844258713,
		0.81863795434983611,
		-0.53384281004513712,
		0.0,
		-0.020828215019646101,
		0.242722056651063,
		1.4014309853872402,
		1.0
	],
	"intrinsic" : 
	{
		"height" : 1536,
		"intrinsic_matrix" : 
		[
			973.43609619140591,
			0.0,
			0.0,
			0.0,
			973.43609619140591,
			0.0,
			1023.5,
			767.5,
			1.0
		],
		"width" : 2048
	},
	"version_major" : 1,
	"version_minor" : 0
}