{
	"class_name" : "PinholeCameraParameters",
	"extrinsic" : 
	[
		-0.83302532291042763,
		0.30545751781309582,
		-0.46126404173904584,
		0.0,
		-0.2799802647303648,
		0.48634103724585903,
		0.82769767841412789,
		0.0,
		0.47715811085162629,
		0.81863795434983611,
		-0.31961232289513336,
		0.0,
		0.059538369463398397,
		0.24272205665106314,
		1.4134684884275113,
		1.0
	],
	"intrinsic" : 
	{
		"height" : 1536,
		"intrinsic_matrix" : 
		[
			973.43609619140591,
			0.0,
			0.0,
			0.0,
			973.43609619140591,
			0.0,
			1023.5,
			767.5,
			1.0
		],
		"width" : 2048
	},
	"version_major" : 1,
	"version_minor" : 0
}