{
	"class_name" : "PinholeCameraParameters",
	"extrinsic" : 
	[
		-0.29259944766917401,
		0.30545751781309577,
		-0.90613534752549896,
		0.0,
		-0.77019139507044931,
		0.48634103724585909,
		0.41264707735552553,
		0.0,
		0.56673695678253555,
		0.81863795434983599,
		0.092957632902233328,
		0.0,
		0.12767951598674201,
		0.24272205665106306,
		1.4874610544616582,
		1.0
	],
	"intrinsic" : 
	{
		"height" : 1536,
		"intrinsic_matrix" : 
		[
			973.43609619140591,
			0.0,
			0.0,
			0.0,
			973.43609619140591,
			0.0,
			1023.5,
			767.5,
			1.0
		],
		"width" : 2048
	},
	"version_major" : 1,
	"version_minor" : 0
}