{
	"class_name" : "PinholeCameraParameters",
	"extrinsic" : 
	[
		0.1991766703752833,
		0.30545751781309588,
		-0.93114142792041965,
		0.0,
		-0.87334339821156315,
		0.48634103724585914,
		-0.027270942244466408,
		0.0,
		0.44452217355098822,
		0.81863795434983611,
		0.3636370950816501,
		0.0,
		0.13518988704312795,
		0.24272205665106328,
		1.5578221978137901,
		1.0
	],
	"intrinsic" : 
	{
		"height" : 1536,
		"intrinsic_matrix" : 
		[
			973.43609619140591,
			0.0,
			0.0,
			0.0,
			973.43609619140591,
			0.0,
			1023.5,
			767.5,
			1.0
		],
		"width" : 2048
	},
	"version_major" : 1,
	"version_minor" : 0
}