{
	"class_name" : "PinholeCameraParameters",
	"extrinsic" : 
	[
		0.81604713042840382,
		0.30545751781309588,
		-0.49067584588099511,
		0.0,
		-0.57672601153142133,
		0.48634103724585914,
		-0.65639889024409603,
		0.0,
		0.038133824128020133,
		0.81863795434983611,
		0.57304250379469157,
		0.0,
		0.076911624861474126,
		0.24272205665106306,
		1.649844681741516,
		1.0
	],
	"intrinsic" : 
	{
		"height" : 1536,
		"intrinsic_matrix" : 
		[
			973.43609619140591,
			0.0,
			0.0,
			0.0,
			973.43609619140591,
			0.0,
			1023.5,
			767.5,
			1.0
		],
		"width" : 2048
	},
	"version_major" : 1,
	"version_minor" : 0
}