{
	"class_name" : "PinholeCameraParameters",
	"extrinsic" : 
	[
		0.90546925209725915,
		0.30545751781309588,
		-0.29465426913230436,
		0.0,
		-0.4143932001262568,
		0.4863410372458592,
		-0.76925332055165163,
		0.0,
		-0.091671746986463812,
		0.81863795434983611,
		0.56694637356840527,
		0.0,
		0.049499469210545877,
		0.24272205665106295,
		1.6642385627583038,
		1.0
	],
	"intrinsic" : 
	{
		"height" : 1536,
		"intrinsic_matrix" : 
		[
			973.43609619140591,
			0.0,
			0.0,
			0.0,
			973.43609619140591,
			0.0,
			1023.5,
			767.5,
			1.0
		],
		"width" : 2048
	},
	"version_major" : 1,
	"version_minor" : 0
}