{
	"class_name" : "PinholeCameraParameters",
	"extrinsic" : 
	[
		0.88258012266986008,
		0.30545751781309582,
		0.35741856678062639,
		0.0,
		0.17810095108686427,
		0.4863410372458592,
		-0.85542530165560127,
		0.0,
		-0.43512340581725678,
		0.81863795434983611,
		0.37483265787269221,
		0.0,
		-0.044243247424732846,
		0.24272205665106317,
		1.6661554222670121,
		1.0
	],
	"intrinsic" : 
	{
		"height" : 1536,
		"intrinsic_matrix" : 
		[
			973.43609619140591,
			0.0,
			0.0,
			0.0,
			973.43609619140591,
			0.0,
			1023.5,
			767.5,
			1.0
		],
		"width" : 2048
	},
	"version_major" : 1,
	"version_minor" : 0
}