{
	"class_name" : "PinholeCameraParameters",
	"extrinsic" : 
	[
		0.63095923711602542,
		0.30545751781309582,
		0.71315225997638509,
		0.0,
		0.54051253612724637,
		0.48634103724585914,
		-0.68652646983194632,
		0.0,
		-0.55653988121899711,
		0.81863795434983611,
		0.14175775220657388,
		0.0,
		-0.097291282046330252,
		0.24272205665106311,
		1.6328899504720877,
		1.0
	],
	"intrinsic" : 
	{
		"height" : 1536,
		"intrinsic_matrix" : 
		[
			973.43609619140591,
			0.0,
			0.0,
			0.0,
			973.43609619140591,
			0.0,
			1023.5,
			767.5,
			1.0
		],
		"width" : 2048
	},
	"version_major" : 1,
	"version_minor" : 0
}