{
	"class_name" : "PinholeCameraParameters",
	"extrinsic" : 
	[
		0.61225494686952753,
		0.30545751781309582,
		0.72927332656916388,
		0.0,
		0.55813251742183168,
		0.48634103724585909,
		-0.67228006700109044,
		0.0,
		-0.56002854662076018,
		0.81863795434983611,
		0.12727893253698719,
		0.0,
		-0.099753538814618792,
		0.24272205665106322,
		1.6303348214204882,
		1.0
	],
	"intrinsic" : 
	{
		"height" : 1536,
		"intrinsic_matrix" : 
		[
			973.43609619140591,
			0.0,
			0.0,
			0.0,
			973.43609619140591,
			0.0,
			1023.5,
			767.5,
			1.0
		],
		"width" : 2048
	},
	"version_major" : 1,
	"version_minor" : 0
}