{
	"class_name" : "PinholeCameraParameters",
	"extrinsic" : 
	[
		-0.032987913598283354,
		-0.96011181047993077,
		-0.27766366152844341,
		0.0,
		-0.64255118180324799,
		0.23316518170794681,
		-0.729905457441133,
		0.0,
		0.76553234831696138,
		0.1543350556939348,
		-0.62461261135544532,
		0.0,
		0.20170510471624525,
		-0.037138474254693757,
		1.2574852750380059,
		1.0
	],
	"intrinsic" : 
	{
		"height" : 1536,
		"intrinsic_matrix" : 
		[
			973.43609619140591,
			0.0,
			0.0,
			0.0,
			973.43609619140591,
			0.0,
			1023.5,
			767.5,
			1.0
		],
		"width" : 2048
	},
	"version_major" : 1,
	"version_minor" : 0
}