{
	"class_name" : "PinholeCameraParameters",
	"extrinsic" : 
	[
		-0.13804507878097053,
		-0.70767822614543308,
		0.69291780498411859,
		0.0,
		0.87326326089453177,
		0.2431122316791669,
		0.42226498786878391,
		0.0,
		-0.46728453151822269,
		0.66339126542910443,
		0.58442894825305058,
		0.0,
		-0.13628125537880725,
		0.11905414545911852,
		1.7485464554134078,
		1.0
	],
	"intrinsic" : 
	{
		"height" : 1536,
		"intrinsic_matrix" : 
		[
			973.43609619140591,
			0.0,
			0.0,
			0.0,
			973.43609619140591,
			0.0,
			1023.5,
			767.5,
			1.0
		],
		"width" : 2048
	},
	"version_major" : 1,
	"version_minor" : 0
}