{
	"class_name" : "PinholeCameraParameters",
	"extrinsic" : 
	[
		-0.27596440769980696,
		-0.70767822614543308,
		0.65041154196596807,
		0.0,
		0.76924177067341271,
		0.24311223167916685,
		0.59090061859775378,
		0.0,
		-0.57629050307473195,
		0.66339126542910454,
		0.47728532872721313,
		0.0,
		-0.17649071106066427,
		0.11905414545911852,
		1.7164342263357832,
		1.0
	],
	"intrinsic" : 
	{
		"height" : 1536,
		"intrinsic_matrix" : 
		[
			973.43609619140591,
			0.0,
			0.0,
			0.0,
			973.43609619140591,
			0.0,
			1023.5,
			767.5,
			1.0
		],
		"width" : 2048
	},
	"version_major" : 1,
	"version_minor" : 0
}