{
	"class_name" : "PinholeCameraParameters",
	"extrinsic" : 
	[
		-0.68441083239189537,
		-0.70767822614543308,
		0.17542331870160918,
		0.0,
		-0.0027551021599380577,
		0.24311223167916685,
		0.96999425370466164,
		0.0,
		-0.72909136733109203,
		0.66339126542910454,
		-0.16833837065758431,
		0.0,
		-0.24998496716576132,
		0.11905414545911847,
		1.5055052933419568,
		1.0
	],
	"intrinsic" : 
	{
		"height" : 1536,
		"intrinsic_matrix" : 
		[
			973.43609619140591,
			0.0,
			0.0,
			0.0,
			973.43609619140591,
			0.0,
			1023.5,
			767.5,
			1.0
		],
		"width" : 2048
	},
	"version_major" : 1,
	"version_minor" : 0
}