{
	"class_name" : "PinholeCameraParameters",
	"extrinsic" : 
	[
		-0.70515229122495049,
		-0.70767822614543308,
		0.044178891111661261,
		0.0,
		-0.18431843183823515,
		0.24311223167916685,
		0.95232513276331687,
		0.0,
		-0.68468018947892495,
		0.66339126542910454,
		-0.30186928808256563,
		0.0,
		-0.23972909987900753,
		0.11905414545911855,
		1.4592517325503152,
		1.0
	],
	"intrinsic" : 
	{
		"height" : 1536,
		"intrinsic_matrix" : 
		[
			973.43609619140591,
			0.0,
			0.0,
			0.0,
			973.43609619140591,
			0.0,
			1023.5,
			767.5,
			1.0
		],
		"width" : 2048
	},
	"version_major" : 1,
	"version_minor" : 0
}