{
	"class_name" : "PinholeCameraParameters",
	"extrinsic" : 
	[
		-0.47416544763612523,
		-0.70767822614543308,
		-0.52379257011500879,
		0.0,
		-0.85950441162525548,
		0.24311223167916687,
		0.44960939625935181,
		0.0,
		-0.19083839934551092,
		0.66339126542910443,
		-0.72352797754310438,
		0.0,
		-0.08892620357469172,
		0.11905414545911852,
		1.300967983572906,
		1.0
	],
	"intrinsic" : 
	{
		"height" : 1536,
		"intrinsic_matrix" : 
		[
			973.43609619140591,
			0.0,
			0.0,
			0.0,
			973.43609619140591,
			0.0,
			1023.5,
			767.5,
			1.0
		],
		"width" : 2048
	},
	"version_major" : 1,
	"version_minor" : 0
}