{
	"class_name" : "PinholeCameraParameters",
	"extrinsic" : 
	[
		0.22214705123485409,
		-0.70767822614543308,
		-0.67070277759027686,
		0.0,
		-0.81475545994505461,
		0.24311223167916682,
		-0.52637437560893652,
		0.0,
		0.53555973347273023,
		0.66339126542910443,
		-0.52257803324957097,
		0.0,
		0.16128440087712037,
		0.11905414545911852,
		1.3431480701460725,
		1.0
	],
	"intrinsic" : 
	{
		"height" : 1536,
		"intrinsic_matrix" : 
		[
			973.43609619140591,
			0.0,
			0.0,
			0.0,
			973.43609619140591,
			0.0,
			1023.5,
			767.5,
			1.0
		],
		"width" : 2048
	},
	"version_major" : 1,
	"version_minor" : 0
}