{
	"class_name" : "PinholeCameraParameters",
	"extrinsic" : 
	[
		0.50001251219399279,
		-0.70767822614543319,
		-0.49917834076520734,
		0.0,
		-0.49104555704626579,
		0.24311223167916679,
		-0.83652298456952023,
		0.0,
		0.71334546227937479,
		0.66339126542910443,
		-0.22594309106010921,
		0.0,
		0.23107924161694604,
		0.11905414545911851,
		1.4363407054272341,
		1.0
	],
	"intrinsic" : 
	{
		"height" : 1536,
		"intrinsic_matrix" : 
		[
			973.43609619140591,
			0.0,
			0.0,
			0.0,
			973.43609619140591,
			0.0,
			1023.5,
			767.5,
			1.0
		],
		"width" : 2048
	},
	"version_major" : 1,
	"version_minor" : 0
}