{
	"class_name" : "PinholeCameraParameters",
	"extrinsic" : 
	[
		0.55344505112879916,
		-0.70767822614543308,
		-0.43919255870369006,
		0.0,
		-0.39291316756820205,
		0.24311223167916673,
		-0.88685719569697197,
		0.0,
		0.73438261017848383,
		0.66339126542910443,
		-0.14350683196213559,
		0.0,
		0.24097464671089358,
		0.11905414545911855,
		1.4632203089845057,
		1.0
	],
	"intrinsic" : 
	{
		"height" : 1536,
		"intrinsic_matrix" : 
		[
			973.43609619140591,
			0.0,
			0.0,
			0.0,
			973.43609619140591,
			0.0,
			1023.5,
			767.5,
			1.0
		],
		"width" : 2048
	},
	"version_major" : 1,
	"version_minor" : 0
}