{
	"class_name" : "PinholeCameraParameters",
	"extrinsic" : 
	[
		0.70259443807118804,
		-0.70767822614543308,
		-0.074515661649648901,
		0.0,
		0.14312138847046649,
		0.24311223167916673,
		-0.95938142100535861,
		0.0,
		0.69704901101265282,
		0.66339126542910454,
		0.27209319212110783,
		0.0,
		0.24284174723380408,
		0.11905414545911858,
		1.6036909413210783,
		1.0
	],
	"intrinsic" : 
	{
		"height" : 1536,
		"intrinsic_matrix" : 
		[
			973.43609619140591,
			0.0,
			0.0,
			0.0,
			973.43609619140591,
			0.0,
			1023.5,
			767.5,
			1.0
		],
		"width" : 2048
	},
	"version_major" : 1,
	"version_minor" : 0
}