{
	"class_name" : "PinholeCameraParameters",
	"extrinsic" : 
	[
		0.66755697306517137,
		-0.70767822614543308,
		0.23142864116552125,
		0.0,
		0.53762477690685495,
		0.24311223167916679,
		-0.80737602272041109,
		0.0,
		0.51509929816290845,
		0.66339126542910454,
		0.54275661394814045,
		0.0,
		0.19126723158544656,
		0.11905414545911863,
		1.7006241472362627,
		1.0
	],
	"intrinsic" : 
	{
		"height" : 1536,
		"intrinsic_matrix" : 
		[
			973.43609619140591,
			0.0,
			0.0,
			0.0,
			973.43609619140591,
			0.0,
			1023.5,
			767.5,
			1.0
		],
		"width" : 2048
	},
	"version_major" : 1,
	"version_minor" : 0
}