{
	"class_name" : "PinholeCameraParameters",
	"extrinsic" : 
	[
		0.051049124140832319,
		-0.96011181047993066,
		-0.27491689344491677,
		0.0,
		-0.396509516614304,
		0.23316518170794684,
		-0.88792691212362251,
		0.0,
		0.91661016258753369,
		0.1543350556939348,
		-0.3687905915627529,
		0.0,
		0.24865664425312298,
		-0.037138474254693701,
		1.3259767681854937,
		1.0
	],
	"intrinsic" : 
	{
		"height" : 1536,
		"intrinsic_matrix" : 
		[
			973.43609619140591,
			0.0,
			0.0,
			0.0,
			973.43609619140591,
			0.0,
			1023.5,
			767.5,
			1.0
		],
		"width" : 2048
	},
	"version_major" : 1,
	"version_minor" : 0
}