{
	"class_name" : "PinholeCameraParameters",
	"extrinsic" : 
	[
		0.059527734394498349,
		-0.91611614553078125,
		-0.39646898584338564,
		0.0,
		0.9561139418818303,
		-0.061818747436001027,
		0.28639932368047272,
		0.0,
		-0.28688426059483696,
		-0.39611822775942612,
		0.87223148914705284,
		0.0,
		-0.072179232047840491,
		-0.18007096953814589,
		1.7366767072083196,
		1.0
	],
	"intrinsic" : 
	{
		"height" : 1536,
		"intrinsic_matrix" : 
		[
			973.43609619140591,
			0.0,
			0.0,
			0.0,
			973.43609619140591,
			0.0,
			1023.5,
			767.5,
			1.0
		],
		"width" : 2048
	},
	"version_major" : 1,
	"version_minor" : 0
}