{
	"class_name" : "PinholeCameraParameters",
	"extrinsic" : 
	[
		0.21764965989835897,
		-0.91611614553078125,
		-0.33668952084071951,
		0.0,
		0.753075096469498,
		-0.061818747436001027,
		0.65502392440497936,
		0.0,
		-0.62089171730953618,
		-0.39611822775942612,
		0.67644942531806951,
		0.0,
		-0.14819975931202301,
		-0.18007096953814589,
		1.6891470800721307,
		1.0
	],
	"intrinsic" : 
	{
		"height" : 1536,
		"intrinsic_matrix" : 
		[
			973.43609619140591,
			0.0,
			0.0,
			0.0,
			973.43609619140591,
			0.0,
			1023.5,
			767.5,
			1.0
		],
		"width" : 2048
	},
	"version_major" : 1,
	"version_minor" : 0
}