{
	"class_name" : "PinholeCameraParameters",
	"extrinsic" : 
	[
		0.35884206748430164,
		-0.91611614553078125,
		-0.17878360803333312,
		0.0,
		0.31417102535214536,
		-0.06181874743600102,
		0.94735157639317069,
		0.0,
		-0.87893625333853065,
		-0.39611822775942607,
		0.26563398164383623,
		0.0,
		-0.20521358713968313,
		-0.18007096953814583,
		1.5923442042995055,
		1.0
	],
	"intrinsic" : 
	{
		"height" : 1536,
		"intrinsic_matrix" : 
		[
			973.43609619140591,
			0.0,
			0.0,
			0.0,
			973.43609619140591,
			0.0,
			1023.5,
			767.5,
			1.0
		],
		"width" : 2048
	},
	"version_major" : 1,
	"version_minor" : 0
}