{
	"class_name" : "PinholeCameraParameters",
	"extrinsic" : 
	[
		0.33514429483397412,
		-0.91611614553078125,
		0.22002161152501093,
		0.0,
		-0.66032508692063541,
		-0.06181874743600102,
		0.74843117388888825,
		0.0,
		-0.67204842178483959,
		-0.39611822775942607,
		-0.62565267394396862,
		0.0,
		-0.15142582637040813,
		-0.18007096953814578,
		1.387398304306702,
		1.0
	],
	"intrinsic" : 
	{
		"height" : 1536,
		"intrinsic_matrix" : 
		[
			973.43609619140591,
			0.0,
			0.0,
			0.0,
			973.43609619140591,
			0.0,
			1023.5,
			767.5,
			1.0
		],
		"width" : 2048
	},
	"version_major" : 1,
	"version_minor" : 0
}