{
	"class_name" : "PinholeCameraParameters",
	"extrinsic" : 
	[
		-0.07491784902579901,
		-0.91611614553078125,
		0.39385089030643583,
		0.0,
		-0.94423904776538337,
		-0.061818747436000993,
		-0.32340541606560369,
		0.0,
		0.32062429192509712,
		-0.39611822775942596,
		-0.86040130931110381,
		0.0,
		0.079911089237321042,
		-0.18007096953814589,
		1.3396270059689019,
		1.0
	],
	"intrinsic" : 
	{
		"height" : 1536,
		"intrinsic_matrix" : 
		[
			973.43609619140591,
			0.0,
			0.0,
			0.0,
			973.43609619140591,
			0.0,
			1023.5,
			767.5,
			1.0
		],
		"width" : 2048
	},
	"version_major" : 1,
	"version_minor" : 0
}