{
	"class_name" : "PinholeCameraParameters",
	"extrinsic" : 
	[
		-0.25724296575244648,
		-0.91611614553078125,
		0.30750164953819392,
		0.0,
		-0.66719170290681151,
		-0.061818747436001055,
		-0.74231642446988411,
		0.0,
		0.69905742835849671,
		-0.39611822775942601,
		-0.59532265326756795,
		0.0,
		0.16575674457144546,
		-0.18007096953814589,
		1.4034913451286184,
		1.0
	],
	"intrinsic" : 
	{
		"height" : 1536,
		"intrinsic_matrix" : 
		[
			973.43609619140591,
			0.0,
			0.0,
			0.0,
			973.43609619140591,
			0.0,
			1023.5,
			767.5,
			1.0
		],
		"width" : 2048
	},
	"version_major" : 1,
	"version_minor" : 0
}