{
	"class_name" : "PinholeCameraParameters",
	"extrinsic" : 
	[
		-0.39740656043738398,
		-0.91611614553078125,
		-0.052907784107373901,
		0.0,
		0.27041496566987738,
		-0.061818747436000972,
		-0.96075709146859967,
		0.0,
		0.8768943904844454,
		-0.39611822775942607,
		0.27229869183241506,
		0.0,
		0.20118157503919909,
		-0.18007096953814586,
		1.6055048296925414,
		1.0
	],
	"intrinsic" : 
	{
		"height" : 1536,
		"intrinsic_matrix" : 
		[
			973.43609619140591,
			0.0,
			0.0,
			0.0,
			973.43609619140591,
			0.0,
			1023.5,
			767.5,
			1.0
		],
		"width" : 2048
	},
	"version_major" : 1,
	"version_minor" : 0
}