{
	"class_name" : "PinholeCameraParameters",
	"extrinsic" : 
	[
		-0.37595387273625486,
		-0.91611614553078125,
		-0.13924759772590856,
		0.0,
		0.47563858745637372,
		-0.061818747436000958,
		-0.877465883432484,
		0.0,
		0.79525255089004121,
		-0.39611822775942601,
		0.45898118691250744,
		0.0,
		0.18104791131512887,
		-0.18007096953814586,
		1.6481778463038412,
		1.0
	],
	"intrinsic" : 
	{
		"height" : 1536,
		"intrinsic_matrix" : 
		[
			973.43609619140591,
			0.0,
			0.0,
			0.0,
			973.43609619140591,
			0.0,
			1023.5,
			767.5,
			1.0
		],
		"width" : 2048
	},
	"version_major" : 1,
	"version_minor" : 0
}