{
	"class_name" : "PinholeCameraParameters",
	"extrinsic" : 
	[
		-0.31846828450998405,
		-0.91611614553078125,
		-0.24353471961733192,
		0.0,
		0.7123968393717941,
		-0.061818747436000986,
		-0.69904877205994886,
		0.0,
		0.62535485527366486,
		-0.39611822775942601,
		0.67232555702009822,
		0.0,
		0.14030838820726532,
		-0.18007096953814583,
		1.6964385811164622,
		1.0
	],
	"intrinsic" : 
	{
		"height" : 1536,
		"intrinsic_matrix" : 
		[
			973.43609619140591,
			0.0,
			0.0,
			0.0,
			973.43609619140591,
			0.0,
			1023.5,
			767.5,
			1.0
		],
		"width" : 2048
	},
	"version_major" : 1,
	"version_minor" : 0
}