{
	"class_name" : "PinholeCameraParameters",
	"extrinsic" : 
	[
		-0.11508391089012948,
		-0.91611614553078125,
		-0.38404023402770876,
		0.0,
		0.98700746206092516,
		-0.061818747436000972,
		-0.14830614384271246,
		0.0,
		0.11212476662309767,
		-0.39611822775942596,
		0.91132781497463777,
		0.0,
		0.019924592571227973,
		-0.18007096953814578,
		1.7483668555633556,
		1.0
	],
	"intrinsic" : 
	{
		"height" : 1536,
		"intrinsic_matrix" : 
		[
			973.43609619140591,
			0.0,
			0.0,
			0.0,
			973.43609619140591,
			0.0,
			1023.5,
			767.5,
			1.0
		],
		"width" : 2048
	},
	"version_major" : 1,
	"version_minor" : 0
}