{
	"class_name" : "PinholeCameraParameters",
	"extrinsic" : 
	[
		0.10691194007024371,
		-0.96011181047993066,
		-0.25837017716324467,
		0.0,
		-0.20389727837586252,
		0.23316518170794687,
		-0.950820644448792,
		0.0,
		0.97313705968960651,
		0.15433505569393477,
		-0.17083604316015225,
		0.0,
		0.2681508637116784,
		-0.037138474254693715,
		1.3801133191719099,
		1.0
	],
	"intrinsic" : 
	{
		"height" : 1536,
		"intrinsic_matrix" : 
		[
			973.43609619140591,
			0.0,
			0.0,
			0.0,
			973.43609619140591,
			0.0,
			1023.5,
			767.5,
			1.0
		],
		"width" : 2048
	},
	"version_major" : 1,
	"version_minor" : 0
}