{
	"class_name" : "PinholeCameraParameters",
	"extrinsic" : 
	[
		0.18108111942149741,
		-0.42014294826285792,
		-0.88920724874128809,
		0.0,
		0.8177106119681794,
		-0.43801916623650167,
		0.37348167971683111,
		0.0,
		-0.54640551174350627,
		-0.79474468418132471,
		0.26423834638796001,
		0.0,
		-0.13136446949476782,
		-0.24571602488105787,
		1.5345061926466015,
		1.0
	],
	"intrinsic" : 
	{
		"height" : 1536,
		"intrinsic_matrix" : 
		[
			973.43609619140591,
			0.0,
			0.0,
			0.0,
			973.43609619140591,
			0.0,
			1023.5,
			767.5,
			1.0
		],
		"width" : 2048
	},
	"version_major" : 1,
	"version_minor" : 0
}