{
	"class_name" : "PinholeCameraParameters",
	"extrinsic" : 
	[
		0.566170773411654,
		-0.42014294826285792,
		-0.70917597136355592,
		0.0,
		0.55790195776719687,
		-0.43801916623650156,
		0.70490042951399101,
		0.0,
		-0.60679161237938894,
		-0.79474468418132471,
		-0.013595076739317397,
		0.0,
		-0.11596520158046966,
		-0.24571602488105787,
		1.4749184190402098,
		1.0
	],
	"intrinsic" : 
	{
		"height" : 1536,
		"intrinsic_matrix" : 
		[
			973.43609619140591,
			0.0,
			0.0,
			0.0,
			973.43609619140591,
			0.0,
			1023.5,
			767.5,
			1.0
		],
		"width" : 2048
	},
	"version_major" : 1,
	"version_minor" : 0
}