{
	"class_name" : "PinholeCameraParameters",
	"extrinsic" : 
	[
		0.65873267514388123,
		-0.42014294826285792,
		-0.62414034136785246,
		0.0,
		0.45514797091004233,
		-0.43801916623650161,
		0.77522869824713747,
		0.0,
		-0.599092302800042,
		-0.79474468418132471,
		-0.097310326745260439,
		0.0,
		-0.10631989290424901,
		-0.24571602488105793,
		1.4594868737453925,
		1.0
	],
	"intrinsic" : 
	{
		"height" : 1536,
		"intrinsic_matrix" : 
		[
			973.43609619140591,
			0.0,
			0.0,
			0.0,
			973.43609619140591,
			0.0,
			1023.5,
			767.5,
			1.0
		],
		"width" : 2048
	},
	"version_major" : 1,
	"version_minor" : 0
}