{
	"class_name" : "PinholeCameraParameters",
	"extrinsic" : 
	[
		0.84260531192847066,
		-0.42014294826285792,
		0.33689195795524451,
		0.0,
		-0.51344095482305707,
		-0.43801916623650167,
		0.73791435540980466,
		0.0,
		-0.16246437831202287,
		-0.79474468418132471,
		-0.58479587271561217,
		0.0,
		0.025577921792220584,
		-0.24571602488105804,
		1.4078025476190783,
		1.0
	],
	"intrinsic" : 
	{
		"height" : 1536,
		"intrinsic_matrix" : 
		[
			973.43609619140591,
			0.0,
			0.0,
			0.0,
			973.43609619140591,
			0.0,
			1023.5,
			767.5,
			1.0
		],
		"width" : 2048
	},
	"version_major" : 1,
	"version_minor" : 0
}