{
	"class_name" : "PinholeCameraParameters",
	"extrinsic" : 
	[
		0.72685542466975328,
		-0.42014294826285786,
		0.54328730396830216,
		0.0,
		-0.68676646642445227,
		-0.43801916623650161,
		0.58007846935078688,
		0.0,
		-0.0057456264257729215,
		-0.79474468418132471,
		-0.60691669505995793,
		0.0,
		0.058026312891153814,
		-0.24571602488105782,
		1.4187971042481489,
		1.0
	],
	"intrinsic" : 
	{
		"height" : 1536,
		"intrinsic_matrix" : 
		[
			973.43609619140591,
			0.0,
			0.0,
			0.0,
			973.43609619140591,
			0.0,
			1023.5,
			767.5,
			1.0
		],
		"width" : 2048
	},
	"version_major" : 1,
	"version_minor" : 0
}