{
	"class_name" : "PinholeCameraParameters",
	"extrinsic" : 
	[
		0.43490952892824947,
		-0.42014294826285781,
		0.79645062914935405,
		0.0,
		-0.86585184465882192,
		-0.43801916623650161,
		0.24174323798277281,
		0.0,
		0.24729392379984538,
		-0.79474468418132482,
		-0.55428025602325282,
		0.0,
		0.10180882975844294,
		-0.24571602488105804,
		1.4536272100011591,
		1.0
	],
	"intrinsic" : 
	{
		"height" : 1536,
		"intrinsic_matrix" : 
		[
			973.43609619140591,
			0.0,
			0.0,
			0.0,
			973.43609619140591,
			0.0,
			1023.5,
			767.5,
			1.0
		],
		"width" : 2048
	},
	"version_major" : 1,
	"version_minor" : 0
}