{
	"class_name" : "PinholeCameraParameters",
	"extrinsic" : 
	[
		0.098598642067964426,
		-0.4201429482628577,
		0.90208547865895017,
		0.0,
		-0.89264207869598589,
		-0.43801916623650161,
		-0.10643932238975159,
		0.0,
		0.43985045995617988,
		-0.79474468418132471,
		-0.41822536967747836,
		0.0,
		0.12577212323660736,
		-0.24571602488105787,
		1.4986883375111506,
		1.0
	],
	"intrinsic" : 
	{
		"height" : 1536,
		"intrinsic_matrix" : 
		[
			973.43609619140591,
			0.0,
			0.0,
			0.0,
			973.43609619140591,
			0.0,
			1023.5,
			767.5,
			1.0
		],
		"width" : 2048
	},
	"version_major" : 1,
	"version_minor" : 0
}