{
	"class_name" : "PinholeCameraParameters",
	"extrinsic" : 
	[
		-0.33344635782381948,
		-0.42014294826285775,
		0.84397478012024929,
		0.0,
		-0.74000605629887062,
		-0.43801916623650172,
		-0.51042163615042091,
		0.0,
		0.58412718058229596,
		-0.79474468418132471,
		-0.16485243058719021,
		0.0,
		0.12897189353936081,
		-0.24571602488105787,
		1.5617221750588635,
		1.0
	],
	"intrinsic" : 
	{
		"height" : 1536,
		"intrinsic_matrix" : 
		[
			973.43609619140591,
			0.0,
			0.0,
			0.0,
			973.43609619140591,
			0.0,
			1023.5,
			767.5,
			1.0
		],
		"width" : 2048
	},
	"version_major" : 1,
	"version_minor" : 0
}