{
	"class_name" : "PinholeCameraParameters",
	"extrinsic" : 
	[
		-0.56755991461603938,
		-0.4201429482628577,
		0.70806471903776413,
		0.0,
		-0.55651903821735071,
		-0.43801916623650178,
		-0.70599275499902614,
		0.0,
		0.6067637954119125,
		-0.79474468418132482,
		0.014784571108329977,
		0.0,
		0.11584392241809779,
		-0.24571602488105782,
		1.5986508108725033,
		1.0
	],
	"intrinsic" : 
	{
		"height" : 1536,
		"intrinsic_matrix" : 
		[
			973.43609619140591,
			0.0,
			0.0,
			0.0,
			973.43609619140591,
			0.0,
			1023.5,
			767.5,
			1.0
		],
		"width" : 2048
	},
	"version_major" : 1,
	"version_minor" : 0
}