{
	"class_name" : "PinholeCameraParameters",
	"extrinsic" : 
	[
		-0.85524856954594308,
		-0.4201429482628577,
		0.30336411672215269,
		0.0,
		-0.10164796587900579,
		-0.43801916623650172,
		-0.89320037004142616,
		0.0,
		0.50815113433139025,
		-0.79474468418132482,
		0.33190858928814687,
		0.0,
		0.065882555535741794,
		-0.2457160248810577,
		1.6503407016085223,
		1.0
	],
	"intrinsic" : 
	{
		"height" : 1536,
		"intrinsic_matrix" : 
		[
			973.43609619140591,
			0.0,
			0.0,
			0.0,
			973.43609619140591,
			0.0,
			1023.5,
			767.5,
			1.0
		],
		"width" : 2048
	},
	"version_major" : 1,
	"version_minor" : 0
}