{
	"class_name" : "PinholeCameraParameters",
	"extrinsic" : 
	[
		-0.91821022259438567,
		-0.0,
		0.39609340706854612,
		0.0,
		0.0,
		-1.0,
		-0.0,
		0.0,
		0.39609340706854612,
		-0.0,
		0.91821022259438567,
		0.0,
		0.030836335901472611,
		0.00059831142425537109,
		1.7230177145417176,
		1.0
	],
	"intrinsic" : 
	{
		"height" : 1536,
		"intrinsic_matrix" : 
		[
			973.43609619140591,
			0.0,
			0.0,
			0.0,
			973.43609619140591,
			0.0,
			1023.5,
			767.5,
			1.0
		],
		"width" : 2048
	},
	"version_major" : 1,
	"version_minor" : 0
}