{
	"class_name" : "PinholeCameraParameters",
	"extrinsic" : 
	[
		0.2780018262136118,
		-0.96009363714608997,
		-0.030580917799975415,
		0.0,
		0.73676200886434939,
		0.23354589558402072,
		-0.63453767181312892,
		0.0,
		0.61635762907265546,
		0.15387177313415784,
		0.77228670227868434,
		0.0,
		0.18643284121144965,
		-0.03726068234360802,
		1.6497906803579687,
		1.0
	],
	"intrinsic" : 
	{
		"height" : 1536,
		"intrinsic_matrix" : 
		[
			973.43609619140591,
			0.0,
			0.0,
			0.0,
			973.43609619140591,
			0.0,
			1023.5,
			767.5,
			1.0
		],
		"width" : 2048
	},
	"version_major" : 1,
	"version_minor" : 0
}