{
	"class_name" : "PinholeCameraParameters",
	"extrinsic" : 
	[
		-0.90169335550952256,
		-0.34034230461076276,
		-0.26667622376622291,
		0.0,
		0.30006865202485983,
		-0.048515825955821545,
		-0.95268306309276229,
		0.0,
		0.31130033199783363,
		-0.93904916288981344,
		0.14587245447300651,
		0.0,
		0.0094045161512855691,
		-0.27791081093282671,
		1.5847765770271369,
		1.0
	],
	"intrinsic" : 
	{
		"height" : 1536,
		"intrinsic_matrix" : 
		[
			973.43609619140591,
			0.0,
			0.0,
			0.0,
			973.43609619140591,
			0.0,
			1023.5,
			767.5,
			1.0
		],
		"width" : 2048
	},
	"version_major" : 1,
	"version_minor" : 0
}