{
	"class_name" : "PinholeCameraParameters",
	"extrinsic" : 
	[
		-0.25917277823540563,
		-0.34034230461076281,
		-0.90387863494717924,
		0.0,
		0.9648243167712941,
		-0.048515825955821552,
		-0.25838005418110388,
		0.0,
		0.044085244567167746,
		-0.93904916288981333,
		0.34094451291580252,
		0.0,
		-0.0099188061628717669,
		-0.27791081093282666,
		1.5844942819149763,
		1.0
	],
	"intrinsic" : 
	{
		"height" : 1536,
		"intrinsic_matrix" : 
		[
			973.43609619140591,
			0.0,
			0.0,
			0.0,
			973.43609619140591,
			0.0,
			1023.5,
			767.5,
			1.0
		],
		"width" : 2048
	},
	"version_major" : 1,
	"version_minor" : 0
}