{
	"class_name" : "PinholeCameraParameters",
	"extrinsic" : 
	[
		0.73206224562474653,
		-0.34034230461076287,
		-0.59012878613323727,
		0.0,
		0.6130878766787764,
		-0.048515825955821573,
		0.7885236014865592,
		0.0,
		-0.29699852524947462,
		-0.93904916288981344,
		0.17314313638021581,
		0.0,
		-0.019943038070411673,
		-0.27791081093282677,
		1.564681725790134,
		1.0
	],
	"intrinsic" : 
	{
		"height" : 1536,
		"intrinsic_matrix" : 
		[
			973.43609619140591,
			0.0,
			0.0,
			0.0,
			973.43609619140591,
			0.0,
			1023.5,
			767.5,
			1.0
		],
		"width" : 2048
	},
	"version_major" : 1,
	"version_minor" : 0
}