{
	"class_name" : "PinholeCameraParameters",
	"extrinsic" : 
	[
		0.87693089368420762,
		-0.34034230461076292,
		-0.33935132737982893,
		0.0,
		0.34403870274697407,
		-0.048515825955821573,
		0.93770122408153223,
		0.0,
		-0.33560330557727891,
		-0.93904916288981344,
		0.07454589835493626,
		0.0,
		-0.018281338379308426,
		-0.27791081093282677,
		1.5587240795116599,
		1.0
	],
	"intrinsic" : 
	{
		"height" : 1536,
		"intrinsic_matrix" : 
		[
			973.43609619140591,
			0.0,
			0.0,
			0.0,
			973.43609619140591,
			0.0,
			1023.5,
			767.5,
			1.0
		],
		"width" : 2048
	},
	"version_major" : 1,
	"version_minor" : 0
}