{
	"class_name" : "PinholeCameraParameters",
	"extrinsic" : 
	[
		0.88923488588708266,
		-0.34034230461076298,
		0.3056606507446154,
		0.0,
		-0.34124025722553047,
		-0.048515825955821525,
		0.93872322943478836,
		0.0,
		-0.304657848364425,
		-0.93904916288981333,
		-0.1592804605276491,
		0.0,
		-0.0086235277467708246,
		-0.27791081093282666,
		1.5488982969481633,
		1.0
	],
	"intrinsic" : 
	{
		"height" : 1536,
		"intrinsic_matrix" : 
		[
			973.43609619140591,
			0.0,
			0.0,
			0.0,
			973.43609619140591,
			0.0,
			1023.5,
			767.5,
			1.0
		],
		"width" : 2048
	},
	"version_major" : 1,
	"version_minor" : 0
}