{
	"class_name" : "PinholeCameraParameters",
	"extrinsic" : 
	[
		0.45483931739050154,
		-0.34034230461076309,
		0.82297527973079321,
		0.0,
		-0.88255323571629218,
		-0.048515825955821552,
		0.467702897958231,
		0.0,
		-0.11925175672687416,
		-0.93904916288981333,
		-0.32243710734575109,
		0.0,
		0.0057606403163775188,
		-0.27791081093282677,
		1.5477964131791935,
		1.0
	],
	"intrinsic" : 
	{
		"height" : 1536,
		"intrinsic_matrix" : 
		[
			973.43609619140591,
			0.0,
			0.0,
			0.0,
			973.43609619140591,
			0.0,
			1023.5,
			767.5,
			1.0
		],
		"width" : 2048
	},
	"version_major" : 1,
	"version_minor" : 0
}