{
	"class_name" : "PinholeCameraParameters",
	"extrinsic" : 
	[
		-0.23591950821473737,
		-0.34034230461076309,
		0.91022475319887408,
		0.0,
		-0.9623184094270244,
		-0.048515825955821552,
		-0.2675621301859934,
		0.0,
		0.13522301772094319,
		-0.93904916288981333,
		-0.3160718354336281,
		0.0,
		0.017413518207864614,
		-0.27791081093282671,
		1.5570323664577868,
		1.0
	],
	"intrinsic" : 
	{
		"height" : 1536,
		"intrinsic_matrix" : 
		[
			973.43609619140591,
			0.0,
			0.0,
			0.0,
			973.43609619140591,
			0.0,
			1023.5,
			767.5,
			1.0
		],
		"width" : 2048
	},
	"version_major" : 1,
	"version_minor" : 0
}