{
	"class_name" : "PinholeCameraParameters",
	"extrinsic" : 
	[
		-0.85389808284886926,
		-0.34034230461076309,
		0.39373237077901052,
		0.0,
		-0.40222542996684219,
		-0.048515825955821559,
		-0.91425429619981191,
		0.0,
		0.3302616653428227,
		-0.93904916288981322,
		-0.095466759036464691,
		0.0,
		0.018766924007810423,
		-0.27791081093282666,
		1.5741792018091416,
		1.0
	],
	"intrinsic" : 
	{
		"height" : 1536,
		"intrinsic_matrix" : 
		[
			973.43609619140591,
			0.0,
			0.0,
			0.0,
			973.43609619140591,
			0.0,
			1023.5,
			767.5,
			1.0
		],
		"width" : 2048
	},
	"version_major" : 1,
	"version_minor" : 0
}