{
	"class_name" : "PinholeCameraParameters",
	"extrinsic" : 
	[
		-0.93872015594404534,
		-0.34034230461076309,
		0.054512241896861324,
		0.0,
		-0.040365151023878068,
		-0.048515825955821573,
		-0.99800644748150003,
		0.0,
		0.342308520792584,
		-0.93904916288981322,
		0.031804815181574825,
		0.0,
		0.014858514738201573,
		-0.27791081093282666,
		1.5805421994727278,
		1.0
	],
	"intrinsic" : 
	{
		"height" : 1536,
		"intrinsic_matrix" : 
		[
			973.43609619140591,
			0.0,
			0.0,
			0.0,
			973.43609619140591,
			0.0,
			1023.5,
			767.5,
			1.0
		],
		"width" : 2048
	},
	"version_major" : 1,
	"version_minor" : 0
}