{
	"class_name" : "PinholeCameraParameters",
	"extrinsic" : 
	[
		-0.75712622710278676,
		-0.34034230461076309,
		-0.55760827820732184,
		0.0,
		0.60635963105200608,
		-0.048515825955821566,
		-0.79370914853131158,
		0.0,
		0.24307997462476127,
		-0.93904916288981333,
		0.2431024385158784,
		0.0,
		0.0028052592214329874,
		-0.27791081093282677,
		1.5869179883479843,
		1.0
	],
	"intrinsic" : 
	{
		"height" : 1536,
		"intrinsic_matrix" : 
		[
			973.43609619140591,
			0.0,
			0.0,
			0.0,
			973.43609619140591,
			0.0,
			1023.5,
			767.5,
			1.0
		],
		"width" : 2048
	},
	"version_major" : 1,
	"version_minor" : 0
}