{
	"class_name" : "PinholeCameraParameters",
	"extrinsic" : 
	[
		0.25694066161013235,
		-0.96009363714609008,
		0.11046132500988556,
		0.0,
		0.95384096143117358,
		0.23354589558402078,
		-0.18879548445847999,
		0.0,
		0.15546355427366887,
		0.15387177313415787,
		0.97578407484706797,
		0.0,
		0.061766522241046729,
		-0.037260682343608076,
		1.7152306027461375,
		1.0
	],
	"intrinsic" : 
	{
		"height" : 1536,
		"intrinsic_matrix" : 
		[
			973.43609619140591,
			0.0,
			0.0,
			0.0,
			973.43609619140591,
			0.0,
			1023.5,
			767.5,
			1.0
		],
		"width" : 2048
	},
	"version_major" : 1,
	"version_minor" : 0
}