{
	"class_name" : "PinholeCameraParameters",
	"extrinsic" : 
	[
		0.14026031845840176,
		0.07089140507165459,
		-0.9875735171383011,
		0.0,
		0.98487583421459479,
		-0.11245968683694758,
		0.13180443853164298,
		0.0,
		-0.10171840662364752,
		-0.99112422406250489,
		-0.085592863198072966,
		0.0,
		-0.016282540595664682,
		-0.25828651550866177,
		1.4637833251472949,
		1.0
	],
	"intrinsic" : 
	{
		"height" : 1536,
		"intrinsic_matrix" : 
		[
			973.43609619140591,
			0.0,
			0.0,
			0.0,
			973.43609619140591,
			0.0,
			1023.5,
			767.5,
			1.0
		],
		"width" : 2048
	},
	"version_major" : 1,
	"version_minor" : 0
}