{
	"class_name" : "PinholeCameraParameters",
	"extrinsic" : 
	[
		0.82101922213477296,
		0.070891405071654603,
		-0.56648199051000625,
		0.0,
		0.57086848935816914,
		-0.11245968683694758,
		0.81330313333618587,
		0.0,
		-0.0060501853801445456,
		-0.99112422406250489,
		-0.13280123393012441,
		0.0,
		0.064855103806835832,
		-0.25828651550866177,
		1.4850606892553673,
		1.0
	],
	"intrinsic" : 
	{
		"height" : 1536,
		"intrinsic_matrix" : 
		[
			973.43609619140591,
			0.0,
			0.0,
			0.0,
			973.43609619140591,
			0.0,
			1023.5,
			767.5,
			1.0
		],
		"width" : 2048
	},
	"version_major" : 1,
	"version_minor" : 0
}