{
	"class_name" : "PinholeCameraParameters",
	"extrinsic" : 
	[
		0.97896574165385097,
		0.070891405071654603,
		-0.1913125331887392,
		0.0,
		0.19841637679188751,
		-0.11245968683694758,
		0.97364457593996567,
		0.0,
		0.047508084458390727,
		-0.99112422406250489,
		-0.12416019647049595,
		0.0,
		0.092203182540115738,
		-0.25828651550866177,
		1.5177962249637165,
		1.0
	],
	"intrinsic" : 
	{
		"height" : 1536,
		"intrinsic_matrix" : 
		[
			973.43609619140591,
			0.0,
			0.0,
			0.0,
			973.43609619140591,
			0.0,
			1023.5,
			767.5,
			1.0
		],
		"width" : 2048
	},
	"version_major" : 1,
	"version_minor" : 0
}