{
	"class_name" : "PinholeCameraParameters",
	"extrinsic" : 
	[
		0.96711262736806636,
		0.07089140507165459,
		0.24426947142899844,
		0.0,
		-0.23557506121844765,
		-0.11245968683694757,
		0.96532751404301143,
		0.0,
		0.095903892085568335,
		-0.99112422406250478,
		-0.092060936120253525,
		0.0,
		0.10439520849789478,
		-0.25828651550866177,
		1.5617999622417775,
		1.0
	],
	"intrinsic" : 
	{
		"height" : 1536,
		"intrinsic_matrix" : 
		[
			973.43609619140591,
			0.0,
			0.0,
			0.0,
			973.43609619140591,
			0.0,
			1023.5,
			767.5,
			1.0
		],
		"width" : 2048
	},
	"version_major" : 1,
	"version_minor" : 0
}