{
	"class_name" : "PinholeCameraParameters",
	"extrinsic" : 
	[
		0.96402527388635917,
		0.07089140507165459,
		0.25618290340164585,
		0.0,
		-0.24746713061364722,
		-0.1124596868369476,
		0.96234756616431671,
		0.0,
		0.097032420222204582,
		-0.99112422406250489,
		-0.090870687805910455,
		0.0,
		0.10445183474813281,
		-0.25828651550866177,
		1.5630883658512684,
		1.0
	],
	"intrinsic" : 
	{
		"height" : 1536,
		"intrinsic_matrix" : 
		[
			973.43609619140591,
			0.0,
			0.0,
			0.0,
			973.43609619140591,
			0.0,
			1023.5,
			767.5,
			1.0
		],
		"width" : 2048
	},
	"version_major" : 1,
	"version_minor" : 0
}