{
	"class_name" : "PinholeCameraParameters",
	"extrinsic" : 
	[
		0.94009322019262032,
		0.07089140507165459,
		0.3334653595725291,
		0.0,
		-0.32464229235035003,
		-0.11245968683694757,
		0.93912736135949404,
		0.0,
		0.10407746809650677,
		-0.99112422406250478,
		-0.08270824089000052,
		0.0,
		0.10442800068029769,
		-0.25828651550866172,
		1.5715661716058344,
		1.0
	],
	"intrinsic" : 
	{
		"height" : 1536,
		"intrinsic_matrix" : 
		[
			973.43609619140591,
			0.0,
			0.0,
			0.0,
			973.43609619140591,
			0.0,
			1023.5,
			767.5,
			1.0
		],
		"width" : 2048
	},
	"version_major" : 1,
	"version_minor" : 0
}