{
	"class_name" : "PinholeCameraParameters",
	"extrinsic" : 
	[
		0.80254821397811982,
		0.07089140507165459,
		0.59236034044110064,
		0.0,
		-0.5836375509748255,
		-0.11245968683694757,
		0.80418904986865114,
		0.0,
		0.12362675006906142,
		-0.99112422406250489,
		-0.048879434774346142,
		0.0,
		0.098600127344108973,
		-0.25828651550866177,
		1.601728982089951,
		1.0
	],
	"intrinsic" : 
	{
		"height" : 1536,
		"intrinsic_matrix" : 
		[
			973.43609619140591,
			0.0,
			0.0,
			0.0,
			973.43609619140591,
			0.0,
			1023.5,
			767.5,
			1.0
		],
		"width" : 2048
	},
	"version_major" : 1,
	"version_minor" : 0
}