{
	"class_name" : "PinholeCameraParameters",
	"extrinsic" : 
	[
		0.085826415900045208,
		0.07089140507165459,
		0.99378480317457019,
		0.0,
		-0.98925152110022063,
		-0.11245968683694757,
		0.093457192539876777,
		0.0,
		0.11838603944153375,
		-0.99112422406250489,
		0.060477418445609492,
		0.0,
		0.03912427955547787,
		-0.25828651550866177,
		1.6639616755793345,
		1.0
	],
	"intrinsic" : 
	{
		"height" : 1536,
		"intrinsic_matrix" : 
		[
			973.43609619140591,
			0.0,
			0.0,
			0.0,
			973.43609619140591,
			0.0,
			1023.5,
			767.5,
			1.0
		],
		"width" : 2048
	},
	"version_major" : 1,
	"version_minor" : 0
}