{
	"class_name" : "PinholeCameraParameters",
	"extrinsic" : 
	[
		-0.56223410703797772,
		0.07089140507165459,
		0.82393398859992095,
		0.0,
		-0.82525067713490741,
		-0.11245968683694757,
		-0.55345653734047862,
		0.0,
		0.053424046754105038,
		-0.99112422406250489,
		0.12173185164496979,
		0.0,
		-0.031020177551768776,
		-0.25828651550866177,
		1.666850983103817,
		1.0
	],
	"intrinsic" : 
	{
		"height" : 1536,
		"intrinsic_matrix" : 
		[
			973.43609619140591,
			0.0,
			0.0,
			0.0,
			973.43609619140591,
			0.0,
			1023.5,
			767.5,
			1.0
		],
		"width" : 2048
	},
	"version_major" : 1,
	"version_minor" : 0
}