{
	"class_name" : "PinholeCameraParameters",
	"extrinsic" : 
	[
		-0.76158160592455593,
		0.070891405071654603,
		0.64417999519104996,
		0.0,
		-0.64778957595333331,
		-0.11245968683694757,
		-0.75347294850096402,
		0.0,
		0.019029524523096086,
		-0.99112422406250489,
		0.13156994213315829,
		0.0,
		-0.056513617169884928,
		-0.25828651550866177,
		1.654965228156674,
		1.0
	],
	"intrinsic" : 
	{
		"height" : 1536,
		"intrinsic_matrix" : 
		[
			973.43609619140591,
			0.0,
			0.0,
			0.0,
			973.43609619140591,
			0.0,
			1023.5,
			767.5,
			1.0
		],
		"width" : 2048
	},
	"version_major" : 1,
	"version_minor" : 0
}