{
	"class_name" : "PinholeCameraParameters",
	"extrinsic" : 
	[
		-0.0025468601637949617,
		-0.96009363714608997,
		0.27966716184582374,
		0.0,
		0.54284961814533128,
		0.23354589558402078,
		0.80670354327678873,
		0.0,
		-0.83982605674197452,
		0.15387177313415787,
		0.52059165557063647,
		0.0,
		-0.2243353933840736,
		-0.03726068234360802,
		1.6071006022161043,
		1.0
	],
	"intrinsic" : 
	{
		"height" : 1536,
		"intrinsic_matrix" : 
		[
			973.43609619140591,
			0.0,
			0.0,
			0.0,
			973.43609619140591,
			0.0,
			1023.5,
			767.5,
			1.0
		],
		"width" : 2048
	},
	"version_major" : 1,
	"version_minor" : 0
}