{
	"class_name" : "PinholeCameraParameters",
	"extrinsic" : 
	[
		-0.98785515012472636,
		-0.022310414015304338,
		0.15376751216859863,
		0.0,
		-0.14564318776979646,
		0.4777371409938494,
		-0.86634593897084478,
		0.0,
		-0.054131915062246128,
		-0.87821948824965657,
		-0.47518445495428951,
		0.0,
		-0.094723286650773439,
		-0.23613603854047543,
		1.4534337158573316,
		1.0
	],
	"intrinsic" : 
	{
		"height" : 1536,
		"intrinsic_matrix" : 
		[
			973.43609619140591,
			0.0,
			0.0,
			0.0,
			973.43609619140591,
			0.0,
			1023.5,
			767.5,
			1.0
		],
		"width" : 2048
	},
	"version_major" : 1,
	"version_minor" : 0
}