{
	"class_name" : "PinholeCameraParameters",
	"extrinsic" : 
	[
		-0.8772169038016131,
		-0.022310414015304286,
		-0.47957559269751976,
		0.0,
		0.41202789223443248,
		0.47773714099384945,
		-0.77588674440015648,
		0.0,
		0.24642142704229802,
		-0.87821948824965645,
		-0.40988658279205586,
		0.0,
		-0.0059601763828354831,
		-0.23613603854047566,
		1.4192435209251109,
		1.0
	],
	"intrinsic" : 
	{
		"height" : 1536,
		"intrinsic_matrix" : 
		[
			973.43609619140591,
			0.0,
			0.0,
			0.0,
			973.43609619140591,
			0.0,
			1023.5,
			767.5,
			1.0
		],
		"width" : 2048
	},
	"version_major" : 1,
	"version_minor" : 0
}