{
	"class_name" : "PinholeCameraParameters",
	"extrinsic" : 
	[
		-0.3504395206064943,
		-0.022310414015304366,
		-0.93631959705196621,
		0.0,
		0.81896659740213329,
		0.47773714099384945,
		-0.31790082801810238,
		0.0,
		0.45440714644101143,
		-0.87821948824965645,
		-0.14914649081305509,
		0.0,
		0.092087554664895141,
		-0.23613603854047552,
		1.4512868213624173,
		1.0
	],
	"intrinsic" : 
	{
		"height" : 1536,
		"intrinsic_matrix" : 
		[
			973.43609619140591,
			0.0,
			0.0,
			0.0,
			973.43609619140591,
			0.0,
			1023.5,
			767.5,
			1.0
		],
		"width" : 2048
	},
	"version_major" : 1,
	"version_minor" : 0
}