{
	"class_name" : "PinholeCameraParameters",
	"extrinsic" : 
	[
		-0.26160967644000349,
		-0.022310414015304366,
		-0.96491586297429199,
		0.0,
		0.84504016775008517,
		0.47773714099384945,
		-0.24015482298702823,
		0.0,
		0.46633409920556401,
		-0.87821948824965645,
		-0.10612746287670663,
		0.0,
		0.10247870998520942,
		-0.23613603854047549,
		1.4603773792298194,
		1.0
	],
	"intrinsic" : 
	{
		"height" : 1536,
		"intrinsic_matrix" : 
		[
			973.43609619140591,
			0.0,
			0.0,
			0.0,
			973.43609619140591,
			0.0,
			1023.5,
			767.5,
			1.0
		],
		"width" : 2048
	},
	"version_major" : 1,
	"version_minor" : 0
}