{
	"class_name" : "PinholeCameraParameters",
	"extrinsic" : 
	[
		0.24045273424532415,
		-0.022310414015304397,
		-0.97040441467483718,
		0.0,
		0.85521662512894125,
		0.47773714099384945,
		0.20092722119734555,
		0.0,
		0.45911546118270918,
		-0.87821948824965657,
		0.13395343878191307,
		0.0,
		0.14140336757534061,
		-0.23613603854047555,
		1.5236454724736572,
		1.0
	],
	"intrinsic" : 
	{
		"height" : 1536,
		"intrinsic_matrix" : 
		[
			973.43609619140591,
			0.0,
			0.0,
			0.0,
			973.43609619140591,
			0.0,
			1023.5,
			767.5,
			1.0
		],
		"width" : 2048
	},
	"version_major" : 1,
	"version_minor" : 0
}