{
	"class_name" : "PinholeCameraParameters",
	"extrinsic" : 
	[
		0.30462296097564046,
		-0.022310414015304397,
		-0.95221168711211435,
		0.0,
		0.83991576038541116,
		0.4777371409938494,
		0.25750483407349728,
		0.0,
		0.44916184956274935,
		-0.87821948824965657,
		0.16426857080976118,
		0.0,
		0.14398174340036762,
		-0.23613603854047555,
		1.5331706331439265,
		1.0
	],
	"intrinsic" : 
	{
		"height" : 1536,
		"intrinsic_matrix" : 
		[
			973.43609619140591,
			0.0,
			0.0,
			0.0,
			973.43609619140591,
			0.0,
			1023.5,
			767.5,
			1.0
		],
		"width" : 2048
	},
	"version_major" : 1,
	"version_minor" : 0
}