{
	"class_name" : "PinholeCameraParameters",
	"extrinsic" : 
	[
		0.87551565431375622,
		-0.022310414015304453,
		-0.48267440835207026,
		0.0,
		0.43344151472919606,
		0.47773714099384945,
		0.76413066776846683,
		0.0,
		0.21354342031731027,
		-0.87821948824965657,
		0.42793660523224236,
		0.0,
		0.12789088233348497,
		-0.23613603854047549,
		1.6413395644902817,
		1.0
	],
	"intrinsic" : 
	{
		"height" : 1536,
		"intrinsic_matrix" : 
		[
			973.43609619140591,
			0.0,
			0.0,
			0.0,
			973.43609619140591,
			0.0,
			1023.5,
			767.5,
			1.0
		],
		"width" : 2048
	},
	"version_major" : 1,
	"version_minor" : 0
}