{
	"class_name" : "PinholeCameraParameters",
	"extrinsic" : 
	[
		0.95075573635491595,
		-0.022310414015304453,
		0.30913714628735173,
		0.0,
		-0.2614867798902184,
		0.47773714099384951,
		0.8386846177542947,
		0.0,
		-0.16639769749268252,
		-0.87821948824965657,
		0.4483774489508201,
		0.0,
		0.033179539460116009,
		-0.2361360385404756,
		1.7111744322642997,
		1.0
	],
	"intrinsic" : 
	{
		"height" : 1536,
		"intrinsic_matrix" : 
		[
			973.43609619140591,
			0.0,
			0.0,
			0.0,
			973.43609619140591,
			0.0,
			1023.5,
			767.5,
			1.0
		],
		"width" : 2048
	},
	"version_major" : 1,
	"version_minor" : 0
}