{
	"class_name" : "PinholeCameraParameters",
	"extrinsic" : 
	[
		0.72447712677435361,
		-0.022310414015304453,
		0.68893768818902845,
		0.0,
		-0.59761411995057523,
		0.47773714099384956,
		0.6439134939964547,
		0.0,
		-0.34349709811944079,
		-0.87821948824965657,
		0.3327766128231292,
		0.0,
		-0.032227186569199373,
		-0.23613603854047549,
		1.7113903450200798,
		1.0
	],
	"intrinsic" : 
	{
		"height" : 1536,
		"intrinsic_matrix" : 
		[
			973.43609619140591,
			0.0,
			0.0,
			0.0,
			973.43609619140591,
			0.0,
			1023.5,
			767.5,
			1.0
		],
		"width" : 2048
	},
	"version_major" : 1,
	"version_minor" : 0
}