{
	"class_name" : "PinholeCameraParameters",
	"extrinsic" : 
	[
		0.45427264499748748,
		-0.022310414015304481,
		0.8905832973020843,
		0.0,
		-0.77767282672983384,
		0.47773714099384956,
		0.40864678963752143,
		0.0,
		-0.43458179733281138,
		-0.87821948824965657,
		0.19967271192001887,
		0.0,
		-0.078379814994708252,
		-0.2361360385404756,
		1.6924690974944092,
		1.0
	],
	"intrinsic" : 
	{
		"height" : 1536,
		"intrinsic_matrix" : 
		[
			973.43609619140591,
			0.0,
			0.0,
			0.0,
			973.43609619140591,
			0.0,
			1023.5,
			767.5,
			1.0
		],
		"width" : 2048
	},
	"version_major" : 1,
	"version_minor" : 0
}