{
	"class_name" : "PinholeCameraParameters",
	"extrinsic" : 
	[
		-0.0038730903141414724,
		-0.96009363714608997,
		0.27965193917262687,
		0.0,
		0.53901790337031474,
		0.23354589558402075,
		0.80926881473471335,
		0.0,
		-0.84228540235343541,
		0.15387177313415787,
		0.51660311498757128,
		0.0,
		-0.2250964058885333,
		-0.037260682343608048,
		1.6060349314717395,
		1.0
	],
	"intrinsic" : 
	{
		"height" : 1536,
		"intrinsic_matrix" : 
		[
			973.43609619140591,
			0.0,
			0.0,
			0.0,
			973.43609619140591,
			0.0,
			1023.5,
			767.5,
			1.0
		],
		"width" : 2048
	},
	"version_major" : 1,
	"version_minor" : 0
}