{
	"class_name" : "PinholeCameraParameters",
	"extrinsic" : 
	[
		0.15985958228493391,
		-0.17347403760755384,
		0.97177758372367262,
		0.0,
		-0.86543084052189978,
		0.44891256276139546,
		0.22250162082230859,
		0.0,
		-0.47484142008174124,
		-0.87657530724469379,
		-0.078366807409937123,
		0.0,
		-0.11301333753314224,
		-0.24798130612180436,
		1.6250933839657669,
		1.0
	],
	"intrinsic" : 
	{
		"height" : 1536,
		"intrinsic_matrix" : 
		[
			973.43609619140591,
			0.0,
			0.0,
			0.0,
			973.43609619140591,
			0.0,
			1023.5,
			767.5,
			1.0
		],
		"width" : 2048
	},
	"version_major" : 1,
	"version_minor" : 0
}