{
	"class_name" : "PinholeCameraParameters",
	"extrinsic" : 
	[
		-0.31120324799934629,
		-0.17347403760755384,
		0.93437642131572995,
		0.0,
		-0.86945074166607461,
		0.44891256276139546,
		-0.20623510567143763,
		0.0,
		-0.38367687739942091,
		-0.87657530724469368,
		-0.29053017825675287,
		0.0,
		-0.12704858857213441,
		-0.24798130612180438,
		1.5657675110007909,
		1.0
	],
	"intrinsic" : 
	{
		"height" : 1536,
		"intrinsic_matrix" : 
		[
			973.43609619140591,
			0.0,
			0.0,
			0.0,
			973.43609619140591,
			0.0,
			1023.5,
			767.5,
			1.0
		],
		"width" : 2048
	},
	"version_major" : 1,
	"version_minor" : 0
}