{
	"class_name" : "PinholeCameraParameters",
	"extrinsic" : 
	[
		-0.34790051461583738,
		-0.17347403760755387,
		0.92134249343345098,
		0.0,
		-0.86061748881853539,
		0.44891256276139546,
		-0.24044760122462108,
		0.0,
		-0.37189080369069855,
		-0.87657530724469379,
		-0.30547170222322906,
		0.0,
		-0.12689920338378619,
		-0.24798130612180441,
		1.5607456352447124,
		1.0
	],
	"intrinsic" : 
	{
		"height" : 1536,
		"intrinsic_matrix" : 
		[
			973.43609619140591,
			0.0,
			0.0,
			0.0,
			973.43609619140591,
			0.0,
			1023.5,
			767.5,
			1.0
		],
		"width" : 2048
	},
	"version_major" : 1,
	"version_minor" : 0
}