{
	"class_name" : "PinholeCameraParameters",
	"extrinsic" : 
	[
		-0.77652888128952047,
		-0.17347403760755378,
		0.60573067843669515,
		0.0,
		-0.6097910800299069,
		0.44891256276139541,
		-0.65317099576677173,
		0.0,
		-0.15861190131640723,
		-0.87657530724469379,
		-0.45437649090777693,
		0.0,
		-0.10509192315151075,
		-0.24798130612180441,
		1.4956289273610723,
		1.0
	],
	"intrinsic" : 
	{
		"height" : 1536,
		"intrinsic_matrix" : 
		[
			973.43609619140591,
			0.0,
			0.0,
			0.0,
			973.43609619140591,
			0.0,
			1023.5,
			767.5,
			1.0
		],
		"width" : 2048
	},
	"version_major" : 1,
	"version_minor" : 0
}