{
	"class_name" : "PinholeCameraParameters",
	"extrinsic" : 
	[
		-0.93073429444804634,
		-0.17347403760755375,
		-0.32193233980827513,
		0.0,
		0.21622419618099462,
		0.44891256276139541,
		-0.86702053492456521,
		0.0,
		0.29492502458113057,
		-0.87657530724469379,
		-0.38030903303062669,
		0.0,
		0.0027277083328934165,
		-0.24798130612180452,
		1.4400080378412765,
		1.0
	],
	"intrinsic" : 
	{
		"height" : 1536,
		"intrinsic_matrix" : 
		[
			973.43609619140591,
			0.0,
			0.0,
			0.0,
			973.43609619140591,
			0.0,
			1023.5,
			767.5,
			1.0
		],
		"width" : 2048
	},
	"version_major" : 1,
	"version_minor" : 0
}