{
	"class_name" : "PinholeCameraParameters",
	"extrinsic" : 
	[
		-0.45131689743929143,
		-0.17347403760755375,
		-0.87533982907320362,
		0.0,
		0.75487165827888258,
		0.44891256276139541,
		-0.47816972982643546,
		0.0,
		0.47590107965107847,
		-0.87657530724469379,
		-0.071651190609846843,
		0.0,
		0.089645058301403471,
		-0.24798130612180433,
		1.4769963789096938,
		1.0
	],
	"intrinsic" : 
	{
		"height" : 1536,
		"intrinsic_matrix" : 
		[
			973.43609619140591,
			0.0,
			0.0,
			0.0,
			973.43609619140591,
			0.0,
			1023.5,
			767.5,
			1.0
		],
		"width" : 2048
	},
	"version_major" : 1,
	"version_minor" : 0
}