{
	"class_name" : "PinholeCameraParameters",
	"extrinsic" : 
	[
		0.41340307786973896,
		-0.17347403760755375,
		-0.89387060220367454,
		0.0,
		0.84104840083998189,
		0.44891256276139546,
		0.30185277610037903,
		0.0,
		0.34890612297914175,
		-0.8765753072446939,
		0.33148189705704112,
		0.0,
		0.12611592917286285,
		-0.24798130612180447,
		1.5824518026756196,
		1.0
	],
	"intrinsic" : 
	{
		"height" : 1536,
		"intrinsic_matrix" : 
		[
			973.43609619140591,
			0.0,
			0.0,
			0.0,
			973.43609619140591,
			0.0,
			1023.5,
			767.5,
			1.0
		],
		"width" : 2048
	},
	"version_major" : 1,
	"version_minor" : 0
}