{
	"class_name" : "PinholeCameraParameters",
	"extrinsic" : 
	[
		0.78410623118362133,
		-0.17347403760755375,
		-0.59588939954923736,
		0.0,
		0.60150519240507272,
		0.44891256276139546,
		0.66080936320903683,
		0.0,
		0.15286896914924916,
		-0.87657530724469379,
		0.45634067208623502,
		0.0,
		0.10418305284290555,
		-0.24798130612180447,
		1.6397580524995972,
		1.0
	],
	"intrinsic" : 
	{
		"height" : 1536,
		"intrinsic_matrix" : 
		[
			973.43609619140591,
			0.0,
			0.0,
			0.0,
			973.43609619140591,
			0.0,
			1023.5,
			767.5,
			1.0
		],
		"width" : 2048
	},
	"version_major" : 1,
	"version_minor" : 0
}