{
	"class_name" : "PinholeCameraParameters",
	"extrinsic" : 
	[
		0.97164448716694563,
		-0.17347403760755375,
		0.16066657659331796,
		0.0,
		-0.067191876673398834,
		0.44891256276139552,
		0.89104588136868856,
		0.0,
		-0.2266985713832142,
		-0.87657530724469379,
		0.42452737068613206,
		0.0,
		0.018693631042478509,
		-0.24798130612180436,
		1.6927058249541067,
		1.0
	],
	"intrinsic" : 
	{
		"height" : 1536,
		"intrinsic_matrix" : 
		[
			973.43609619140591,
			0.0,
			0.0,
			0.0,
			973.43609619140591,
			0.0,
			1023.5,
			767.5,
			1.0
		],
		"width" : 2048
	},
	"version_major" : 1,
	"version_minor" : 0
}