{
	"class_name" : "PinholeCameraParameters",
	"extrinsic" : 
	[
		0.72045604001469332,
		-0.17347403760755378,
		0.67145353724772339,
		0.0,
		-0.5489953609970053,
		0.44891256276139546,
		0.70504014396257197,
		0.0,
		-0.42373008862967798,
		-0.87657530724469379,
		0.22818532537995537,
		0.0,
		-0.053964593335213806,
		-0.24798130612180447,
		1.6820587343472209,
		1.0
	],
	"intrinsic" : 
	{
		"height" : 1536,
		"intrinsic_matrix" : 
		[
			973.43609619140591,
			0.0,
			0.0,
			0.0,
			973.43609619140591,
			0.0,
			1023.5,
			767.5,
			1.0
		],
		"width" : 2048
	},
	"version_major" : 1,
	"version_minor" : 0
}