{
	"class_name" : "PinholeCameraParameters",
	"extrinsic" : 
	[
		-0.2288340129728362,
		-0.96009363714608997,
		0.16079552984563936,
		0.0,
		-0.33966447306507119,
		0.23354589558402072,
		0.91108965551875598,
		0.0,
		-0.91228451715688763,
		0.15387177313415784,
		-0.37955294385418076,
		0.0,
		-0.26153037672185625,
		-0.037260682343608034,
		1.357487675086154,
		1.0
	],
	"intrinsic" : 
	{
		"height" : 1536,
		"intrinsic_matrix" : 
		[
			973.43609619140591,
			0.0,
			0.0,
			0.0,
			973.43609619140591,
			0.0,
			1023.5,
			767.5,
			1.0
		],
		"width" : 2048
	},
	"version_major" : 1,
	"version_minor" : 0
}