{
	"class_name" : "PinholeCameraParameters",
	"extrinsic" : 
	[
		0.70140631899069872,
		-0.64386365716652472,
		0.30572662079064389,
		0.0,
		-0.56848787838097858,
		-0.24661951634839838,
		0.7848568954210543,
		0.0,
		-0.42994267968394589,
		-0.7243054639696086,
		-0.53900917158241191,
		0.0,
		-0.057158646890546894,
		-0.24526422230278799,
		1.4478026762835641,
		1.0
	],
	"intrinsic" : 
	{
		"height" : 1536,
		"intrinsic_matrix" : 
		[
			973.43609619140591,
			0.0,
			0.0,
			0.0,
			973.43609619140591,
			0.0,
			1023.5,
			767.5,
			1.0
		],
		"width" : 2048
	},
	"version_major" : 1,
	"version_minor" : 0
}