{
	"class_name" : "PinholeCameraParameters",
	"extrinsic" : 
	[
		0.47514962379270126,
		-0.64386365716652483,
		0.59972695953225441,
		0.0,
		-0.87085707640409804,
		-0.24661951634839843,
		0.42519027109399987,
		0.0,
		-0.1258601902372688,
		-0.72430546396960849,
		-0.67789439249576977,
		0.0,
		0.0056452904316920266,
		-0.2452642223027881,
		1.4349304075729141,
		1.0
	],
	"intrinsic" : 
	{
		"height" : 1536,
		"intrinsic_matrix" : 
		[
			973.43609619140591,
			0.0,
			0.0,
			0.0,
			973.43609619140591,
			0.0,
			1023.5,
			767.5,
			1.0
		],
		"width" : 2048
	},
	"version_major" : 1,
	"version_minor" : 0
}