{
	"class_name" : "PinholeCameraParameters",
	"extrinsic" : 
	[
		-0.13941219178537823,
		-0.64386365716652494,
		0.75233226154521959,
		0.0,
		-0.89297205957961545,
		-0.24661951634839846,
		-0.37653647229215637,
		0.0,
		0.42797796858218851,
		-0.7243054639696086,
		-0.54057048871727498,
		0.0,
		0.10324074404269695,
		-0.24526422230278822,
		1.4844232093633194,
		1.0
	],
	"intrinsic" : 
	{
		"height" : 1536,
		"intrinsic_matrix" : 
		[
			973.43609619140591,
			0.0,
			0.0,
			0.0,
			973.43609619140591,
			0.0,
			1023.5,
			767.5,
			1.0
		],
		"width" : 2048
	},
	"version_major" : 1,
	"version_minor" : 0
}