{
	"class_name" : "PinholeCameraParameters",
	"extrinsic" : 
	[
		-0.18244771741917512,
		-0.64386365716652483,
		0.74306959390670846,
		0.0,
		-0.86983972643645735,
		-0.24661951634839838,
		-0.42726767309150743,
		0.0,
		0.4583575904482024,
		-0.72430546396960849,
		-0.51506301958332068,
		0.0,
		0.10782076227560111,
		-0.24526422230278816,
		1.4904972575078723,
		1.0
	],
	"intrinsic" : 
	{
		"height" : 1536,
		"intrinsic_matrix" : 
		[
			973.43609619140591,
			0.0,
			0.0,
			0.0,
			973.43609619140591,
			0.0,
			1023.5,
			767.5,
			1.0
		],
		"width" : 2048
	},
	"version_major" : 1,
	"version_minor" : 0
}