{
	"class_name" : "PinholeCameraParameters",
	"extrinsic" : 
	[
		-0.27124380004627274,
		-0.64386365716652483,
		0.71544838522188692,
		0.0,
		-0.81158253887515275,
		-0.2466195163483984,
		-0.52963439913684163,
		0.0,
		0.51745587592510622,
		-0.72430546396960849,
		-0.45565448679273574,
		0.0,
		0.11630925393360664,
		-0.24526422230278816,
		1.5041425246374669,
		1.0
	],
	"intrinsic" : 
	{
		"height" : 1536,
		"intrinsic_matrix" : 
		[
			973.43609619140591,
			0.0,
			0.0,
			0.0,
			973.43609619140591,
			0.0,
			1023.5,
			767.5,
			1.0
		],
		"width" : 2048
	},
	"version_major" : 1,
	"version_minor" : 0
}