{
	"class_name" : "PinholeCameraParameters",
	"extrinsic" : 
	[
		-0.73775517070316821,
		-0.64386365716652483,
		0.20287163202598563,
		0.0,
		-0.050890600216323773,
		-0.24661951634839843,
		-0.96777526366698607,
		0.0,
		0.67314742435098229,
		-0.72430546396960849,
		0.14917821541166371,
		0.0,
		0.11938249030738593,
		-0.24526422230278816,
		1.6238751631439203,
		1.0
	],
	"intrinsic" : 
	{
		"height" : 1536,
		"intrinsic_matrix" : 
		[
			973.43609619140591,
			0.0,
			0.0,
			0.0,
			973.43609619140591,
			0.0,
			1023.5,
			767.5,
			1.0
		],
		"width" : 2048
	},
	"version_major" : 1,
	"version_minor" : 0
}