{
	"class_name" : "PinholeCameraParameters",
	"extrinsic" : 
	[
		-0.75213645320611833,
		-0.64386365716652483,
		0.14046475265584826,
		0.0,
		0.030219797609941729,
		-0.24661951634839846,
		-0.96864109864722148,
		0.0,
		0.65831414962078327,
		-0.7243054639696086,
		0.20494895772566196,
		0.0,
		0.11421082408507965,
		-0.24526422230278813,
		1.6336596532095207,
		1.0
	],
	"intrinsic" : 
	{
		"height" : 1536,
		"intrinsic_matrix" : 
		[
			973.43609619140591,
			0.0,
			0.0,
			0.0,
			973.43609619140591,
			0.0,
			1023.5,
			767.5,
			1.0
		],
		"width" : 2048
	},
	"version_major" : 1,
	"version_minor" : 0
}