{
	"class_name" : "PinholeCameraParameters",
	"extrinsic" : 
	[
		-0.66583384714575367,
		-0.64386365716652494,
		-0.37696800789355195,
		0.0,
		0.64697931829803668,
		-0.2466195163483984,
		-0.72152378744618662,
		0.0,
		0.37159527673221704,
		-0.7243054639696086,
		0.58077409134195823,
		0.0,
		0.044457462443843188,
		-0.24526422230278822,
		1.6915594339665159,
		1.0
	],
	"intrinsic" : 
	{
		"height" : 1536,
		"intrinsic_matrix" : 
		[
			973.43609619140591,
			0.0,
			0.0,
			0.0,
			973.43609619140591,
			0.0,
			1023.5,
			767.5,
			1.0
		],
		"width" : 2048
	},
	"version_major" : 1,
	"version_minor" : 0
}