{
	"class_name" : "PinholeCameraParameters",
	"extrinsic" : 
	[
		-0.63649684887371549,
		-0.64386365716652483,
		-0.42463084244314908,
		0.0,
		0.69799064252379306,
		-0.24661951634839838,
		-0.672300436639234,
		0.0,
		0.32814756485924634,
		-0.72430546396960849,
		0.60638335278989719,
		0.0,
		0.035235904340266799,
		-0.24526422230278799,
		1.6944760601101987,
		1.0
	],
	"intrinsic" : 
	{
		"height" : 1536,
		"intrinsic_matrix" : 
		[
			973.43609619140591,
			0.0,
			0.0,
			0.0,
			973.43609619140591,
			0.0,
			1023.5,
			767.5,
			1.0
		],
		"width" : 2048
	},
	"version_major" : 1,
	"version_minor" : 0
}