{
	"class_name" : "PinholeCameraParameters",
	"extrinsic" : 
	[
		-0.53346125793352428,
		-0.64386365716652494,
		-0.54850585891504355,
		0.0,
		0.82330228619212265,
		-0.24661951634839829,
		-0.51122613363061409,
		0.0,
		0.19388767839861898,
		-0.72430546396960849,
		0.66165637836339486,
		0.0,
		0.0077666499692614077,
		-0.2452642223027881,
		1.6990291651251836,
		1.0
	],
	"intrinsic" : 
	{
		"height" : 1536,
		"intrinsic_matrix" : 
		[
			973.43609619140591,
			0.0,
			0.0,
			0.0,
			973.43609619140591,
			0.0,
			1023.5,
			767.5,
			1.0
		],
		"width" : 2048
	},
	"version_major" : 1,
	"version_minor" : 0
}