{
	"class_name" : "PinholeCameraParameters",
	"extrinsic" : 
	[
		-0.27361710906939846,
		-0.96009363714608997,
		-0.057912740706143176,
		0.0,
		-0.89827409392055979,
		0.23354589558402072,
		0.37223643944011614,
		0.0,
		-0.34385655412642996,
		0.15387177313415784,
		-0.92632939477102205,
		0.0,
		-0.11336121058658116,
		-0.037260682343608048,
		1.1943038605662832,
		1.0
	],
	"intrinsic" : 
	{
		"height" : 1536,
		"intrinsic_matrix" : 
		[
			973.43609619140591,
			0.0,
			0.0,
			0.0,
			973.43609619140591,
			0.0,
			1023.5,
			767.5,
			1.0
		],
		"width" : 2048
	},
	"version_major" : 1,
	"version_minor" : 0
}