{
	"class_name" : "PinholeCameraParameters",
	"extrinsic" : 
	[
		-0.079562378531597963,
		-0.51895487980339106,
		-0.85109086509646126,
		0.0,
		0.96307904910628506,
		-0.26030780336709997,
		0.068692013209172814,
		0.0,
		-0.25719364901748387,
		-0.81420248110309967,
		0.52050528015633823,
		0.0,
		-0.075589422704166132,
		-0.25904825914123175,
		1.6364448450935205,
		1.0
	],
	"intrinsic" : 
	{
		"height" : 1536,
		"intrinsic_matrix" : 
		[
			973.43609619140591,
			0.0,
			0.0,
			0.0,
			973.43609619140591,
			0.0,
			1023.5,
			767.5,
			1.0
		],
		"width" : 2048
	},
	"version_major" : 1,
	"version_minor" : 0
}