{
	"class_name" : "PinholeCameraParameters",
	"extrinsic" : 
	[
		0.39636377037572923,
		-0.51895487980339094,
		-0.75735169786683942,
		0.0,
		0.77063714024671948,
		-0.26030780336709997,
		0.58168569311833118,
		0.0,
		-0.49901318580363624,
		-0.81420248110309967,
		0.29674932208795757,
		0.0,
		-0.10118859253964574,
		-0.25904825914123153,
		1.584137549860382,
		1.0
	],
	"intrinsic" : 
	{
		"height" : 1536,
		"intrinsic_matrix" : 
		[
			973.43609619140591,
			0.0,
			0.0,
			0.0,
			973.43609619140591,
			0.0,
			1023.5,
			767.5,
			1.0
		],
		"width" : 2048
	},
	"version_major" : 1,
	"version_minor" : 0
}