{
	"class_name" : "PinholeCameraParameters",
	"extrinsic" : 
	[
		0.82924179038592305,
		-0.51895487980339094,
		-0.20747020462176505,
		0.0,
		0.077874968751870444,
		-0.26030780336709997,
		0.96238003758810919,
		0.0,
		-0.55343792996093455,
		-0.81420248110309956,
		-0.17544451386724103,
		0.0,
		-0.080052962872924488,
		-0.25904825914123153,
		1.5028215210179625,
		1.0
	],
	"intrinsic" : 
	{
		"height" : 1536,
		"intrinsic_matrix" : 
		[
			973.43609619140591,
			0.0,
			0.0,
			0.0,
			973.43609619140591,
			0.0,
			1023.5,
			767.5,
			1.0
		],
		"width" : 2048
	},
	"version_major" : 1,
	"version_minor" : 0
}