{
	"class_name" : "PinholeCameraParameters",
	"extrinsic" : 
	[
		0.853619783233319,
		-0.51895487980339106,
		-0.044934378831240213,
		0.0,
		-0.10774550035638167,
		-0.26030780336709997,
		0.95949505192009632,
		0.0,
		-0.50963140879036728,
		-0.81420248110309956,
		-0.27811894387096758,
		0.0,
		-0.066284287592962898,
		-0.25904825914123164,
		1.4886878297974575,
		1.0
	],
	"intrinsic" : 
	{
		"height" : 1536,
		"intrinsic_matrix" : 
		[
			973.43609619140591,
			0.0,
			0.0,
			0.0,
			973.43609619140591,
			0.0,
			1023.5,
			767.5,
			1.0
		],
		"width" : 2048
	},
	"version_major" : 1,
	"version_minor" : 0
}