{
	"class_name" : "PinholeCameraParameters",
	"extrinsic" : 
	[
		0.51831698534692383,
		-0.51895487980339106,
		0.67973034022995094,
		0.0,
		-0.85324842631360975,
		-0.26030780336710008,
		0.45189265373487053,
		0.0,
		-0.05757278605578503,
		-0.81420248110309956,
		-0.57771939042352705,
		0.0,
		0.027345177830873757,
		-0.25904825914123153,
		1.4681199729672634,
		1.0
	],
	"intrinsic" : 
	{
		"height" : 1536,
		"intrinsic_matrix" : 
		[
			973.43609619140591,
			0.0,
			0.0,
			0.0,
			973.43609619140591,
			0.0,
			1023.5,
			767.5,
			1.0
		],
		"width" : 2048
	},
	"version_major" : 1,
	"version_minor" : 0
}