{
	"class_name" : "PinholeCameraParameters",
	"extrinsic" : 
	[
		-0.1123462827861226,
		-0.51895487980339106,
		0.8473866564162954,
		0.0,
		-0.92347169288768882,
		-0.26030780336710008,
		-0.28185081149668778,
		0.0,
		0.36684921313706925,
		-0.81420248110309956,
		-0.44999552729584996,
		0.0,
		0.089171367601242862,
		-0.25904825914123158,
		1.5162385555612423,
		1.0
	],
	"intrinsic" : 
	{
		"height" : 1536,
		"intrinsic_matrix" : 
		[
			973.43609619140591,
			0.0,
			0.0,
			0.0,
			973.43609619140591,
			0.0,
			1023.5,
			767.5,
			1.0
		],
		"width" : 2048
	},
	"version_major" : 1,
	"version_minor" : 0
}