{
	"class_name" : "PinholeCameraParameters",
	"extrinsic" : 
	[
		-0.20085615567520324,
		-0.51895487980339106,
		0.83086860420624065,
		0.0,
		-0.8887020831746123,
		-0.26030780336710008,
		-0.37742344239236103,
		0.0,
		0.41214731842932478,
		-0.81420248110309956,
		-0.40891185807833164,
		0.0,
		0.094019623016059428,
		-0.25904825914123164,
		1.5258999054609874,
		1.0
	],
	"intrinsic" : 
	{
		"height" : 1536,
		"intrinsic_matrix" : 
		[
			973.43609619140591,
			0.0,
			0.0,
			0.0,
			973.43609619140591,
			0.0,
			1023.5,
			767.5,
			1.0
		],
		"width" : 2048
	},
	"version_major" : 1,
	"version_minor" : 0
}