{
	"class_name" : "PinholeCameraParameters",
	"extrinsic" : 
	[
		-0.80522929049451353,
		-0.51895487980339106,
		0.28686516424611491,
		0.0,
		-0.1707840834127308,
		-0.26030780336710013,
		-0.95030134397414634,
		0.0,
		0.56783676050655252,
		-0.81420248110309956,
		0.1209782343356893,
		0.0,
		0.085899637327236933,
		-0.25904825914123142,
		1.623184581344594,
		1.0
	],
	"intrinsic" : 
	{
		"height" : 1536,
		"intrinsic_matrix" : 
		[
			973.43609619140591,
			0.0,
			0.0,
			0.0,
			973.43609619140591,
			0.0,
			1023.5,
			767.5,
			1.0
		],
		"width" : 2048
	},
	"version_major" : 1,
	"version_minor" : 0
}