{
	"class_name" : "PinholeCameraParameters",
	"extrinsic" : 
	[
		-0.8354595732001745,
		-0.51895487980339117,
		0.18081242843463569,
		0.0,
		-0.047020702284458357,
		-0.26030780336710008,
		-0.96438006048594327,
		0.0,
		0.54753662444156082,
		-0.81420248110309956,
		0.19307502339945024,
		0.0,
		0.077955915914666551,
		-0.25904825914123175,
		1.6337760652534168,
		1.0
	],
	"intrinsic" : 
	{
		"height" : 1536,
		"intrinsic_matrix" : 
		[
			973.43609619140591,
			0.0,
			0.0,
			0.0,
			973.43609619140591,
			0.0,
			1023.5,
			767.5,
			1.0
		],
		"width" : 2048
	},
	"version_major" : 1,
	"version_minor" : 0
}