{
	"class_name" : "PinholeCameraParameters",
	"extrinsic" : 
	[
		-0.84945816200651503,
		-0.51895487980339117,
		0.095428841178971199,
		0.0,
		0.050710178516104987,
		-0.26030780336710008,
		-0.96419309544357346,
		0.0,
		0.52521358397834517,
		-0.81420248110309956,
		0.24743688280080389,
		0.0,
		0.070809515679188417,
		-0.25904825914123158,
		1.6413147871409648,
		1.0
	],
	"intrinsic" : 
	{
		"height" : 1536,
		"intrinsic_matrix" : 
		[
			973.43609619140591,
			0.0,
			0.0,
			0.0,
			973.43609619140591,
			0.0,
			1023.5,
			767.5,
			1.0
		],
		"width" : 2048
	},
	"version_major" : 1,
	"version_minor" : 0
}