{
	"class_name" : "PinholeCameraParameters",
	"extrinsic" : 
	[
		-0.19311001050015164,
		-0.96009363714609008,
		-0.20230850638622039,
		0.0,
		-0.95154234384617775,
		0.23354589558402072,
		-0.20005869769540174,
		0.0,
		0.23932340402132374,
		0.15387177313415787,
		-0.95866980015028991,
		0.0,
		0.048632094028328687,
		-0.03726068234360802,
		1.1742780040104357,
		1.0
	],
	"intrinsic" : 
	{
		"height" : 1536,
		"intrinsic_matrix" : 
		[
			973.43609619140591,
			0.0,
			0.0,
			0.0,
			973.43609619140591,
			0.0,
			1023.5,
			767.5,
			1.0
		],
		"width" : 2048
	},
	"version_major" : 1,
	"version_minor" : 0
}