{
	"class_name" : "PinholeCameraParameters",
	"extrinsic" : 
	[
		-0.85455311092980923,
		-0.43033716778622139,
		-0.29077293997536785,
		0.0,
		0.18095520170323123,
		0.27807876122019221,
		-0.94335964379169113,
		0.0,
		0.48682049625783858,
		-0.85876779433091055,
		-0.15976132148706984,
		0.0,
		0.060085708833501637,
		-0.26403538512150693,
		1.5013625153213803,
		1.0
	],
	"intrinsic" : 
	{
		"height" : 1536,
		"intrinsic_matrix" : 
		[
			973.43609619140591,
			0.0,
			0.0,
			0.0,
			973.43609619140591,
			0.0,
			1023.5,
			767.5,
			1.0
		],
		"width" : 2048
	},
	"version_major" : 1,
	"version_minor" : 0
}