{
	"class_name" : "PinholeCameraParameters",
	"extrinsic" : 
	[
		-0.83616905601720137,
		-0.43033716778622139,
		-0.3400459259879996,
		0.0,
		0.23558638442743382,
		0.27807876122019221,
		-0.93122030585176396,
		0.0,
		0.49529825886198298,
		-0.85876779433091055,
		-0.13113927782442297,
		0.0,
		0.063808211606303761,
		-0.26403538512150693,
		1.5049731756227731,
		1.0
	],
	"intrinsic" : 
	{
		"height" : 1536,
		"intrinsic_matrix" : 
		[
			973.43609619140591,
			0.0,
			0.0,
			0.0,
			973.43609619140591,
			0.0,
			1023.5,
			767.5,
			1.0
		],
		"width" : 2048
	},
	"version_major" : 1,
	"version_minor" : 0
}