{
	"class_name" : "PinholeCameraParameters",
	"extrinsic" : 
	[
		-0.77731399225477882,
		-0.43033716778622144,
		-0.4589039980940145,
		0.0,
		0.3695004756299497,
		0.27807876122019226,
		-0.88664626603143393,
		0.0,
		0.50916829826117294,
		-0.85876779433091055,
		-0.057144723867076724,
		0.0,
		0.072213509695923994,
		-0.26403538512150693,
		1.5149932868199991,
		1.0
	],
	"intrinsic" : 
	{
		"height" : 1536,
		"intrinsic_matrix" : 
		[
			973.43609619140591,
			0.0,
			0.0,
			0.0,
			973.43609619140591,
			0.0,
			1023.5,
			767.5,
			1.0
		],
		"width" : 2048
	},
	"version_major" : 1,
	"version_minor" : 0
}