{
	"class_name" : "PinholeCameraParameters",
	"extrinsic" : 
	[
		-0.61482092070843375,
		-0.43033716778622139,
		-0.66091236747466553,
		0.0,
		0.60627157621918315,
		0.27807876122019226,
		-0.74505501704703025,
		0.0,
		0.50441055830339343,
		-0.85876779433091044,
		0.08993255301659224,
		0.0,
		0.084026548617688268,
		-0.26403538512150693,
		1.5376647959661134,
		1.0
	],
	"intrinsic" : 
	{
		"height" : 1536,
		"intrinsic_matrix" : 
		[
			973.43609619140591,
			0.0,
			0.0,
			0.0,
			973.43609619140591,
			0.0,
			1023.5,
			767.5,
			1.0
		],
		"width" : 2048
	},
	"version_major" : 1,
	"version_minor" : 0
}