{
	"class_name" : "PinholeCameraParameters",
	"extrinsic" : 
	[
		0.26553300121510981,
		-0.43033716778622144,
		-0.86272947514700693,
		0.0,
		0.94827023040978831,
		0.27807876122019226,
		0.15315277560922769,
		0.0,
		0.17399941202275254,
		-0.85876779433091044,
		0.48191501329151348,
		0.0,
		0.067408620418910936,
		-0.26403538512150682,
		1.6251634070236385,
		1.0
	],
	"intrinsic" : 
	{
		"height" : 1536,
		"intrinsic_matrix" : 
		[
			973.43609619140591,
			0.0,
			0.0,
			0.0,
			973.43609619140591,
			0.0,
			1023.5,
			767.5,
			1.0
		],
		"width" : 2048
	},
	"version_major" : 1,
	"version_minor" : 0
}