{
	"class_name" : "PinholeCameraParameters",
	"extrinsic" : 
	[
		0.78264365929505575,
		-0.43033716778622144,
		-0.44975418240076243,
		0.0,
		0.58896130663622837,
		0.27807876122019226,
		0.75881274491378303,
		0.0,
		-0.20147824163068143,
		-0.85876779433091055,
		0.47108851988711414,
		0.0,
		0.009642353829394601,
		-0.26403538512150704,
		1.6555210269224543,
		1.0
	],
	"intrinsic" : 
	{
		"height" : 1536,
		"intrinsic_matrix" : 
		[
			973.43609619140591,
			0.0,
			0.0,
			0.0,
			973.43609619140591,
			0.0,
			1023.5,
			767.5,
			1.0
		],
		"width" : 2048
	},
	"version_major" : 1,
	"version_minor" : 0
}