{
	"class_name" : "PinholeCameraParameters",
	"extrinsic" : 
	[
		0.90238654548982455,
		-0.43033716778622133,
		-0.022548714834208616,
		0.0,
		0.15629481523008873,
		0.27807876122019232,
		0.94775742323151224,
		0.0,
		-0.40158492657361183,
		-0.85876779433091055,
		0.31819400083736626,
		0.0,
		-0.033680894776778603,
		-0.26403538512150682,
		1.6494265390634926,
		1.0
	],
	"intrinsic" : 
	{
		"height" : 1536,
		"intrinsic_matrix" : 
		[
			973.43609619140591,
			0.0,
			0.0,
			0.0,
			973.43609619140591,
			0.0,
			1023.5,
			767.5,
			1.0
		],
		"width" : 2048
	},
	"version_major" : 1,
	"version_minor" : 0
}