{
	"class_name" : "PinholeCameraParameters",
	"extrinsic" : 
	[
		0.76480678135051261,
		-0.43033716778622133,
		0.47945855839895368,
		0.0,
		-0.39300080637256501,
		0.27807876122019226,
		0.87648306814721588,
		0.0,
		-0.51051048313505076,
		-0.85876779433091044,
		0.043553668378682214,
		0.0,
		-0.073574876775352599,
		-0.26403538512150693,
		1.6171308379299907,
		1.0
	],
	"intrinsic" : 
	{
		"height" : 1536,
		"intrinsic_matrix" : 
		[
			973.43609619140591,
			0.0,
			0.0,
			0.0,
			973.43609619140591,
			0.0,
			1023.5,
			767.5,
			1.0
		],
		"width" : 2048
	},
	"version_major" : 1,
	"version_minor" : 0
}