{
	"class_name" : "PinholeCameraParameters",
	"extrinsic" : 
	[
		0.56833583367573248,
		-0.43033716778622128,
		0.70128760304303384,
		0.0,
		-0.65565206477388271,
		0.27807876122019232,
		0.70199186071918784,
		0.0,
		-0.49710637706415961,
		-0.85876779433091044,
		-0.12410932802238786,
		0.0,
		-0.085833169177767329,
		-0.26403538512150682,
		1.5906060429502245,
		1.0
	],
	"intrinsic" : 
	{
		"height" : 1536,
		"intrinsic_matrix" : 
		[
			973.43609619140591,
			0.0,
			0.0,
			0.0,
			973.43609619140591,
			0.0,
			1023.5,
			767.5,
			1.0
		],
		"width" : 2048
	},
	"version_major" : 1,
	"version_minor" : 0
}