{
	"class_name" : "PinholeCameraParameters",
	"extrinsic" : 
	[
		-0.027909196741211312,
		-0.43033716778622133,
		0.90223666449496165,
		0.0,
		-0.95500999267937248,
		0.27807876122019237,
		0.10309275649039702,
		0.0,
		-0.29525749883754931,
		-0.85876779433091044,
		-0.41873725031362774,
		0.0,
		-0.080382173031625551,
		-0.26403538512150693,
		1.5288015079159247,
		1.0
	],
	"intrinsic" : 
	{
		"height" : 1536,
		"intrinsic_matrix" : 
		[
			973.43609619140591,
			0.0,
			0.0,
			0.0,
			973.43609619140591,
			0.0,
			1023.5,
			767.5,
			1.0
		],
		"width" : 2048
	},
	"version_major" : 1,
	"version_minor" : 0
}