{
	"class_name" : "PinholeCameraParameters",
	"extrinsic" : 
	[
		-0.13016999762252607,
		-0.96009363714608997,
		-0.24753985463061018,
		0.0,
		-0.86009596122887499,
		0.23354589558402067,
		-0.45353197476433282,
		0.0,
		0.49324508025598107,
		0.15387177313415787,
		-0.85617332838381577,
		0.0,
		0.1213660263811262,
		-0.03726068234360802,
		1.1980630943096595,
		1.0
	],
	"intrinsic" : 
	{
		"height" : 1536,
		"intrinsic_matrix" : 
		[
			973.43609619140591,
			0.0,
			0.0,
			0.0,
			973.43609619140591,
			0.0,
			1023.5,
			767.5,
			1.0
		],
		"width" : 2048
	},
	"version_major" : 1,
	"version_minor" : 0
}