{
	"class_name" : "PinholeCameraParameters",
	"extrinsic" : 
	[
		-0.076727939345333687,
		-0.62407981822404091,
		0.77758421010799017,
		0.0,
		-0.95919149028296602,
		0.25907343121818815,
		0.11328125266599814,
		0.0,
		-0.27214795294574934,
		-0.73716032023046574,
		-0.61849022141433696,
		0.0,
		-0.078193797661896047,
		-0.24738257157950139,
		1.4654203236320802,
		1.0
	],
	"intrinsic" : 
	{
		"height" : 1536,
		"intrinsic_matrix" : 
		[
			973.43609619140591,
			0.0,
			0.0,
			0.0,
			973.43609619140591,
			0.0,
			1023.5,
			767.5,
			1.0
		],
		"width" : 2048
	},
	"version_major" : 1,
	"version_minor" : 0
}