{
	"class_name" : "PinholeCameraParameters",
	"extrinsic" : 
	[
		-0.45558095238249818,
		-0.62407981822404091,
		0.63479947724592845,
		0.0,
		-0.88712010611025216,
		0.25907343121818815,
		-0.38196711189809229,
		0.0,
		0.073918287055308493,
		-0.73716032023046574,
		-0.67166267509556177,
		0.0,
		-0.016842987967158239,
		-0.24738257157950161,
		1.4399279783810601,
		1.0
	],
	"intrinsic" : 
	{
		"height" : 1536,
		"intrinsic_matrix" : 
		[
			973.43609619140591,
			0.0,
			0.0,
			0.0,
			973.43609619140591,
			0.0,
			1023.5,
			767.5,
			1.0
		],
		"width" : 2048
	},
	"version_major" : 1,
	"version_minor" : 0
}