{
	"class_name" : "PinholeCameraParameters",
	"extrinsic" : 
	[
		-0.58417804316725042,
		-0.62407981822404091,
		0.51890306837282274,
		0.0,
		-0.78124008422793534,
		0.25907343121818815,
		-0.56793035491366661,
		0.0,
		0.21999987426544279,
		-0.73716032023046585,
		-0.63890117983997075,
		0.0,
		0.01155825915812897,
		-0.24738257157950139,
		1.4393389177492641,
		1.0
	],
	"intrinsic" : 
	{
		"height" : 1536,
		"intrinsic_matrix" : 
		[
			973.43609619140591,
			0.0,
			0.0,
			0.0,
			973.43609619140591,
			0.0,
			1023.5,
			767.5,
			1.0
		],
		"width" : 2048
	},
	"version_major" : 1,
	"version_minor" : 0
}