{
	"class_name" : "PinholeCameraParameters",
	"extrinsic" : 
	[
		-0.74389201205951028,
		-0.62407981822404102,
		-0.23905868501165456,
		0.0,
		0.091642952269857844,
		0.25907343121818815,
		-0.9615001438045131,
		0.0,
		0.66198658875638716,
		-0.73716032023046585,
		-0.1355301390259718,
		0.0,
		0.11582361049958809,
		-0.24738257157950144,
		1.5120388366241537,
		1.0
	],
	"intrinsic" : 
	{
		"height" : 1536,
		"intrinsic_matrix" : 
		[
			973.43609619140591,
			0.0,
			0.0,
			0.0,
			973.43609619140591,
			0.0,
			1023.5,
			767.5,
			1.0
		],
		"width" : 2048
	},
	"version_major" : 1,
	"version_minor" : 0
}