{
	"class_name" : "PinholeCameraParameters",
	"extrinsic" : 
	[
		-0.1096288147954731,
		-0.62407981822404102,
		-0.77363163291839865,
		0.0,
		0.90506701958440305,
		0.2590734312181881,
		-0.33724567795220239,
		0.0,
		0.41089562303235327,
		-0.73716032023046574,
		0.53643214785336224,
		0.0,
		0.10003628962109473,
		-0.24738257157950139,
		1.647235142925856,
		1.0
	],
	"intrinsic" : 
	{
		"height" : 1536,
		"intrinsic_matrix" : 
		[
			973.43609619140591,
			0.0,
			0.0,
			0.0,
			973.43609619140591,
			0.0,
			1023.5,
			767.5,
			1.0
		],
		"width" : 2048
	},
	"version_major" : 1,
	"version_minor" : 0
}