{
	"class_name" : "PinholeCameraParameters",
	"extrinsic" : 
	[
		0.65322024985762006,
		-0.62407981822404113,
		-0.42875130980720799,
		0.0,
		0.69067304971252219,
		0.25907343121818815,
		0.67516790181231112,
		0.0,
		-0.31028058846268852,
		-0.73716032023046574,
		0.60026712278865069,
		0.0,
		-0.029944590748520572,
		-0.2473825715795015,
		1.6917046584395101,
		1.0
	],
	"intrinsic" : 
	{
		"height" : 1536,
		"intrinsic_matrix" : 
		[
			973.43609619140591,
			0.0,
			0.0,
			0.0,
			973.43609619140591,
			0.0,
			1023.5,
			767.5,
			1.0
		],
		"width" : 2048
	},
	"version_major" : 1,
	"version_minor" : 0
}