{
	"class_name" : "PinholeCameraParameters",
	"extrinsic" : 
	[
		0.7279166221285146,
		-0.62407981822404102,
		0.28401016128734086,
		0.0,
		-0.15014902797828122,
		0.2590734312181881,
		0.9541154157826045,
		0.0,
		-0.66902366223190557,
		-0.73716032023046563,
		0.094878878848385376,
		0.0,
		-0.118963868102165,
		-0.2473825715795015,
		1.6148576678612285,
		1.0
	],
	"intrinsic" : 
	{
		"height" : 1536,
		"intrinsic_matrix" : 
		[
			973.43609619140591,
			0.0,
			0.0,
			0.0,
			973.43609619140591,
			0.0,
			1023.5,
			767.5,
			1.0
		],
		"width" : 2048
	},
	"version_major" : 1,
	"version_minor" : 0
}