{
	"class_name" : "PinholeCameraParameters",
	"extrinsic" : 
	[
		0.68985970145869879,
		-0.62407981822404102,
		0.36690321992149794,
		0.0,
		-0.26031434466076731,
		0.25907343121818815,
		0.93011687394685527,
		0.0,
		-0.67552204572993058,
		-0.73716032023046574,
		0.016267391019058011,
		0.0,
		-0.12372650792518586,
		-0.2473825715795015,
		1.6006683015731242,
		1.0
	],
	"intrinsic" : 
	{
		"height" : 1536,
		"intrinsic_matrix" : 
		[
			973.43609619140591,
			0.0,
			0.0,
			0.0,
			973.43609619140591,
			0.0,
			1023.5,
			767.5,
			1.0
		],
		"width" : 2048
	},
	"version_major" : 1,
	"version_minor" : 0
}