{
	"class_name" : "PinholeCameraParameters",
	"extrinsic" : 
	[
		0.65222776043907826,
		-0.62407981822404102,
		0.43025960651456968,
		0.0,
		-0.34677811615881371,
		0.25907343121818815,
		0.90145765035867287,
		0.0,
		-0.67405035914682876,
		-0.73716032023046563,
		-0.047442339863761354,
		0.0,
		-0.12634482067668307,
		-0.24738257157950147,
		1.5888630979477663,
		1.0
	],
	"intrinsic" : 
	{
		"height" : 1536,
		"intrinsic_matrix" : 
		[
			973.43609619140591,
			0.0,
			0.0,
			0.0,
			973.43609619140591,
			0.0,
			1023.5,
			767.5,
			1.0
		],
		"width" : 2048
	},
	"version_major" : 1,
	"version_minor" : 0
}