{
	"class_name" : "PinholeCameraParameters",
	"extrinsic" : 
	[
		-0.12454897829660716,
		-0.62407981822404124,
		0.77137016567321248,
		0.0,
		-0.96435275531817255,
		0.25907343121818821,
		0.053895459429191217,
		0.0,
		-0.23347658408397226,
		-0.73716032023046563,
		-0.63410042340484007,
		0.0,
		-0.071776614598227984,
		-0.2473825715795015,
		1.4607902705857385,
		1.0
	],
	"intrinsic" : 
	{
		"height" : 1536,
		"intrinsic_matrix" : 
		[
			973.43609619140591,
			0.0,
			0.0,
			0.0,
			973.43609619140591,
			0.0,
			1023.5,
			767.5,
			1.0
		],
		"width" : 2048
	},
	"version_major" : 1,
	"version_minor" : 0
}