{
	"class_name" : "PinholeCameraParameters",
	"extrinsic" : 
	[
		0.11419318467391164,
		-0.96009363714609008,
		-0.25530398446875441,
		0.0,
		-0.17487813317001738,
		0.23354589558402075,
		-0.95649043549573853,
		0.0,
		0.9779455788094753,
		0.1538717731341579,
		-0.14123003334826009,
		0.0,
		0.27000741082638779,
		-0.037260682343608034,
		1.3882558562486691,
		1.0
	],
	"intrinsic" : 
	{
		"height" : 1536,
		"intrinsic_matrix" : 
		[
			973.43609619140591,
			0.0,
			0.0,
			0.0,
			973.43609619140591,
			0.0,
			1023.5,
			767.5,
			1.0
		],
		"width" : 2048
	},
	"version_major" : 1,
	"version_minor" : 0
}