{
	"class_name" : "PinholeCameraParameters",
	"extrinsic" : 
	[
		-0.64280095377699031,
		-0.73255270795944627,
		-0.22399433895675569,
		0.0,
		-0.70659085581469205,
		0.67994357529629745,
		-0.19597473534195553,
		0.0,
		0.29586533474277249,
		0.032299604867097924,
		-0.9546834235614321,
		0.0,
		0.026960477523254811,
		-0.051409526948856851,
		1.2945123344720069,
		1.0
	],
	"intrinsic" : 
	{
		"height" : 1536,
		"intrinsic_matrix" : 
		[
			973.43609619140591,
			0.0,
			0.0,
			0.0,
			973.43609619140591,
			0.0,
			1023.5,
			767.5,
			1.0
		],
		"width" : 2048
	},
	"version_major" : 1,
	"version_minor" : 0
}