{
	"class_name" : "PinholeCameraParameters",
	"extrinsic" : 
	[
		-0.48801205018156341,
		-0.73255270795944627,
		-0.47456376698908403,
		0.0,
		-0.55766726145803625,
		0.67994357529629745,
		-0.47611338976254669,
		0.0,
		0.67145473739894168,
		0.032299604867097903,
		-0.74034132070954128,
		0.0,
		0.13955701709040225,
		-0.051409526948856865,
		1.3314098526617157,
		1.0
	],
	"intrinsic" : 
	{
		"height" : 1536,
		"intrinsic_matrix" : 
		[
			973.43609619140591,
			0.0,
			0.0,
			0.0,
			973.43609619140591,
			0.0,
			1023.5,
			767.5,
			1.0
		],
		"width" : 2048
	},
	"version_major" : 1,
	"version_minor" : 0
}