{
	"class_name" : "PinholeCameraParameters",
	"extrinsic" : 
	[
		-0.22276360128643849,
		-0.73255270795944627,
		-0.64322850372412688,
		0.0,
		-0.28429621951509343,
		0.67994357529629745,
		-0.67590856924787857,
		0.0,
		0.93249774129019891,
		0.032299604867097924,
		-0.35972864497299467,
		0.0,
		0.23054233319652401,
		-0.051409526948856657,
		1.4192332176757394,
		1.0
	],
	"intrinsic" : 
	{
		"height" : 1536,
		"intrinsic_matrix" : 
		[
			973.43609619140591,
			0.0,
			0.0,
			0.0,
			973.43609619140591,
			0.0,
			1023.5,
			767.5,
			1.0
		],
		"width" : 2048
	},
	"version_major" : 1,
	"version_minor" : 0
}