{
	"class_name" : "PinholeCameraParameters",
	"extrinsic" : 
	[
		-0.18187013339586522,
		-0.73255270795944627,
		-0.65596477393214692,
		0.0,
		-0.24122570416159997,
		0.67994357529629756,
		-0.69244992170194419,
		0.0,
		0.95327509892491724,
		0.032299604867097896,
		-0.30037197155380341,
		0.0,
		0.23938110718279323,
		-0.051409526948856928,
		1.4340245496897461,
		1.0
	],
	"intrinsic" : 
	{
		"height" : 1536,
		"intrinsic_matrix" : 
		[
			973.43609619140591,
			0.0,
			0.0,
			0.0,
			973.43609619140591,
			0.0,
			1023.5,
			767.5,
			1.0
		],
		"width" : 2048
	},
	"version_major" : 1,
	"version_minor" : 0
}