{
	"class_name" : "PinholeCameraParameters",
	"extrinsic" : 
	[
		0.013444865189119673,
		-0.73255270795944627,
		-0.68057752362337731,
		0.0,
		-0.032988078767309338,
		0.67994357529629745,
		-0.7325220277046488,
		0.0,
		0.99936530971376447,
		0.032299604867097889,
		-0.015023756725305204,
		0.0,
		0.26743239909209093,
		-0.051409526948856914,
		1.5080875100928515,
		1.0
	],
	"intrinsic" : 
	{
		"height" : 1536,
		"intrinsic_matrix" : 
		[
			973.43609619140591,
			0.0,
			0.0,
			0.0,
			973.43609619140591,
			0.0,
			1023.5,
			767.5,
			1.0
		],
		"width" : 2048
	},
	"version_major" : 1,
	"version_minor" : 0
}