{
	"class_name" : "PinholeCameraParameters",
	"extrinsic" : 
	[
		0.52253723135978025,
		-0.73255270795944627,
		-0.43625837746012153,
		0.0,
		0.531289887463401,
		0.67994357529629745,
		-0.50537885778138281,
		0.0,
		0.66684773173640055,
		0.032299604867098007,
		0.74449367908898134,
		0.0,
		0.21990939964161182,
		-0.051409526948856893,
		1.7302347290446332,
		1.0
	],
	"intrinsic" : 
	{
		"height" : 1536,
		"intrinsic_matrix" : 
		[
			973.43609619140591,
			0.0,
			0.0,
			0.0,
			973.43609619140591,
			0.0,
			1023.5,
			767.5,
			1.0
		],
		"width" : 2048
	},
	"version_major" : 1,
	"version_minor" : 0
}