{
	"class_name" : "PinholeCameraParameters",
	"extrinsic" : 
	[
		0.6491022744243381,
		-0.73255270795944627,
		-0.20501894399892359,
		0.0,
		0.68345947790240102,
		0.67994357529629745,
		-0.26563109094883036,
		0.0,
		0.33399008877888714,
		0.032299604867098049,
		0.94202301252299592,
		0.0,
		0.14141487388993901,
		-0.051409526948856879,
		1.801547124960557,
		1.0
	],
	"intrinsic" : 
	{
		"height" : 1536,
		"intrinsic_matrix" : 
		[
			973.43609619140591,
			0.0,
			0.0,
			0.0,
			973.43609619140591,
			0.0,
			1023.5,
			767.5,
			1.0
		],
		"width" : 2048
	},
	"version_major" : 1,
	"version_minor" : 0
}