{
	"class_name" : "PinholeCameraParameters",
	"extrinsic" : 
	[
		0.63667833668968854,
		-0.73255270795944627,
		0.24084689255071162,
		0.0,
		0.70118409689463956,
		0.67994357529629745,
		0.21451712443377827,
		0.0,
		-0.32090739762757176,
		0.032299604867098125,
		0.94655965352075355,
		0.0,
		-0.034128862470484855,
		-0.051409526948856893,
		1.8387503358490487,
		1.0
	],
	"intrinsic" : 
	{
		"height" : 1536,
		"intrinsic_matrix" : 
		[
			973.43609619140591,
			0.0,
			0.0,
			0.0,
			973.43609619140591,
			0.0,
			1023.5,
			767.5,
			1.0
		],
		"width" : 2048
	},
	"version_major" : 1,
	"version_minor" : 0
}