{
	"class_name" : "PinholeCameraParameters",
	"extrinsic" : 
	[
		0.38999221106821158,
		-0.73255270795944627,
		0.55791809915740309,
		0.0,
		0.45811144875421489,
		0.67994357529629745,
		0.57254749578843045,
		0.0,
		-0.79877404553881315,
		0.032299604867098097,
		0.60076348066355323,
		0.0,
		-0.18140267529549892,
		-0.0514095269488569,
		1.7721867776652687,
		1.0
	],
	"intrinsic" : 
	{
		"height" : 1536,
		"intrinsic_matrix" : 
		[
			973.43609619140591,
			0.0,
			0.0,
			0.0,
			973.43609619140591,
			0.0,
			1023.5,
			767.5,
			1.0
		],
		"width" : 2048
	},
	"version_major" : 1,
	"version_minor" : 0
}