{
	"class_name" : "PinholeCameraParameters",
	"extrinsic" : 
	[
		-0.12187459454732121,
		-0.73255270795944627,
		0.66971121632029451,
		0.0,
		-0.084325595250244939,
		0.67994357529629745,
		0.72839956644617809,
		0.0,
		-0.98895691371748751,
		0.032299604867098104,
		-0.14464079070515135,
		0.0,
		-0.27341177301083891,
		-0.051409526948856775,
		1.582549388050011,
		1.0
	],
	"intrinsic" : 
	{
		"height" : 1536,
		"intrinsic_matrix" : 
		[
			973.43609619140591,
			0.0,
			0.0,
			0.0,
			973.43609619140591,
			0.0,
			1023.5,
			767.5,
			1.0
		],
		"width" : 2048
	},
	"version_major" : 1,
	"version_minor" : 0
}