{
	"class_name" : "PinholeCameraParameters",
	"extrinsic" : 
	[
		0.16701304214366064,
		-0.96009363714609008,
		-0.22433646976252414,
		0.0,
		0.037453288803260501,
		0.23354589558402072,
		-0.97162418959887853,
		0.0,
		0.98524306387395577,
		0.15387177313415787,
		0.074963874771858313,
		0.0,
		0.27612318168401323,
		-0.037260682343607993,
		1.4483978642919679,
		1.0
	],
	"intrinsic" : 
	{
		"height" : 1536,
		"intrinsic_matrix" : 
		[
			973.43609619140591,
			0.0,
			0.0,
			0.0,
			973.43609619140591,
			0.0,
			1023.5,
			767.5,
			1.0
		],
		"width" : 2048
	},
	"version_major" : 1,
	"version_minor" : 0
}