{
	"class_name" : "PinholeCameraParameters",
	"extrinsic" : 
	[
		-0.41592869274973154,
		-0.8806644151939077,
		0.22678957286143447,
		0.0,
		-0.4095393761038158,
		0.40405637208268497,
		0.81793395063408147,
		0.0,
		-0.81196109633897884,
		0.24732293866633426,
		-0.52872539379289507,
		0.0,
		-0.24997810010362376,
		-0.0059957001626966544,
		1.4441000265073711,
		1.0
	],
	"intrinsic" : 
	{
		"height" : 1536,
		"intrinsic_matrix" : 
		[
			973.43609619140591,
			0.0,
			0.0,
			0.0,
			973.43609619140591,
			0.0,
			1023.5,
			767.5,
			1.0
		],
		"width" : 2048
	},
	"version_major" : 1,
	"version_minor" : 0
}