{
	"class_name" : "PinholeCameraParameters",
	"extrinsic" : 
	[
		-0.38315957637955744,
		-0.8806644151939077,
		-0.27860173517013609,
		0.0,
		-0.91452654162014424,
		0.40405637208268502,
		-0.019484682488494054,
		0.0,
		0.12973027287775477,
		0.24732293866633426,
		-0.96020905031587378,
		0.0,
		0.0039397790985331582,
		-0.0059957001626965711,
		1.2884906480664329,
		1.0
	],
	"intrinsic" : 
	{
		"height" : 1536,
		"intrinsic_matrix" : 
		[
			973.43609619140591,
			0.0,
			0.0,
			0.0,
			973.43609619140591,
			0.0,
			1023.5,
			767.5,
			1.0
		],
		"width" : 2048
	},
	"version_major" : 1,
	"version_minor" : 0
}