{
	"class_name" : "PinholeCameraParameters",
	"extrinsic" : 
	[
		-0.0078181012172106896,
		-0.8806644151939077,
		-0.47367611835992957,
		0.0,
		-0.5343886612401666,
		0.40405637208268502,
		-0.74240636239011415,
		0.0,
		0.84520271889724785,
		0.24732293866633429,
		-0.47377603145172786,
		0.0,
		0.2249197156097637,
		-0.0059957001626966405,
		1.4026777930762628,
		1.0
	],
	"intrinsic" : 
	{
		"height" : 1536,
		"intrinsic_matrix" : 
		[
			973.43609619140591,
			0.0,
			0.0,
			0.0,
			973.43609619140591,
			0.0,
			1023.5,
			767.5,
			1.0
		],
		"width" : 2048
	},
	"version_major" : 1,
	"version_minor" : 0
}