{
	"class_name" : "PinholeCameraParameters",
	"extrinsic" : 
	[
		0.060479158484616324,
		-0.8806644151939077,
		-0.46986429870779201,
		0.0,
		-0.42190149688422662,
		0.40405637208268497,
		-0.81162649975603174,
		0.0,
		0.9046222406705694,
		0.24732293866633429,
		-0.34711664565907391,
		0.0,
		0.24624455432594583,
		-0.0059957001626965156,
		1.4367825626483239,
		1.0
	],
	"intrinsic" : 
	{
		"height" : 1536,
		"intrinsic_matrix" : 
		[
			973.43609619140591,
			0.0,
			0.0,
			0.0,
			973.43609619140591,
			0.0,
			1023.5,
			767.5,
			1.0
		],
		"width" : 2048
	},
	"version_major" : 1,
	"version_minor" : 0
}