{
	"class_name" : "PinholeCameraParameters",
	"extrinsic" : 
	[
		0.079335944662562191,
		-0.8806644151939077,
		-0.46705031388028356,
		0.0,
		-0.38890270361503165,
		0.40405637208268502,
		-0.82794512819407151,
		0.0,
		0.91785646754022365,
		0.24732293866633429,
		-0.31043657807035396,
		0.0,
		0.25128600710805932,
		-0.0059957001626965295,
		1.4467960978071344,
		1.0
	],
	"intrinsic" : 
	{
		"height" : 1536,
		"intrinsic_matrix" : 
		[
			973.43609619140591,
			0.0,
			0.0,
			0.0,
			973.43609619140591,
			0.0,
			1023.5,
			767.5,
			1.0
		],
		"width" : 2048
	},
	"version_major" : 1,
	"version_minor" : 0
}