{
	"class_name" : "PinholeCameraParameters",
	"extrinsic" : 
	[
		0.44658463394314729,
		-0.8806644151939077,
		-0.15808969775743673,
		0.0,
		0.53385244724186032,
		0.40405637208268508,
		-0.74279203869808386,
		0.0,
		0.71802766611025659,
		0.2473229386663342,
		0.65059022026903135,
		0.0,
		0.22736618597129488,
		-0.0059957001626967377,
		1.7279881304034115,
		1.0
	],
	"intrinsic" : 
	{
		"height" : 1536,
		"intrinsic_matrix" : 
		[
			973.43609619140591,
			0.0,
			0.0,
			0.0,
			973.43609619140591,
			0.0,
			1023.5,
			767.5,
			1.0
		],
		"width" : 2048
	},
	"version_major" : 1,
	"version_minor" : 0
}