{
	"class_name" : "PinholeCameraParameters",
	"extrinsic" : 
	[
		0.47236372408141503,
		-0.8806644151939077,
		0.03609293536288527,
		0.0,
		0.78871567070062021,
		0.40405637208268508,
		-0.46332066538268046,
		0.0,
		0.39344644230594822,
		0.24732293866633426,
		0.88545539754763536,
		0.0,
		0.14281450625614667,
		-0.0059957001626965156,
		1.8062108737374896,
		1.0
	],
	"intrinsic" : 
	{
		"height" : 1536,
		"intrinsic_matrix" : 
		[
			973.43609619140591,
			0.0,
			0.0,
			0.0,
			973.43609619140591,
			0.0,
			1023.5,
			767.5,
			1.0
		],
		"width" : 2048
	},
	"version_major" : 1,
	"version_minor" : 0
}