{
	"class_name" : "PinholeCameraParameters",
	"extrinsic" : 
	[
		0.24197494765973035,
		-0.8806644151939077,
		0.40728161328034851,
		0.0,
		0.83248151825933703,
		0.40405637208268508,
		0.37909493525502019,
		0.0,
		-0.49842015053737543,
		0.24732293866633431,
		0.83090836892388364,
		0.0,
		-0.11363067062620735,
		-0.0059957001626965156,
		1.8213755425319618,
		1.0
	],
	"intrinsic" : 
	{
		"height" : 1536,
		"intrinsic_matrix" : 
		[
			973.43609619140591,
			0.0,
			0.0,
			0.0,
			973.43609619140591,
			0.0,
			1023.5,
			767.5,
			1.0
		],
		"width" : 2048
	},
	"version_major" : 1,
	"version_minor" : 0
}