{
	"class_name" : "PinholeCameraParameters",
	"extrinsic" : 
	[
		-0.24308816555254315,
		-0.8806644151939077,
		0.40661816435013332,
		0.0,
		0.062674171079295016,
		0.40405637208268502,
		0.91258445990434345,
		0.0,
		-0.96797732000694259,
		0.24732293866633431,
		-0.043026410048085439,
		0.0,
		-0.27777245611482676,
		-0.0059957001626966058,
		1.5881094520425996,
		1.0
	],
	"intrinsic" : 
	{
		"height" : 1536,
		"intrinsic_matrix" : 
		[
			973.43609619140591,
			0.0,
			0.0,
			0.0,
			973.43609619140591,
			0.0,
			1023.5,
			767.5,
			1.0
		],
		"width" : 2048
	},
	"version_major" : 1,
	"version_minor" : 0
}