{
	"class_name" : "PinholeCameraParameters",
	"extrinsic" : 
	[
		-0.42439522286381326,
		-0.8806644151939077,
		0.2105205040406917,
		0.0,
		-0.44089178774901816,
		0.40405637208268502,
		0.80146920070259309,
		0.0,
		-0.79088755604437799,
		0.24732293866633429,
		-0.55975730250136047,
		0.0,
		-0.24503244996081769,
		-0.0059957001626965989,
		1.4345163879171117,
		1.0
	],
	"intrinsic" : 
	{
		"height" : 1536,
		"intrinsic_matrix" : 
		[
			973.43609619140591,
			0.0,
			0.0,
			0.0,
			973.43609619140591,
			0.0,
			1023.5,
			767.5,
			1.0
		],
		"width" : 2048
	},
	"version_major" : 1,
	"version_minor" : 0
}