{
	"class_name" : "PinholeCameraParameters",
	"extrinsic" : 
	[
		-0.95320443495186624,
		-0.0,
		-0.30232648773816306,
		0.0,
		0.0,
		-1.0,
		-0.0,
		0.0,
		-0.30232648773816306,
		-0.0,
		0.95320443495186624,
		0.0,
		-0.15813159966115142,
		0.00059831142425537109,
		1.6755105817072455,
		1.0
	],
	"intrinsic" : 
	{
		"height" : 1536,
		"intrinsic_matrix" : 
		[
			973.43609619140591,
			0.0,
			0.0,
			0.0,
			973.43609619140591,
			0.0,
			1023.5,
			767.5,
			1.0
		],
		"width" : 2048
	},
	"version_major" : 1,
	"version_minor" : 0
}