{
	"class_name" : "PinholeCameraParameters",
	"extrinsic" : 
	[
		0.27513750384134772,
		-0.89656082605449028,
		-0.34709946580835083,
		0.0,
		0.88745088136009376,
		0.37570224779580413,
		-0.26698081237117599,
		0.0,
		0.36977058719312061,
		-0.2345772925618981,
		0.89902347392111215,
		0.0,
		0.12039717792467675,
		-0.13569278448999217,
		1.6575884366275573,
		1.0
	],
	"intrinsic" : 
	{
		"height" : 1536,
		"intrinsic_matrix" : 
		[
			973.43609619140591,
			0.0,
			0.0,
			0.0,
			973.43609619140591,
			0.0,
			1023.5,
			767.5,
			1.0
		],
		"width" : 2048
	},
	"version_major" : 1,
	"version_minor" : 0
}