{
	"class_name" : "PinholeCameraParameters",
	"extrinsic" : 
	[
		-0.45700821821495263,
		-0.75548728059034942,
		-0.46944909985023192,
		0.0,
		-0.58707062338007521,
		-0.14029277367377621,
		0.79728666163372419,
		0.0,
		-0.6682002481652668,
		0.63996633233406697,
		-0.37940943824680806,
		0.0,
		-0.2149041489658759,
		0.109150707659148,
		1.4573951394049929,
		1.0
	],
	"intrinsic" : 
	{
		"height" : 1536,
		"intrinsic_matrix" : 
		[
			973.43609619140591,
			0.0,
			0.0,
			0.0,
			973.43609619140591,
			0.0,
			1023.5,
			767.5,
			1.0
		],
		"width" : 2048
	},
	"version_major" : 1,
	"version_minor" : 0
}