{
	"class_name" : "PinholeCameraParameters",
	"extrinsic" : 
	[
		-0.03661036813736495,
		-0.75548728059034931,
		-0.65413962562364725,
		0.0,
		-0.96623805374756655,
		-0.14029277367377624,
		0.21610636535056843,
		0.0,
		-0.25503667272563252,
		0.63996633233406708,
		-0.72484438953745189,
		0.0,
		-0.0703651399627373,
		0.10915070765914769,
		1.350659825103782,
		1.0
	],
	"intrinsic" : 
	{
		"height" : 1536,
		"intrinsic_matrix" : 
		[
			973.43609619140591,
			0.0,
			0.0,
			0.0,
			973.43609619140591,
			0.0,
			1023.5,
			767.5,
			1.0
		],
		"width" : 2048
	},
	"version_major" : 1,
	"version_minor" : 0
}