{
	"class_name" : "PinholeCameraParameters",
	"extrinsic" : 
	[
		0.0084600851429580681,
		-0.75548728059034942,
		-0.65510869008552519,
		0.0,
		-0.97881184036851121,
		-0.14029277367377621,
		0.14914864668955849,
		0.0,
		-0.20458692068111792,
		0.63996633233406697,
		-0.74066678429986366,
		0.0,
		-0.053245849140989648,
		0.10915070765914758,
		1.3464045564565077,
		1.0
	],
	"intrinsic" : 
	{
		"height" : 1536,
		"intrinsic_matrix" : 
		[
			973.43609619140591,
			0.0,
			0.0,
			0.0,
			973.43609619140591,
			0.0,
			1023.5,
			767.5,
			1.0
		],
		"width" : 2048
	},
	"version_major" : 1,
	"version_minor" : 0
}