{
	"class_name" : "PinholeCameraParameters",
	"extrinsic" : 
	[
		0.17737529008009972,
		-0.75548728059034942,
		-0.63069562812437452,
		0.0,
		-0.98412283188696026,
		-0.14029277367377621,
		-0.10872069450527116,
		0.0,
		-0.0063449371778115382,
		0.63996633233406697,
		-0.76837675345568102,
		0.0,
		0.013331558839993918,
		0.10915070765914781,
		1.3411610443367947,
		1.0
	],
	"intrinsic" : 
	{
		"height" : 1536,
		"intrinsic_matrix" : 
		[
			973.43609619140591,
			0.0,
			0.0,
			0.0,
			973.43609619140591,
			0.0,
			1023.5,
			767.5,
			1.0
		],
		"width" : 2048
	},
	"version_major" : 1,
	"version_minor" : 0
}