{
	"class_name" : "PinholeCameraParameters",
	"extrinsic" : 
	[
		0.23751143173584977,
		-0.75548728059034942,
		-0.61059584723529325,
		0.0,
		-0.9690044722094735,
		-0.14029277367377624,
		-0.20334274143169823,
		0.0,
		0.06796066974969163,
		0.63996633233406697,
		-0.76539169112687411,
		0.0,
		0.038017517435660106,
		0.10915070765914769,
		1.3436487238110375,
		1.0
	],
	"intrinsic" : 
	{
		"height" : 1536,
		"intrinsic_matrix" : 
		[
			973.43609619140591,
			0.0,
			0.0,
			0.0,
			973.43609619140591,
			0.0,
			1023.5,
			767.5,
			1.0
		],
		"width" : 2048
	},
	"version_major" : 1,
	"version_minor" : 0
}