{
	"class_name" : "PinholeCameraParameters",
	"extrinsic" : 
	[
		0.62319972255268929,
		-0.75548728059034931,
		-0.20214122458432374,
		0.0,
		-0.45526189544910556,
		-0.14029277367377621,
		-0.87923520414449197,
		0.0,
		0.6358920603076742,
		0.63996633233406708,
		-0.43137498897889731,
		0.0,
		0.22044158670497038,
		0.10915070765914786,
		1.4663017361793176,
		1.0
	],
	"intrinsic" : 
	{
		"height" : 1536,
		"intrinsic_matrix" : 
		[
			973.43609619140591,
			0.0,
			0.0,
			0.0,
			973.43609619140591,
			0.0,
			1023.5,
			767.5,
			1.0
		],
		"width" : 2048
	},
	"version_major" : 1,
	"version_minor" : 0
}