{
	"class_name" : "PinholeCameraParameters",
	"extrinsic" : 
	[
		0.65401708557237515,
		-0.75548728059034931,
		-0.038737845133866328,
		0.0,
		-0.21924803188397776,
		-0.14029277367377629,
		-0.96553002965724533,
		0.0,
		0.72401101669409618,
		0.63996633233406708,
		-0.25739297034780056,
		0.0,
		0.24629070654642962,
		0.1091507076591479,
		1.5260140994451106,
		1.0
	],
	"intrinsic" : 
	{
		"height" : 1536,
		"intrinsic_matrix" : 
		[
			973.43609619140591,
			0.0,
			0.0,
			0.0,
			973.43609619140591,
			0.0,
			1023.5,
			767.5,
			1.0
		],
		"width" : 2048
	},
	"version_major" : 1,
	"version_minor" : 0
}