{
	"class_name" : "PinholeCameraParameters",
	"extrinsic" : 
	[
		0.63692088201333774,
		-0.75548728059034931,
		0.15352771385502637,
		0.0,
		0.071628403243379726,
		-0.14029277367377629,
		-0.98751572620577666,
		0.0,
		0.7675943993439216,
		0.63996633233406708,
		-0.035241049569029265,
		0.0,
		0.25633993653163106,
		0.10915070765914786,
		1.6008732824444929,
		1.0
	],
	"intrinsic" : 
	{
		"height" : 1536,
		"intrinsic_matrix" : 
		[
			973.43609619140591,
			0.0,
			0.0,
			0.0,
			973.43609619140591,
			0.0,
			1023.5,
			767.5,
			1.0
		],
		"width" : 2048
	},
	"version_major" : 1,
	"version_minor" : 0
}