{
	"class_name" : "PinholeCameraParameters",
	"extrinsic" : 
	[
		0.44904813068974386,
		-0.75548728059034931,
		0.47706891031615728,
		0.0,
		0.60039678321389578,
		-0.14029277367377632,
		-0.78730022250811349,
		0.0,
		0.66172462477261129,
		0.63996633233406708,
		0.39059392525797093,
		0.0,
		0.21252276368830914,
		0.10915070765914792,
		1.7405608768700183,
		1.0
	],
	"intrinsic" : 
	{
		"height" : 1536,
		"intrinsic_matrix" : 
		[
			973.43609619140591,
			0.0,
			0.0,
			0.0,
			973.43609619140591,
			0.0,
			1023.5,
			767.5,
			1.0
		],
		"width" : 2048
	},
	"version_major" : 1,
	"version_minor" : 0
}