{
	"class_name" : "PinholeCameraParameters",
	"extrinsic" : 
	[
		-0.21427651434978159,
		-0.7554872805903492,
		0.61913208951265553,
		0.0,
		0.97599417441723257,
		-0.14029277367377632,
		0.16659324463657998,
		0.0,
		-0.038999319247041385,
		0.63996633233406719,
		0.76741263123377756,
		0.0,
		-0.028413154821068265,
		0.10915070765914803,
		1.85196785512428,
		1.0
	],
	"intrinsic" : 
	{
		"height" : 1536,
		"intrinsic_matrix" : 
		[
			973.43609619140591,
			0.0,
			0.0,
			0.0,
			973.43609619140591,
			0.0,
			1023.5,
			767.5,
			1.0
		],
		"width" : 2048
	},
	"version_major" : 1,
	"version_minor" : 0
}