{
	"class_name" : "PinholeCameraParameters",
	"extrinsic" : 
	[
		0.41736711039957236,
		-0.89656082605449017,
		-0.14826793429869251,
		0.0,
		0.89391053634031292,
		0.37570224779580413,
		0.24448266609507194,
		0.0,
		-0.1634889848781424,
		-0.23457729256189813,
		0.95825093041324227,
		0.0,
		-0.010140150923022284,
		-0.13569278448999206,
		1.6892453715961007,
		1.0
	],
	"intrinsic" : 
	{
		"height" : 1536,
		"intrinsic_matrix" : 
		[
			973.43609619140591,
			0.0,
			0.0,
			0.0,
			973.43609619140591,
			0.0,
			1023.5,
			767.5,
			1.0
		],
		"width" : 2048
	},
	"version_major" : 1,
	"version_minor" : 0
}