{
	"class_name" : "PinholeCameraParameters",
	"extrinsic" : 
	[
		-0.2454234960412158,
		-0.96813853936529792,
		-0.0497501375529249,
		0.0,
		0.96628112668965827,
		-0.24843132963121978,
		0.067695337070059342,
		0.0,
		-0.077897957574457971,
		-0.031458592678183267,
		0.9964648840538417,
		0.0,
		-0.04130788346463031,
		-0.08701522101520813,
		1.8586375586507802,
		1.0
	],
	"intrinsic" : 
	{
		"height" : 1536,
		"intrinsic_matrix" : 
		[
			973.43609619140591,
			0.0,
			0.0,
			0.0,
			973.43609619140591,
			0.0,
			1023.5,
			767.5,
			1.0
		],
		"width" : 2048
	},
	"version_major" : 1,
	"version_minor" : 0
}