{
	"class_name" : "PinholeCameraParameters",
	"extrinsic" : 
	[
		-0.23352364989848706,
		-0.96813853936529803,
		-0.090412795188051134,
		0.0,
		0.94103843687102551,
		-0.24843132963121983,
		0.2296269470010025,
		0.0,
		-0.2447720679927059,
		-0.031458592678183274,
		0.96907016860353434,
		0.0,
		-0.084794357706804824,
		-0.087015221015208144,
		1.8479314665417736,
		1.0
	],
	"intrinsic" : 
	{
		"height" : 1536,
		"intrinsic_matrix" : 
		[
			973.43609619140591,
			0.0,
			0.0,
			0.0,
			973.43609619140591,
			0.0,
			1023.5,
			767.5,
			1.0
		],
		"width" : 2048
	},
	"version_major" : 1,
	"version_minor" : 0
}