{
	"class_name" : "PinholeCameraParameters",
	"extrinsic" : 
	[
		-0.1575671470959219,
		-0.96813853936529803,
		-0.19462878192004324,
		0.0,
		0.70198892069843466,
		-0.24843132963121983,
		0.66745294191748927,
		0.0,
		-0.69453880335997009,
		-0.031458592678183309,
		0.71876714419484222,
		0.0,
		-0.19832783214742256,
		-0.087015221015208116,
		1.7724864327845551,
		1.0
	],
	"intrinsic" : 
	{
		"height" : 1536,
		"intrinsic_matrix" : 
		[
			973.43609619140591,
			0.0,
			0.0,
			0.0,
			973.43609619140591,
			0.0,
			1023.5,
			767.5,
			1.0
		],
		"width" : 2048
	},
	"version_major" : 1,
	"version_minor" : 0
}