{
	"class_name" : "PinholeCameraParameters",
	"extrinsic" : 
	[
		0.015590248637238849,
		-0.96813853936529803,
		-0.24992941552177628,
		0.0,
		0.065585562933284353,
		-0.24843132963121983,
		0.96642661821391729,
		0.0,
		-0.9977251515733947,
		-0.031458592678183309,
		0.059622804903450177,
		0.0,
		-0.26465214037180823,
		-0.087015221015208144,
		1.5921536737006734,
		1.0
	],
	"intrinsic" : 
	{
		"height" : 1536,
		"intrinsic_matrix" : 
		[
			973.43609619140591,
			0.0,
			0.0,
			0.0,
			973.43609619140591,
			0.0,
			1023.5,
			767.5,
			1.0
		],
		"width" : 2048
	},
	"version_major" : 1,
	"version_minor" : 0
}