{
	"class_name" : "PinholeCameraParameters",
	"extrinsic" : 
	[
		0.09367392170447128,
		-0.96813853936529803,
		-0.23223471960095077,
		0.0,
		-0.2427816306431958,
		-0.24843132963121983,
		0.9377307472189953,
		0.0,
		-0.96554765610752513,
		-0.031458592678183336,
		-0.25831779019644141,
		0.0,
		-0.24953881414114143,
		-0.087015221015208116,
		1.5088834437900689,
		1.0
	],
	"intrinsic" : 
	{
		"height" : 1536,
		"intrinsic_matrix" : 
		[
			973.43609619140591,
			0.0,
			0.0,
			0.0,
			973.43609619140591,
			0.0,
			1023.5,
			767.5,
			1.0
		],
		"width" : 2048
	},
	"version_major" : 1,
	"version_minor" : 0
}