{
	"class_name" : "PinholeCameraParameters",
	"extrinsic" : 
	[
		0.11763179766890634,
		-0.96813853936529803,
		-0.22106679708361704,
		0.0,
		-0.34027478708439318,
		-0.24843132963121983,
		0.90691506974596869,
		0.0,
		-0.93293934928903743,
		-0.031458592678183336,
		-0.35865655925251916,
		0.0,
		-0.23884123961213555,
		-0.087015221015208158,
		1.4830715982067966,
		1.0
	],
	"intrinsic" : 
	{
		"height" : 1536,
		"intrinsic_matrix" : 
		[
			973.43609619140591,
			0.0,
			0.0,
			0.0,
			973.43609619140591,
			0.0,
			1023.5,
			767.5,
			1.0
		],
		"width" : 2048
	},
	"version_major" : 1,
	"version_minor" : 0
}