{
	"class_name" : "PinholeCameraParameters",
	"extrinsic" : 
	[
		0.1911031349056502,
		-0.96813853936529792,
		-0.16182509207431492,
		0.0,
		-0.65179422369626838,
		-0.24843132963121978,
		0.71655157833462579,
		0.0,
		-0.73392362122050003,
		-0.031458592678183316,
		-0.6785031135973485,
		0.0,
		-0.17964100309200148,
		-0.0870152210152082,
		1.4027709941670428,
		1.0
	],
	"intrinsic" : 
	{
		"height" : 1536,
		"intrinsic_matrix" : 
		[
			973.43609619140591,
			0.0,
			0.0,
			0.0,
			973.43609619140591,
			0.0,
			1023.5,
			767.5,
			1.0
		],
		"width" : 2048
	},
	"version_major" : 1,
	"version_minor" : 0
}