{
	"class_name" : "PinholeCameraParameters",
	"extrinsic" : 
	[
		0.24744911322936769,
		-0.96813853936529792,
		0.038427918986424239,
		0.0,
		-0.96837037611197163,
		-0.24843132963121978,
		-0.023252722989422381,
		0.0,
		0.032058556280003432,
		-0.031458592678183322,
		-0.99899079370930655,
		0.0,
		0.029258325644103383,
		-0.087015221015208116,
		1.3341028158635853,
		1.0
	],
	"intrinsic" : 
	{
		"height" : 1536,
		"intrinsic_matrix" : 
		[
			973.43609619140591,
			0.0,
			0.0,
			0.0,
			973.43609619140591,
			0.0,
			1023.5,
			767.5,
			1.0
		],
		"width" : 2048
	},
	"version_major" : 1,
	"version_minor" : 0
}