{
	"class_name" : "PinholeCameraParameters",
	"extrinsic" : 
	[
		0.24046094782414776,
		-0.96813853936529792,
		0.069902082709602603,
		0.0,
		-0.95735687136634173,
		-0.24843132963121978,
		-0.14747777902217776,
		0.0,
		0.16014478892290743,
		-0.031458592678183316,
		-0.98659211608827779,
		0.0,
		0.062816498372400248,
		-0.087015221015208144,
		1.3400423902179668,
		1.0
	],
	"intrinsic" : 
	{
		"height" : 1536,
		"intrinsic_matrix" : 
		[
			973.43609619140591,
			0.0,
			0.0,
			0.0,
			973.43609619140591,
			0.0,
			1023.5,
			767.5,
			1.0
		],
		"width" : 2048
	},
	"version_major" : 1,
	"version_minor" : 0
}