{
	"class_name" : "PinholeCameraParameters",
	"extrinsic" : 
	[
		0.22623364555174841,
		-0.96813853936529792,
		0.10735970480582321,
		0.0,
		-0.92157934301208233,
		-0.24843132963121978,
		-0.29828407431688858,
		0.0,
		0.31545182223880841,
		-0.031458592678183309,
		-0.9484200044246871,
		0.0,
		0.10302479262625019,
		-0.087015221015208116,
		1.3533530659668356,
		1.0
	],
	"intrinsic" : 
	{
		"height" : 1536,
		"intrinsic_matrix" : 
		[
			973.43609619140591,
			0.0,
			0.0,
			0.0,
			973.43609619140591,
			0.0,
			1023.5,
			767.5,
			1.0
		],
		"width" : 2048
	},
	"version_major" : 1,
	"version_minor" : 0
}