{
	"class_name" : "PinholeCameraParameters",
	"extrinsic" : 
	[
		0.37873206014930638,
		-0.89656082605449028,
		0.22965346023857849,
		0.0,
		0.37568092041511891,
		0.37570224779580425,
		0.84717865119302282,
		0.0,
		-0.84582851255506364,
		-0.2345772925618981,
		0.47911128265072034,
		0.0,
		-0.19480906960113709,
		-0.135692784489992,
		1.5919525994199719,
		1.0
	],
	"intrinsic" : 
	{
		"height" : 1536,
		"intrinsic_matrix" : 
		[
			973.43609619140591,
			0.0,
			0.0,
			0.0,
			973.43609619140591,
			0.0,
			1023.5,
			767.5,
			1.0
		],
		"width" : 2048
	},
	"version_major" : 1,
	"version_minor" : 0
}