{
	"class_name" : "PinholeCameraParameters",
	"extrinsic" : 
	[
		0.041060997968150992,
		-0.79868409886550495,
		-0.60034798630898722,
		0.0,
		-0.2814150499161619,
		0.56728546420707848,
		-0.77394623313253719,
		0.0,
		0.95870723587889106,
		0.20072596324032416,
		-0.2014684182563124,
		0.0,
		0.25899337036678993,
		-0.011839884349710861,
		1.4951026663448117,
		1.0
	],
	"intrinsic" : 
	{
		"height" : 1536,
		"intrinsic_matrix" : 
		[
			973.43609619140591,
			0.0,
			0.0,
			0.0,
			973.43609619140591,
			0.0,
			1023.5,
			767.5,
			1.0
		],
		"width" : 2048
	},
	"version_major" : 1,
	"version_minor" : 0
}