{
	"class_name" : "PinholeCameraParameters",
	"extrinsic" : 
	[
		0.36101456953723715,
		-0.79868409886550495,
		-0.48142724351789623,
		0.0,
		0.18484818221824528,
		0.56728546420707848,
		-0.8025075399209467,
		0.0,
		0.91405668867551859,
		0.20072596324032413,
		0.35243362150735602,
		0.0,
		0.27285122191509414,
		-0.011839884349710783,
		1.6524048231408446,
		1.0
	],
	"intrinsic" : 
	{
		"height" : 1536,
		"intrinsic_matrix" : 
		[
			973.43609619140591,
			0.0,
			0.0,
			0.0,
			973.43609619140591,
			0.0,
			1023.5,
			767.5,
			1.0
		],
		"width" : 2048
	},
	"version_major" : 1,
	"version_minor" : 0
}