{
	"class_name" : "PinholeCameraParameters",
	"extrinsic" : 
	[
		0.41962863026845504,
		-0.79868409886550484,
		-0.43129516908773363,
		0.0,
		0.28597881610395104,
		0.56728546420707848,
		-0.77227153180674879,
		0.0,
		0.86146847266676163,
		0.2007259632403241,
		0.46645595535102907,
		0.0,
		0.26354621275209344,
		-0.011839884349710839,
		1.6868516948045924,
		1.0
	],
	"intrinsic" : 
	{
		"height" : 1536,
		"intrinsic_matrix" : 
		[
			973.43609619140591,
			0.0,
			0.0,
			0.0,
			973.43609619140591,
			0.0,
			1023.5,
			767.5,
			1.0
		],
		"width" : 2048
	},
	"version_major" : 1,
	"version_minor" : 0
}