{
	"class_name" : "PinholeCameraParameters",
	"extrinsic" : 
	[
		0.44117328062022904,
		-0.79868409886550484,
		-0.40923079879962748,
		0.0,
		0.32516754093461397,
		0.56728546420707859,
		-0.75660641843820997,
		0.0,
		0.83644019917105905,
		0.20072596324032413,
		0.5099773337040806,
		0.0,
		0.25860619460251155,
		-0.01183988434971095,
		1.700235684683058,
		1.0
	],
	"intrinsic" : 
	{
		"height" : 1536,
		"intrinsic_matrix" : 
		[
			973.43609619140591,
			0.0,
			0.0,
			0.0,
			973.43609619140591,
			0.0,
			1023.5,
			767.5,
			1.0
		],
		"width" : 2048
	},
	"version_major" : 1,
	"version_minor" : 0
}