{
	"class_name" : "PinholeCameraParameters",
	"extrinsic" : 
	[
		0.56601961107169041,
		-0.79868409886550484,
		0.20426823076937084,
		0.0,
		0.82146401255293855,
		0.56728546420707859,
		-0.058172830254209607,
		0.0,
		-0.069416683604721807,
		0.20072596324032416,
		0.97718494243339937,
		0.0,
		0.027068639962804814,
		-0.011839884349710894,
		1.8742452862437835,
		1.0
	],
	"intrinsic" : 
	{
		"height" : 1536,
		"intrinsic_matrix" : 
		[
			973.43609619140591,
			0.0,
			0.0,
			0.0,
			973.43609619140591,
			0.0,
			1023.5,
			767.5,
			1.0
		],
		"width" : 2048
	},
	"version_major" : 1,
	"version_minor" : 0
}