{
	"class_name" : "PinholeCameraParameters",
	"extrinsic" : 
	[
		0.15903013165567056,
		-0.79868409886550484,
		0.58035603507241718,
		0.0,
		0.52069666737238451,
		0.5672854642070787,
		0.63801424959529851,
		0.0,
		-0.83879937876280808,
		0.20072596324032413,
		0.5060876306217843,
		0.0,
		-0.21090050507681646,
		-0.011839884349710672,
		1.7788905561647192,
		1.0
	],
	"intrinsic" : 
	{
		"height" : 1536,
		"intrinsic_matrix" : 
		[
			973.43609619140591,
			0.0,
			0.0,
			0.0,
			973.43609619140591,
			0.0,
			1023.5,
			767.5,
			1.0
		],
		"width" : 2048
	},
	"version_major" : 1,
	"version_minor" : 0
}