{
	"class_name" : "PinholeCameraParameters",
	"extrinsic" : 
	[
		0.0018489873732355773,
		-0.79868409886550484,
		0.60174769751540413,
		0.0,
		0.33588202897034619,
		0.5672854642070787,
		0.75191120799873901,
		0.0,
		-0.94190224750791263,
		0.2007259632403241,
		0.2693125392936373,
		0.0,
		-0.25105591227453972,
		-0.011839884349710728,
		1.717465457600025,
		1.0
	],
	"intrinsic" : 
	{
		"height" : 1536,
		"intrinsic_matrix" : 
		[
			973.43609619140591,
			0.0,
			0.0,
			0.0,
			973.43609619140591,
			0.0,
			1023.5,
			767.5,
			1.0
		],
		"width" : 2048
	},
	"version_major" : 1,
	"version_minor" : 0
}