{
	"class_name" : "PinholeCameraParameters",
	"extrinsic" : 
	[
		-0.52498511024248717,
		-0.79868409886550484,
		0.29409920816466029,
		0.0,
		-0.49385821992714779,
		0.56728546420707859,
		0.65900778501452351,
		0.0,
		-0.6931772447463006,
		0.2007259632403241,
		-0.69225312931554994,
		0.0,
		-0.22714747978634486,
		-0.011839884349710783,
		1.4362412317464752,
		1.0
	],
	"intrinsic" : 
	{
		"height" : 1536,
		"intrinsic_matrix" : 
		[
			973.43609619140591,
			0.0,
			0.0,
			0.0,
			973.43609619140591,
			0.0,
			1023.5,
			767.5,
			1.0
		],
		"width" : 2048
	},
	"version_major" : 1,
	"version_minor" : 0
}