{
	"class_name" : "PinholeCameraParameters",
	"extrinsic" : 
	[
		-0.59710585968285579,
		-0.79868409886550484,
		0.074621059706990872,
		0.0,
		-0.70576316682880336,
		0.56728546420707848,
		0.42436488361684477,
		0.0,
		-0.38126492715718902,
		0.20072596324032407,
		-0.90241129370208317,
		0.0,
		-0.14976857988093101,
		-0.011839884349710839,
		1.362517406212759,
		1.0
	],
	"intrinsic" : 
	{
		"height" : 1536,
		"intrinsic_matrix" : 
		[
			973.43609619140591,
			0.0,
			0.0,
			0.0,
			973.43609619140591,
			0.0,
			1023.5,
			767.5,
			1.0
		],
		"width" : 2048
	},
	"version_major" : 1,
	"version_minor" : 0
}