{
	"class_name" : "PinholeCameraParameters",
	"extrinsic" : 
	[
		-0.55897259019485734,
		-0.79868409886550484,
		-0.22283032475461828,
		0.0,
		-0.82293601274012451,
		0.56728546420707859,
		0.03104063521812922,
		0.0,
		0.10161674245043331,
		0.20072596324032407,
		-0.97436293306704069,
		0.0,
		-0.017913399461393475,
		-0.011839884349710839,
		1.3193739353610077,
		1.0
	],
	"intrinsic" : 
	{
		"height" : 1536,
		"intrinsic_matrix" : 
		[
			973.43609619140591,
			0.0,
			0.0,
			0.0,
			973.43609619140591,
			0.0,
			1023.5,
			767.5,
			1.0
		],
		"width" : 2048
	},
	"version_major" : 1,
	"version_minor" : 0
}