{
	"class_name" : "PinholeCameraParameters",
	"extrinsic" : 
	[
		0.06722653533772785,
		-0.89656082605449028,
		0.43778907950173379,
		0.0,
		-0.40805042750387999,
		0.37570224779580419,
		0.83207131281824698,
		0.0,
		-0.91048088478582911,
		-0.23457729256189805,
		-0.34058486791685805,
		0.0,
		-0.23691742053965253,
		-0.13569278448999203,
		1.3904593189067267,
		1.0
	],
	"intrinsic" : 
	{
		"height" : 1536,
		"intrinsic_matrix" : 
		[
			973.43609619140591,
			0.0,
			0.0,
			0.0,
			973.43609619140591,
			0.0,
			1023.5,
			767.5,
			1.0
		],
		"width" : 2048
	},
	"version_major" : 1,
	"version_minor" : 0
}