{
	"class_name" : "PinholeCameraParameters",
	"extrinsic" : 
	[
		-0.55677689875204894,
		-0.64514634541975557,
		-0.52324533252345795,
		0.0,
		-0.82319919250330353,
		0.5127921723786476,
		0.24369505002994318,
		0.0,
		0.11109713982798947,
		0.56641890941133022,
		-0.81659478603730962,
		0.0,
		-0.015208161817520854,
		0.098139267376914474,
		1.3368442494572355,
		1.0
	],
	"intrinsic" : 
	{
		"height" : 1536,
		"intrinsic_matrix" : 
		[
			973.43609619140591,
			0.0,
			0.0,
			0.0,
			973.43609619140591,
			0.0,
			1023.5,
			767.5,
			1.0
		],
		"width" : 2048
	},
	"version_major" : 1,
	"version_minor" : 0
}