{
	"class_name" : "PinholeCameraParameters",
	"extrinsic" : 
	[
		-0.24610019346445333,
		-0.64514634541975568,
		-0.72334009135972277,
		0.0,
		-0.84128376653790116,
		0.51279217237864771,
		-0.17113097939002633,
		0.0,
		0.48132766275850075,
		0.56641890941133022,
		-0.66894940027233629,
		0.0,
		0.10874531409455424,
		0.098139267376914641,
		1.3601557800869535,
		1.0
	],
	"intrinsic" : 
	{
		"height" : 1536,
		"intrinsic_matrix" : 
		[
			973.43609619140591,
			0.0,
			0.0,
			0.0,
			973.43609619140591,
			0.0,
			1023.5,
			767.5,
			1.0
		],
		"width" : 2048
	},
	"version_major" : 1,
	"version_minor" : 0
}