{
	"class_name" : "PinholeCameraParameters",
	"extrinsic" : 
	[
		0.42476521251139976,
		-0.64514634541975568,
		-0.63510684709872156,
		0.0,
		-0.37550246278955357,
		0.51279217237864771,
		-0.772037621095091,
		0.0,
		0.823755069592367,
		0.56641890941133022,
		-0.024437765490199603,
		0.0,
		0.25430980485819094,
		0.098139267376914502,
		1.5394495845576945,
		1.0
	],
	"intrinsic" : 
	{
		"height" : 1536,
		"intrinsic_matrix" : 
		[
			973.43609619140591,
			0.0,
			0.0,
			0.0,
			973.43609619140591,
			0.0,
			1023.5,
			767.5,
			1.0
		],
		"width" : 2048
	},
	"version_major" : 1,
	"version_minor" : 0
}