{
	"class_name" : "PinholeCameraParameters",
	"extrinsic" : 
	[
		0.67024045383788577,
		-0.64514634541975568,
		-0.36682956128250943,
		0.0,
		0.023902185091573595,
		0.51279217237864771,
		-0.85817997733286433,
		0.0,
		0.74175900371147041,
		0.56641890941133022,
		0.35911446569895544,
		0.0,
		0.2521949954631254,
		0.098139267376914474,
		1.6635436758112288,
		1.0
	],
	"intrinsic" : 
	{
		"height" : 1536,
		"intrinsic_matrix" : 
		[
			973.43609619140591,
			0.0,
			0.0,
			0.0,
			973.43609619140591,
			0.0,
			1023.5,
			767.5,
			1.0
		],
		"width" : 2048
	},
	"version_major" : 1,
	"version_minor" : 0
}