{
	"class_name" : "PinholeCameraParameters",
	"extrinsic" : 
	[
		0.73798777994710707,
		-0.64514634541975568,
		-0.19788943791995023,
		0.0,
		0.22620819794880606,
		0.51279217237864783,
		-0.82817512588095821,
		0.0,
		0.63577031059140721,
		0.56641890941133022,
		0.52437174907863326,
		0.0,
		0.22934208208652873,
		0.098139267376914363,
		1.7213119631762901,
		1.0
	],
	"intrinsic" : 
	{
		"height" : 1536,
		"intrinsic_matrix" : 
		[
			973.43609619140591,
			0.0,
			0.0,
			0.0,
			973.43609619140591,
			0.0,
			1023.5,
			767.5,
			1.0
		],
		"width" : 2048
	},
	"version_major" : 1,
	"version_minor" : 0
}