{
	"class_name" : "PinholeCameraParameters",
	"extrinsic" : 
	[
		0.52969547124325334,
		-0.64514634541975568,
		0.55064407809030447,
		0.0,
		0.83443605872946591,
		0.51279217237864783,
		-0.20189267406030964,
		0.0,
		-0.15211565217433431,
		0.56641890941133022,
		0.809957065173739,
		0.0,
		0.0020668053018470245,
		0.098139267376914474,
		1.8579528061867112,
		1.0
	],
	"intrinsic" : 
	{
		"height" : 1536,
		"intrinsic_matrix" : 
		[
			973.43609619140591,
			0.0,
			0.0,
			0.0,
			973.43609619140591,
			0.0,
			1023.5,
			767.5,
			1.0
		],
		"width" : 2048
	},
	"version_major" : 1,
	"version_minor" : 0
}