{
	"class_name" : "PinholeCameraParameters",
	"extrinsic" : 
	[
		-0.17049583939756335,
		-0.64514634541975546,
		0.74479350275069789,
		0.0,
		0.62601800466453472,
		0.51279217237864771,
		0.58749097506516812,
		0.0,
		-0.76094193377941466,
		0.56641890941133022,
		0.31644429601009449,
		0.0,
		-0.21703004759035927,
		0.098139267376914585,
		1.7417639626764914,
		1.0
	],
	"intrinsic" : 
	{
		"height" : 1536,
		"intrinsic_matrix" : 
		[
			973.43609619140591,
			0.0,
			0.0,
			0.0,
			973.43609619140591,
			0.0,
			1023.5,
			767.5,
			1.0
		],
		"width" : 2048
	},
	"version_major" : 1,
	"version_minor" : 0
}