{
	"class_name" : "PinholeCameraParameters",
	"extrinsic" : 
	[
		-0.48112674244375153,
		-0.64514634541975546,
		0.59355138842142185,
		0.0,
		0.30324371915229964,
		0.51279217237864771,
		0.80317335285844027,
		0.0,
		-0.82253285922213792,
		0.56641890941133022,
		-0.051081450264592661,
		0.0,
		-0.25852718557529686,
		0.098139267376914599,
		1.6313867544076879,
		1.0
	],
	"intrinsic" : 
	{
		"height" : 1536,
		"intrinsic_matrix" : 
		[
			973.43609619140591,
			0.0,
			0.0,
			0.0,
			973.43609619140591,
			0.0,
			1023.5,
			767.5,
			1.0
		],
		"width" : 2048
	},
	"version_major" : 1,
	"version_minor" : 0
}