{
	"class_name" : "PinholeCameraParameters",
	"extrinsic" : 
	[
		-0.75324999508536861,
		-0.64514634541975546,
		0.12806497528764782,
		0.0,
		-0.30260437523710743,
		0.51279217237864783,
		0.80341445097443143,
		0.0,
		-0.5839906137869445,
		0.56641890941133022,
		-0.58148480811628012,
		0.0,
		-0.21673965389896621,
		0.098139267376914585,
		1.45216249518263,
		1.0
	],
	"intrinsic" : 
	{
		"height" : 1536,
		"intrinsic_matrix" : 
		[
			973.43609619140591,
			0.0,
			0.0,
			0.0,
			973.43609619140591,
			0.0,
			1023.5,
			767.5,
			1.0
		],
		"width" : 2048
	},
	"version_major" : 1,
	"version_minor" : 0
}