{
	"class_name" : "PinholeCameraParameters",
	"extrinsic" : 
	[
		-0.75748432509024388,
		-0.64514634541975546,
		-0.1000184494686427,
		0.0,
		-0.52630201097115692,
		0.51279217237864783,
		0.67827013880525766,
		0.0,
		-0.38629482327659292,
		0.56641890941133033,
		-0.72797385157090988,
		0.0,
		-0.16426686813986507,
		0.098139267376914585,
		1.3946399571423225,
		1.0
	],
	"intrinsic" : 
	{
		"height" : 1536,
		"intrinsic_matrix" : 
		[
			973.43609619140591,
			0.0,
			0.0,
			0.0,
			973.43609619140591,
			0.0,
			1023.5,
			767.5,
			1.0
		],
		"width" : 2048
	},
	"version_major" : 1,
	"version_minor" : 0
}