{
	"class_name" : "PinholeCameraParameters",
	"extrinsic" : 
	[
		-0.17314121850377534,
		-0.89656082605449028,
		0.40767732784583216,
		0.0,
		-0.78475761747554074,
		0.37570224779580425,
		0.49295365179222789,
		0.0,
		-0.59512822170448354,
		-0.23457729256189805,
		-0.76863248275439733,
		0.0,
		-0.17221390475719489,
		-0.13569278448999209,
		1.274142482621861,
		1.0
	],
	"intrinsic" : 
	{
		"height" : 1536,
		"intrinsic_matrix" : 
		[
			973.43609619140591,
			0.0,
			0.0,
			0.0,
			973.43609619140591,
			0.0,
			1023.5,
			767.5,
			1.0
		],
		"width" : 2048
	},
	"version_major" : 1,
	"version_minor" : 0
}