{
	"class_name" : "PinholeCameraParameters",
	"extrinsic" : 
	[
		-0.23205914431101582,
		-0.40821626245930953,
		-0.88289752327514848,
		0.0,
		-0.83781529648897524,
		0.54502751398613136,
		-0.03178895983180749,
		0.0,
		0.49418021258517625,
		0.73232813141504383,
		-0.46848844748554952,
		0.0,
		0.11331085101980454,
		0.1616125144377647,
		1.4005090991306532,
		1.0
	],
	"intrinsic" : 
	{
		"height" : 1536,
		"intrinsic_matrix" : 
		[
			973.43609619140591,
			0.0,
			0.0,
			0.0,
			973.43609619140591,
			0.0,
			1023.5,
			767.5,
			1.0
		],
		"width" : 2048
	},
	"version_major" : 1,
	"version_minor" : 0
}