{
	"class_name" : "PinholeCameraParameters",
	"extrinsic" : 
	[
		0.064272360799242617,
		-0.40821626245930959,
		-0.91061986948509099,
		0.0,
		-0.78306260544616535,
		0.54502751398613136,
		-0.29959633667647001,
		0.0,
		0.61861298045640412,
		0.73232813141504383,
		-0.2846286850424517,
		0.0,
		0.17055134265428018,
		0.16161251443776464,
		1.4474098492627074,
		1.0
	],
	"intrinsic" : 
	{
		"height" : 1536,
		"intrinsic_matrix" : 
		[
			973.43609619140591,
			0.0,
			0.0,
			0.0,
			973.43609619140591,
			0.0,
			1023.5,
			767.5,
			1.0
		],
		"width" : 2048
	},
	"version_major" : 1,
	"version_minor" : 0
}