{
	"class_name" : "PinholeCameraParameters",
	"extrinsic" : 
	[
		0.80144854651224717,
		-0.40821626245930953,
		-0.43708089681105777,
		0.0,
		-0.17012235147067439,
		0.54502751398613136,
		-0.82097709744437197,
		0.0,
		0.57335731688319358,
		0.73232813141504371,
		0.36736479841522074,
		0.0,
		0.21811091871678162,
		0.16161251443776459,
		1.6600034535206656,
		1.0
	],
	"intrinsic" : 
	{
		"height" : 1536,
		"intrinsic_matrix" : 
		[
			973.43609619140591,
			0.0,
			0.0,
			0.0,
			973.43609619140591,
			0.0,
			1023.5,
			767.5,
			1.0
		],
		"width" : 2048
	},
	"version_major" : 1,
	"version_minor" : 0
}