{
	"class_name" : "PinholeCameraParameters",
	"extrinsic" : 
	[
		0.91284143274242591,
		-0.40821626245930953,
		-0.0089443687595739951,
		0.0,
		0.2358490604675445,
		0.54502751398613147,
		-0.80456213537219978,
		0.0,
		0.33331027488712622,
		0.73232813141504371,
		0.59380111871974361,
		0.0,
		0.16296282147393165,
		0.1616125144377647,
		1.7551749764433975,
		1.0
	],
	"intrinsic" : 
	{
		"height" : 1536,
		"intrinsic_matrix" : 
		[
			973.43609619140591,
			0.0,
			0.0,
			0.0,
			973.43609619140591,
			0.0,
			1023.5,
			767.5,
			1.0
		],
		"width" : 2048
	},
	"version_major" : 1,
	"version_minor" : 0
}