{
	"class_name" : "PinholeCameraParameters",
	"extrinsic" : 
	[
		0.78158409282050989,
		-0.40821626245930948,
		0.4716839926409343,
		0.0,
		0.6231661182771151,
		0.54502751398613147,
		-0.56090016761410411,
		0.0,
		-0.028112183859911349,
		0.73232813141504371,
		0.68037137877542819,
		0.0,
		0.055735598601659532,
		0.1616125144377647,
		1.8172093719928211,
		1.0
	],
	"intrinsic" : 
	{
		"height" : 1536,
		"intrinsic_matrix" : 
		[
			973.43609619140591,
			0.0,
			0.0,
			0.0,
			973.43609619140591,
			0.0,
			1023.5,
			767.5,
			1.0
		],
		"width" : 2048
	},
	"version_major" : 1,
	"version_minor" : 0
}