{
	"class_name" : "PinholeCameraParameters",
	"extrinsic" : 
	[
		0.73643466397661328,
		-0.40821626245930936,
		0.53946591065368077,
		0.0,
		0.67067664718701692,
		0.54502751398613147,
		-0.50312805916195824,
		0.0,
		-0.08863870831433926,
		0.73232813141504371,
		0.67515826835381054,
		0.0,
		0.035903641852668075,
		0.16161251443776492,
		1.821301207785635,
		1.0
	],
	"intrinsic" : 
	{
		"height" : 1536,
		"intrinsic_matrix" : 
		[
			973.43609619140591,
			0.0,
			0.0,
			0.0,
			973.43609619140591,
			0.0,
			1023.5,
			767.5,
			1.0
		],
		"width" : 2048
	},
	"version_major" : 1,
	"version_minor" : 0
}