{
	"class_name" : "PinholeCameraParameters",
	"extrinsic" : 
	[
		-0.12725526196836021,
		-0.40821626245930931,
		0.90397211315677017,
		0.0,
		0.76040569925352386,
		0.54502751398613136,
		0.35316877203520824,
		0.0,
		-0.6368589096841808,
		0.73232813141504383,
		0.24105235342976186,
		0.0,
		-0.18052522355026948,
		0.16161251443776475,
		1.7347660042465816,
		1.0
	],
	"intrinsic" : 
	{
		"height" : 1536,
		"intrinsic_matrix" : 
		[
			973.43609619140591,
			0.0,
			0.0,
			0.0,
			973.43609619140591,
			0.0,
			1023.5,
			767.5,
			1.0
		],
		"width" : 2048
	},
	"version_major" : 1,
	"version_minor" : 0
}