{
	"class_name" : "PinholeCameraParameters",
	"extrinsic" : 
	[
		-0.31280301502619434,
		-0.40821626245930931,
		0.85762098671515441,
		0.0,
		0.67013662936751051,
		0.54502751398613136,
		0.50384710674772104,
		0.0,
		-0.67310561709918482,
		0.73232813141504383,
		0.10307442053039137,
		0.0,
		-0.20522913233113088,
		0.1616125144377647,
		1.6941346836701845,
		1.0
	],
	"intrinsic" : 
	{
		"height" : 1536,
		"intrinsic_matrix" : 
		[
			973.43609619140591,
			0.0,
			0.0,
			0.0,
			973.43609619140591,
			0.0,
			1023.5,
			767.5,
			1.0
		],
		"width" : 2048
	},
	"version_major" : 1,
	"version_minor" : 0
}