{
	"class_name" : "PinholeCameraParameters",
	"extrinsic" : 
	[
		-0.84386862124136963,
		-0.40821626245930931,
		0.34820286206167539,
		0.0,
		0.080694090738189519,
		0.54502751398613136,
		0.83452589697266699,
		0.0,
		-0.53044718286001535,
		0.73232813141504394,
		-0.42699097664239194,
		0.0,
		-0.21007424502627775,
		0.16161251443776481,
		1.5112279182390245,
		1.0
	],
	"intrinsic" : 
	{
		"height" : 1536,
		"intrinsic_matrix" : 
		[
			973.43609619140591,
			0.0,
			0.0,
			0.0,
			973.43609619140591,
			0.0,
			1023.5,
			767.5,
			1.0
		],
		"width" : 2048
	},
	"version_major" : 1,
	"version_minor" : 0
}