{
	"class_name" : "PinholeCameraParameters",
	"extrinsic" : 
	[
		-0.87438680153409021,
		-0.40821626245930925,
		0.26231127380792452,
		0.0,
		-0.0029322314571897652,
		0.54502751398613136,
		0.83841303127800859,
		0.0,
		-0.48522069547955704,
		0.73232813141504383,
		-0.47776184926852966,
		0.0,
		-0.20045526767923208,
		0.16161251443776475,
		1.4907065036670522,
		1.0
	],
	"intrinsic" : 
	{
		"height" : 1536,
		"intrinsic_matrix" : 
		[
			973.43609619140591,
			0.0,
			0.0,
			0.0,
			973.43609619140591,
			0.0,
			1023.5,
			767.5,
			1.0
		],
		"width" : 2048
	},
	"version_major" : 1,
	"version_minor" : 0
}