{
	"class_name" : "PinholeCameraParameters",
	"extrinsic" : 
	[
		-0.3926421480202511,
		-0.89656082605449028,
		0.20496543314064783,
		0.0,
		-0.91925269559344114,
		0.37570224779580419,
		-0.11756828928487689,
		0.0,
		0.028401148607680504,
		-0.23457729256189808,
		-0.97168249370465365,
		0.0,
		-0.023831990462350197,
		-0.13569278448999206,
		1.2039021093261917,
		1.0
	],
	"intrinsic" : 
	{
		"height" : 1536,
		"intrinsic_matrix" : 
		[
			973.43609619140591,
			0.0,
			0.0,
			0.0,
			973.43609619140591,
			0.0,
			1023.5,
			767.5,
			1.0
		],
		"width" : 2048
	},
	"version_major" : 1,
	"version_minor" : 0
}