{
	"class_name" : "PinholeCameraParameters",
	"extrinsic" : 
	[
		-0.8100585132803908,
		-0.16909619625951933,
		-0.56143715718905263,
		0.0,
		-0.58614914601659396,
		0.20853102862969455,
		0.78290739472983595,
		0.0,
		-0.015309594572700647,
		0.96328671043942238,
		-0.26803792605677262,
		0.0,
		-0.069646172908856011,
		0.24281944053117174,
		1.4795975235252052,
		1.0
	],
	"intrinsic" : 
	{
		"height" : 1536,
		"intrinsic_matrix" : 
		[
			973.43609619140591,
			0.0,
			0.0,
			0.0,
			973.43609619140591,
			0.0,
			1023.5,
			767.5,
			1.0
		],
		"width" : 2048
	},
	"version_major" : 1,
	"version_minor" : 0
}