{
	"class_name" : "PinholeCameraParameters",
	"extrinsic" : 
	[
		-0.79884511344820119,
		-0.16909619625951933,
		-0.57728066062400951,
		0.0,
		-0.60145317369453322,
		0.20853102862969455,
		0.7712126100832476,
		0.0,
		-0.010028188904498678,
		0.96328671043942238,
		-0.26828743712312003,
		0.0,
		-0.067317116209259509,
		0.24281944053117174,
		1.4782487924355638,
		1.0
	],
	"intrinsic" : 
	{
		"height" : 1536,
		"intrinsic_matrix" : 
		[
			973.43609619140591,
			0.0,
			0.0,
			0.0,
			973.43609619140591,
			0.0,
			1023.5,
			767.5,
			1.0
		],
		"width" : 2048
	},
	"version_major" : 1,
	"version_minor" : 0
}