{
	"class_name" : "PinholeCameraParameters",
	"extrinsic" : 
	[
		-0.012314245862942202,
		-0.16909619625951935,
		-0.9855226206228801,
		0.0,
		-0.97773186494888065,
		0.20853102862969461,
		-0.023562902245385205,
		0.0,
		0.20949644295885098,
		0.96328671043942249,
		-0.16789864168118007,
		0.0,
		0.055411173734282768,
		0.2428194405311718,
		1.4722567450828141,
		1.0
	],
	"intrinsic" : 
	{
		"height" : 1536,
		"intrinsic_matrix" : 
		[
			973.43609619140591,
			0.0,
			0.0,
			0.0,
			973.43609619140591,
			0.0,
			1023.5,
			767.5,
			1.0
		],
		"width" : 2048
	},
	"version_major" : 1,
	"version_minor" : 0
}