{
	"class_name" : "PinholeCameraParameters",
	"extrinsic" : 
	[
		0.89084366517919211,
		-0.16909619625951938,
		-0.42166816410616731,
		0.0,
		-0.38580614121095613,
		0.20853102862969458,
		-0.89870375068904296,
		0.0,
		0.23989828180713452,
		0.96328671043942238,
		0.12053019487572851,
		0.0,
		0.13665158452860676,
		0.24281944053117183,
		1.5955257441582322,
		1.0
	],
	"intrinsic" : 
	{
		"height" : 1536,
		"intrinsic_matrix" : 
		[
			973.43609619140591,
			0.0,
			0.0,
			0.0,
			973.43609619140591,
			0.0,
			1023.5,
			767.5,
			1.0
		],
		"width" : 2048
	},
	"version_major" : 1,
	"version_minor" : 0
}