{
	"class_name" : "PinholeCameraParameters",
	"extrinsic" : 
	[
		0.96630914470848128,
		-0.16909619625951941,
		0.1940441013360768,
		0.0,
		0.22749890271364787,
		0.20853102862969458,
		-0.95118823550479636,
		0.0,
		0.12037809649952821,
		0.96328671043942249,
		0.23997463902243232,
		0.0,
		0.11057483970442532,
		0.24281944053117183,
		1.6774901042966488,
		1.0
	],
	"intrinsic" : 
	{
		"height" : 1536,
		"intrinsic_matrix" : 
		[
			973.43609619140591,
			0.0,
			0.0,
			0.0,
			973.43609619140591,
			0.0,
			1023.5,
			767.5,
			1.0
		],
		"width" : 2048
	},
	"version_major" : 1,
	"version_minor" : 0
}