{
	"class_name" : "PinholeCameraParameters",
	"extrinsic" : 
	[
		0.85989832815834866,
		-0.16909619625951941,
		0.48164441410758529,
		0.0,
		0.50883254472464501,
		0.20853102862969464,
		-0.83522706584957107,
		0.0,
		0.040795914740560234,
		0.96328671043942249,
		0.2653571307338044,
		0.0,
		0.080539849581608439,
		0.24281944053117177,
		1.707587804164018,
		1.0
	],
	"intrinsic" : 
	{
		"height" : 1536,
		"intrinsic_matrix" : 
		[
			973.43609619140591,
			0.0,
			0.0,
			0.0,
			973.43609619140591,
			0.0,
			1023.5,
			767.5,
			1.0
		],
		"width" : 2048
	},
	"version_major" : 1,
	"version_minor" : 0
}