{
	"class_name" : "PinholeCameraParameters",
	"extrinsic" : 
	[
		0.61411576950989966,
		-0.16909619625951938,
		0.77088799319345092,
		0.0,
		0.78673655918444529,
		0.20853102862969464,
		-0.58099948067210994,
		0.0,
		-0.062509263968501413,
		0.96328671043942249,
		0.26109635273000775,
		0.0,
		0.032843898805497707,
		0.24281944053117177,
		1.7298369273206671,
		1.0
	],
	"intrinsic" : 
	{
		"height" : 1536,
		"intrinsic_matrix" : 
		[
			973.43609619140591,
			0.0,
			0.0,
			0.0,
			973.43609619140591,
			0.0,
			1023.5,
			767.5,
			1.0
		],
		"width" : 2048
	},
	"version_major" : 1,
	"version_minor" : 0
}