{
	"class_name" : "PinholeCameraParameters",
	"extrinsic" : 
	[
		0.20773388217345035,
		-0.16909619625951938,
		0.96345893042086095,
		0.0,
		0.9629462823524495,
		0.20853102862969464,
		-0.17102417198232012,
		0.0,
		-0.17199154485248333,
		0.96328671043942249,
		0.20614951367891376,
		0.0,
		-0.029505810422965351,
		0.24281944053117177,
		1.730619088397277,
		1.0
	],
	"intrinsic" : 
	{
		"height" : 1536,
		"intrinsic_matrix" : 
		[
			973.43609619140591,
			0.0,
			0.0,
			0.0,
			973.43609619140591,
			0.0,
			1023.5,
			767.5,
			1.0
		],
		"width" : 2048
	},
	"version_major" : 1,
	"version_minor" : 0
}