{
	"class_name" : "PinholeCameraParameters",
	"extrinsic" : 
	[
		0.068690000507716814,
		-0.16909619625951938,
		0.98320301069555938,
		0.0,
		0.97747806942022164,
		0.20853102862969464,
		-0.032425821518626857,
		0.0,
		-0.19954525209276772,
		0.96328671043942249,
		0.17961181992850636,
		0.0,
		-0.048171675899620243,
		0.24281944053117172,
		1.7250708321807229,
		1.0
	],
	"intrinsic" : 
	{
		"height" : 1536,
		"intrinsic_matrix" : 
		[
			973.43609619140591,
			0.0,
			0.0,
			0.0,
			973.43609619140591,
			0.0,
			1023.5,
			767.5,
			1.0
		],
		"width" : 2048
	},
	"version_major" : 1,
	"version_minor" : 0
}