{
	"class_name" : "PinholeCameraParameters",
	"extrinsic" : 
	[
		-0.23909846584106709,
		-0.16909619625951938,
		0.95615814593769488,
		0.0,
		0.93948662485201928,
		0.20853102862969464,
		0.27180818939613072,
		0.0,
		-0.24535037264412193,
		0.96328671043942249,
		0.10900416567355088,
		0.0,
		-0.08540118095548839,
		0.24281944053117183,
		1.7038720035785084,
		1.0
	],
	"intrinsic" : 
	{
		"height" : 1536,
		"intrinsic_matrix" : 
		[
			973.43609619140591,
			0.0,
			0.0,
			0.0,
			973.43609619140591,
			0.0,
			1023.5,
			767.5,
			1.0
		],
		"width" : 2048
	},
	"version_major" : 1,
	"version_minor" : 0
}