{
	"class_name" : "PinholeCameraParameters",
	"extrinsic" : 
	[
		-0.43849457659336954,
		-0.89656082605449028,
		0.062459518751682014,
		0.0,
		-0.82758257714705874,
		0.37570224779580413,
		-0.41707900810735243,
		0.0,
		0.35047051844746419,
		-0.23457729256189808,
		-0.90672151706766912,
		0.0,
		0.058209544311045747,
		-0.13569278448999203,
		1.2097964520986659,
		1.0
	],
	"intrinsic" : 
	{
		"height" : 1536,
		"intrinsic_matrix" : 
		[
			973.43609619140591,
			0.0,
			0.0,
			0.0,
			973.43609619140591,
			0.0,
			1023.5,
			767.5,
			1.0
		],
		"width" : 2048
	},
	"version_major" : 1,
	"version_minor" : 0
}