{
	"class_name" : "PinholeCameraParameters",
	"extrinsic" : 
	[
		-0.9461137861696276,
		-0.32122510888194689,
		-0.041026004479521302,
		0.0,
		0.23952740725012142,
		-0.77942284215423563,
		0.57890124745438909,
		0.0,
		-0.2179342212590919,
		0.5378795985645809,
		0.81436491369176667,
		0.0,
		-0.13520841787052962,
		0.11766554522882688,
		1.8105141980292883,
		1.0
	],
	"intrinsic" : 
	{
		"height" : 1536,
		"intrinsic_matrix" : 
		[
			973.43609619140591,
			0.0,
			0.0,
			0.0,
			973.43609619140591,
			0.0,
			1023.5,
			767.5,
			1.0
		],
		"width" : 2048
	},
	"version_major" : 1,
	"version_minor" : 0
}