{
	"class_name" : "PinholeCameraParameters",
	"extrinsic" : 
	[
		-0.4398364232775378,
		-0.32122510888194689,
		-0.83866462318509905,
		0.0,
		-0.3802109466224543,
		-0.77942284215423574,
		0.4979354066509738,
		0.0,
		-0.81362371943477652,
		0.53787959856458101,
		0.22068525238702602,
		0.0,
		-0.2523841648551578,
		0.11766554522882694,
		1.5874478784757429,
		1.0
	],
	"intrinsic" : 
	{
		"height" : 1536,
		"intrinsic_matrix" : 
		[
			973.43609619140591,
			0.0,
			0.0,
			0.0,
			973.43609619140591,
			0.0,
			1023.5,
			767.5,
			1.0
		],
		"width" : 2048
	},
	"version_major" : 1,
	"version_minor" : 0
}