{
	"class_name" : "PinholeCameraParameters",
	"extrinsic" : 
	[
		0.55250554387849227,
		-0.32122510888194689,
		-0.76912421194974279,
		0.0,
		-0.61554221339813864,
		-0.77942284215423574,
		-0.11665254670659272,
		0.0,
		-0.56200125223032371,
		0.53787959856458101,
		-0.62836305583599783,
		0.0,
		-0.10443901779779213,
		0.11766554522882683,
		1.3672133481302156,
		1.0
	],
	"intrinsic" : 
	{
		"height" : 1536,
		"intrinsic_matrix" : 
		[
			973.43609619140591,
			0.0,
			0.0,
			0.0,
			973.43609619140591,
			0.0,
			1023.5,
			767.5,
			1.0
		],
		"width" : 2048
	},
	"version_major" : 1,
	"version_minor" : 0
}