{
	"class_name" : "PinholeCameraParameters",
	"extrinsic" : 
	[
		0.83739264579843453,
		-0.32122510888194683,
		-0.44225330545568442,
		0.0,
		-0.49902986540071048,
		-0.77942284215423563,
		-0.37877331818168269,
		0.0,
		-0.22303082791588758,
		0.53787959856458101,
		-0.81298387883595757,
		0.0,
		0.0090049114253710483,
		0.11766554522882677,
		1.3447695223218989,
		1.0
	],
	"intrinsic" : 
	{
		"height" : 1536,
		"intrinsic_matrix" : 
		[
			973.43609619140591,
			0.0,
			0.0,
			0.0,
			973.43609619140591,
			0.0,
			1023.5,
			767.5,
			1.0
		],
		"width" : 2048
	},
	"version_major" : 1,
	"version_minor" : 0
}