{
	"class_name" : "PinholeCameraParameters",
	"extrinsic" : 
	[
		0.94306649645011831,
		-0.32122510888194689,
		0.086255508212984777,
		0.0,
		-0.21154951462690308,
		-0.77942284215423552,
		-0.5897006325156311,
		0.0,
		0.25665616325040913,
		0.53787959856458112,
		-0.80300258487353859,
		0.0,
		0.14526263375990228,
		0.11766554522882666,
		1.3905620683898079,
		1.0
	],
	"intrinsic" : 
	{
		"height" : 1536,
		"intrinsic_matrix" : 
		[
			973.43609619140591,
			0.0,
			0.0,
			0.0,
			973.43609619140591,
			0.0,
			1023.5,
			767.5,
			1.0
		],
		"width" : 2048
	},
	"version_major" : 1,
	"version_minor" : 0
}