{
	"class_name" : "PinholeCameraParameters",
	"extrinsic" : 
	[
		0.62479057629914336,
		-0.32122510888194694,
		0.71165382398436239,
		0.0,
		0.25239908291090596,
		-0.77942284215423552,
		-0.57340625744226703,
		0.0,
		0.73887173360030367,
		0.53787959856458123,
		-0.4058991238405017,
		0.0,
		0.24759045908382604,
		0.11766554522882677,
		1.5472661882233993,
		1.0
	],
	"intrinsic" : 
	{
		"height" : 1536,
		"intrinsic_matrix" : 
		[
			973.43609619140591,
			0.0,
			0.0,
			0.0,
			973.43609619140591,
			0.0,
			1023.5,
			767.5,
			1.0
		],
		"width" : 2048
	},
	"version_major" : 1,
	"version_minor" : 0
}