{
	"class_name" : "PinholeCameraParameters",
	"extrinsic" : 
	[
		-0.28036424572818125,
		-0.32122510888194694,
		0.90454978809408237,
		0.0,
		0.62079033004044548,
		-0.77942284215423541,
		-0.08437653261712369,
		0.0,
		0.73213062758331782,
		0.53787959856458123,
		0.41793573860398936,
		0.0,
		0.17191828003307841,
		0.11766554522882683,
		1.7822120547321041,
		1.0
	],
	"intrinsic" : 
	{
		"height" : 1536,
		"intrinsic_matrix" : 
		[
			973.43609619140591,
			0.0,
			0.0,
			0.0,
			973.43609619140591,
			0.0,
			1023.5,
			767.5,
			1.0
		],
		"width" : 2048
	},
	"version_major" : 1,
	"version_minor" : 0
}