{
	"class_name" : "PinholeCameraParameters",
	"extrinsic" : 
	[
		-0.89380872730588878,
		-0.32122510888194694,
		0.31292233607655573,
		0.0,
		0.43721151906628963,
		-0.77942284215423552,
		0.44871608030464127,
		0.0,
		0.099759944805393075,
		0.53787959856458134,
		0.83709825639552604,
		0.0,
		-0.046408861840048637,
		0.11766554522882677,
		1.8454521556329702,
		1.0
	],
	"intrinsic" : 
	{
		"height" : 1536,
		"intrinsic_matrix" : 
		[
			973.43609619140591,
			0.0,
			0.0,
			0.0,
			973.43609619140591,
			0.0,
			1023.5,
			767.5,
			1.0
		],
		"width" : 2048
	},
	"version_major" : 1,
	"version_minor" : 0
}