{
	"class_name" : "PinholeCameraParameters",
	"extrinsic" : 
	[
		-0.90388248582022102,
		-0.321225108881947,
		0.28250819678593309,
		0.0,
		0.42178248963507703,
		-0.77942284215423552,
		0.46324892289723674,
		0.0,
		0.071386155973650472,
		0.53787959856458145,
		0.83999378222895826,
		0.0,
		-0.054780631511853445,
		0.11766554522882711,
		1.8437401867903342,
		1.0
	],
	"intrinsic" : 
	{
		"height" : 1536,
		"intrinsic_matrix" : 
		[
			973.43609619140591,
			0.0,
			0.0,
			0.0,
			973.43609619140591,
			0.0,
			1023.5,
			767.5,
			1.0
		],
		"width" : 2048
	},
	"version_major" : 1,
	"version_minor" : 0
}