{
	"class_name" : "PinholeCameraParameters",
	"extrinsic" : 
	[
		-0.91280540675875677,
		-0.32122510888194689,
		-0.25219182939929291,
		0.0,
		0.10357819598497414,
		-0.77942284215423552,
		0.61787667899404652,
		0.0,
		-0.39504157592395128,
		0.53787959856458123,
		0.74473330175273211,
		0.0,
		-0.17961360848887903,
		0.11766554522882666,
		1.7747516683012623,
		1.0
	],
	"intrinsic" : 
	{
		"height" : 1536,
		"intrinsic_matrix" : 
		[
			973.43609619140591,
			0.0,
			0.0,
			0.0,
			973.43609619140591,
			0.0,
			1023.5,
			767.5,
			1.0
		],
		"width" : 2048
	},
	"version_major" : 1,
	"version_minor" : 0
}