{
	"class_name" : "PinholeCameraParameters",
	"extrinsic" : 
	[
		-0.39054365976168137,
		-0.89656082605449028,
		-0.20893619840621733,
		0.0,
		-0.42073381401659005,
		0.37570224779580413,
		-0.82573051217950866,
		0.0,
		0.81881542948518349,
		-0.2345772925618981,
		-0.52394158667863366,
		0.0,
		0.18667622194816341,
		-0.13569278448999206,
		1.2899627764504618,
		1.0
	],
	"intrinsic" : 
	{
		"height" : 1536,
		"intrinsic_matrix" : 
		[
			973.43609619140591,
			0.0,
			0.0,
			0.0,
			973.43609619140591,
			0.0,
			1023.5,
			767.5,
			1.0
		],
		"width" : 2048
	},
	"version_major" : 1,
	"version_minor" : 0
}