{
	"class_name" : "PinholeCameraParameters",
	"extrinsic" : 
	[
		-0.1077434486969181,
		0.71896292488190705,
		-0.68664667909205535,
		0.0,
		-0.53421340485508395,
		-0.62435254185651545,
		-0.5699122226715676,
		0.0,
		-0.83845535798635873,
		0.3054115520450425,
		0.4513495281280413,
		0.0,
		-0.23188588286812173,
		0.14026630755234371,
		1.6619261737076982,
		1.0
	],
	"intrinsic" : 
	{
		"height" : 1536,
		"intrinsic_matrix" : 
		[
			973.43609619140591,
			0.0,
			0.0,
			0.0,
			973.43609619140591,
			0.0,
			1023.5,
			767.5,
			1.0
		],
		"width" : 2048
	},
	"version_major" : 1,
	"version_minor" : 0
}