{
	"class_name" : "PinholeCameraParameters",
	"extrinsic" : 
	[
		0.50253300523063582,
		0.71896292488190694,
		-0.48015923535752114,
		0.0,
		0.16339324158307286,
		-0.62435254185651545,
		-0.76386291445670007,
		0.0,
		-0.84897775427795608,
		0.3054115520450425,
		-0.43123144205704306,
		0.0,
		-0.18544721074843995,
		0.14026630755234373,
		1.4436477459718597,
		1.0
	],
	"intrinsic" : 
	{
		"height" : 1536,
		"intrinsic_matrix" : 
		[
			973.43609619140591,
			0.0,
			0.0,
			0.0,
			973.43609619140591,
			0.0,
			1023.5,
			767.5,
			1.0
		],
		"width" : 2048
	},
	"version_major" : 1,
	"version_minor" : 0
}