{
	"class_name" : "PinholeCameraParameters",
	"extrinsic" : 
	[
		0.6439188554884997,
		0.71896292488190705,
		-0.26165018668373641,
		0.0,
		0.43290977014298848,
		-0.62435254185651534,
		-0.65020999253476042,
		0.0,
		-0.63083883715345679,
		0.3054115520450425,
		-0.71327844872554003,
		0.0,
		-0.11597209787017371,
		0.14026630755234365,
		1.386198455133909,
		1.0
	],
	"intrinsic" : 
	{
		"height" : 1536,
		"intrinsic_matrix" : 
		[
			973.43609619140591,
			0.0,
			0.0,
			0.0,
			973.43609619140591,
			0.0,
			1023.5,
			767.5,
			1.0
		],
		"width" : 2048
	},
	"version_major" : 1,
	"version_minor" : 0
}