{
	"class_name" : "PinholeCameraParameters",
	"extrinsic" : 
	[
		0.66687208357533723,
		0.71896292488190705,
		0.19589266651189879,
		0.0,
		0.74349691736863588,
		-0.62435254185651545,
		-0.23957511836717127,
		0.0,
		-0.049939543562435809,
		0.30541155204504256,
		-0.95090999882544824,
		0.0,
		0.040512396140265167,
		0.14026630755234365,
		1.3598585971124213,
		1.0
	],
	"intrinsic" : 
	{
		"height" : 1536,
		"intrinsic_matrix" : 
		[
			973.43609619140591,
			0.0,
			0.0,
			0.0,
			973.43609619140591,
			0.0,
			1023.5,
			767.5,
			1.0
		],
		"width" : 2048
	},
	"version_major" : 1,
	"version_minor" : 0
}