{
	"class_name" : "PinholeCameraParameters",
	"extrinsic" : 
	[
		0.34911193909425442,
		0.71896292488190694,
		0.60101012190070735,
		0.0,
		0.70435194722622319,
		-0.62435254185651534,
		0.33774581850251845,
		0.0,
		0.61806891882740511,
		0.30541155204504256,
		-0.72437186268998666,
		0.0,
		0.19269472769822937,
		0.14026630755234393,
		1.4528485206544755,
		1.0
	],
	"intrinsic" : 
	{
		"height" : 1536,
		"intrinsic_matrix" : 
		[
			973.43609619140591,
			0.0,
			0.0,
			0.0,
			973.43609619140591,
			0.0,
			1023.5,
			767.5,
			1.0
		],
		"width" : 2048
	},
	"version_major" : 1,
	"version_minor" : 0
}