{
	"class_name" : "PinholeCameraParameters",
	"extrinsic" : 
	[
		0.21860584766764846,
		0.71896292488190694,
		0.65977556487851408,
		0.0,
		0.62023809534444163,
		-0.62435254185651534,
		0.47485640836026177,
		0.0,
		0.75333670324032953,
		0.30541155204504261,
		-0.58241531180801731,
		0.0,
		0.21817256288945175,
		0.14026630755234373,
		1.4953780994337333,
		1.0
	],
	"intrinsic" : 
	{
		"height" : 1536,
		"intrinsic_matrix" : 
		[
			973.43609619140591,
			0.0,
			0.0,
			0.0,
			973.43609619140591,
			0.0,
			1023.5,
			767.5,
			1.0
		],
		"width" : 2048
	},
	"version_major" : 1,
	"version_minor" : 0
}