{
	"class_name" : "PinholeCameraParameters",
	"extrinsic" : 
	[
		0.11774506993539238,
		0.71896292488190694,
		0.68500248988683465,
		0.0,
		0.54246738979108589,
		-0.62435254185651523,
		0.56206141523018149,
		0.0,
		0.83178436479604234,
		0.30541155204504256,
		-0.46352837492248805,
		0.0,
		0.23091707038979264,
		0.14026630755234382,
		1.5290606313010027,
		1.0
	],
	"intrinsic" : 
	{
		"height" : 1536,
		"intrinsic_matrix" : 
		[
			973.43609619140591,
			0.0,
			0.0,
			0.0,
			973.43609619140591,
			0.0,
			1023.5,
			767.5,
			1.0
		],
		"width" : 2048
	},
	"version_major" : 1,
	"version_minor" : 0
}