{
	"class_name" : "PinholeCameraParameters",
	"extrinsic" : 
	[
		0.10838263063688641,
		0.71896292488190694,
		0.68654607858575789,
		0.0,
		0.53474372891849886,
		-0.62435254185651534,
		0.56941465370997191,
		0.0,
		0.8380348141685805,
		0.30541155204504256,
		-0.4521298863367374,
		0.0,
		0.23182550807420299,
		0.14026630755234373,
		1.5322193960733854,
		1.0
	],
	"intrinsic" : 
	{
		"height" : 1536,
		"intrinsic_matrix" : 
		[
			973.43609619140591,
			0.0,
			0.0,
			0.0,
			973.43609619140591,
			0.0,
			1023.5,
			767.5,
			1.0
		],
		"width" : 2048
	},
	"version_major" : 1,
	"version_minor" : 0
}