{
	"class_name" : "PinholeCameraParameters",
	"extrinsic" : 
	[
		-0.16799421008533486,
		0.71896292488190694,
		0.67444070015314006,
		0.0,
		0.27028307677550995,
		-0.62435254185651523,
		0.73289218981107451,
		0.0,
		0.94801107788177674,
		0.30541155204504256,
		-0.089435899340645386,
		0.0,
		0.23880139680557871,
		0.14026630755234379,
		1.6277900358191113,
		1.0
	],
	"intrinsic" : 
	{
		"height" : 1536,
		"intrinsic_matrix" : 
		[
			973.43609619140591,
			0.0,
			0.0,
			0.0,
			973.43609619140591,
			0.0,
			1023.5,
			767.5,
			1.0
		],
		"width" : 2048
	},
	"version_major" : 1,
	"version_minor" : 0
}