{
	"class_name" : "PinholeCameraParameters",
	"extrinsic" : 
	[
		-0.62465378301139984,
		0.71896292488190694,
		0.30479495405075274,
		0.0,
		-0.38773261151801225,
		-0.62435254185651534,
		0.6781204357949483,
		0.0,
		0.67784295624795665,
		0.30541155204504261,
		0.66876954965254587,
		0.0,
		0.1300387502697512,
		0.14026630755234371,
		1.7997960114168263,
		1.0
	],
	"intrinsic" : 
	{
		"height" : 1536,
		"intrinsic_matrix" : 
		[
			973.43609619140591,
			0.0,
			0.0,
			0.0,
			973.43609619140591,
			0.0,
			1023.5,
			767.5,
			1.0
		],
		"width" : 2048
	},
	"version_major" : 1,
	"version_minor" : 0
}