{
	"class_name" : "PinholeCameraParameters",
	"extrinsic" : 
	[
		-0.2289650500326133,
		-0.89656082605449028,
		-0.37914863978135682,
		0.0,
		0.060226179990956072,
		0.37570224779580419,
		-0.92478139484143884,
		0.0,
		0.97156976749344148,
		-0.23457729256189813,
		-0.032026250281133595,
		0.0,
		0.24024378603144775,
		-0.13569278448999203,
		1.4072607186444182,
		1.0
	],
	"intrinsic" : 
	{
		"height" : 1536,
		"intrinsic_matrix" : 
		[
			973.43609619140591,
			0.0,
			0.0,
			0.0,
			973.43609619140591,
			0.0,
			1023.5,
			767.5,
			1.0
		],
		"width" : 2048
	},
	"version_major" : 1,
	"version_minor" : 0
}