{
	"class_name" : "PinholeCameraParameters",
	"extrinsic" : 
	[
		-0.69309817689650621,
		0.49660339433066092,
		0.52249400563260595,
		0.0,
		-0.61112836250576796,
		-0.78921064653447814,
		-0.060569628838633309,
		0.0,
		0.38227874872108447,
		-0.36129160540468874,
		0.85048887949246266,
		0.0,
		0.045838631274484065,
		-0.055397385105571129,
		1.8663788214202623,
		1.0
	],
	"intrinsic" : 
	{
		"height" : 1536,
		"intrinsic_matrix" : 
		[
			973.43609619140591,
			0.0,
			0.0,
			0.0,
			973.43609619140591,
			0.0,
			1023.5,
			767.5,
			1.0
		],
		"width" : 2048
	},
	"version_major" : 1,
	"version_minor" : 0
}