{
	"class_name" : "PinholeCameraParameters",
	"extrinsic" : 
	[
		-0.86598081318743947,
		0.49660339433066081,
		-0.058841311427324183,
		0.0,
		-0.4222812470600949,
		-0.78921064653447803,
		-0.44589808676198894,
		0.0,
		-0.26787269284604637,
		-0.36129160540468874,
		0.89314757811433965,
		0.0,
		-0.14159976457263757,
		-0.05539738510557124,
		1.8306722734249596,
		1.0
	],
	"intrinsic" : 
	{
		"height" : 1536,
		"intrinsic_matrix" : 
		[
			973.43609619140591,
			0.0,
			0.0,
			0.0,
			973.43609619140591,
			0.0,
			1023.5,
			767.5,
			1.0
		],
		"width" : 2048
	},
	"version_major" : 1,
	"version_minor" : 0
}