{
	"class_name" : "PinholeCameraParameters",
	"extrinsic" : 
	[
		-0.83888613269934154,
		0.49660339433066092,
		-0.22283429965785975,
		0.0,
		-0.32954199985149774,
		-0.78921064653447814,
		-0.51821677484476192,
		0.0,
		-0.43321141109003369,
		-0.36129160540468874,
		0.82570954285722331,
		0.0,
		-0.1835112132622243,
		-0.055397385105571129,
		1.7993994982149519,
		1.0
	],
	"intrinsic" : 
	{
		"height" : 1536,
		"intrinsic_matrix" : 
		[
			973.43609619140591,
			0.0,
			0.0,
			0.0,
			973.43609619140591,
			0.0,
			1023.5,
			767.5,
			1.0
		],
		"width" : 2048
	},
	"version_major" : 1,
	"version_minor" : 0
}