{
	"class_name" : "PinholeCameraParameters",
	"extrinsic" : 
	[
		-0.6130657055377442,
		0.49660339433066097,
		-0.61443918285927546,
		0.0,
		-0.024268950959512953,
		-0.78921064653447814,
		-0.61364287123371353,
		0.0,
		-0.78965907752196007,
		-0.36129160540468874,
		0.49589002525889747,
		0.0,
		-0.26030706657632785,
		-0.055397385105571295,
		1.6796975900236624,
		1.0
	],
	"intrinsic" : 
	{
		"height" : 1536,
		"intrinsic_matrix" : 
		[
			973.43609619140591,
			0.0,
			0.0,
			0.0,
			973.43609619140591,
			0.0,
			1023.5,
			767.5,
			1.0
		],
		"width" : 2048
	},
	"version_major" : 1,
	"version_minor" : 0
}