{
	"class_name" : "PinholeCameraParameters",
	"extrinsic" : 
	[
		-0.4226732901348022,
		0.49660339433066092,
		-0.75811104631570136,
		0.0,
		0.14367561159733155,
		-0.78921064653447792,
		-0.59707945369838678,
		0.0,
		-0.89482099239945989,
		-0.36129160540468874,
		0.26222846417837375,
		0.0,
		-0.27293907147506691,
		-0.055397385105571323,
		1.605728697614587,
		1.0
	],
	"intrinsic" : 
	{
		"height" : 1536,
		"intrinsic_matrix" : 
		[
			973.43609619140591,
			0.0,
			0.0,
			0.0,
			973.43609619140591,
			0.0,
			1023.5,
			767.5,
			1.0
		],
		"width" : 2048
	},
	"version_major" : 1,
	"version_minor" : 0
}