{
	"class_name" : "PinholeCameraParameters",
	"extrinsic" : 
	[
		-0.39158104077916495,
		0.49660339433066086,
		-0.77462852854873099,
		0.0,
		0.16777145380265324,
		-0.78921064653447803,
		-0.5907616225564889,
		0.0,
		-0.90471930884183638,
		-0.36129160540468874,
		0.22572405293378128,
		0.0,
		-0.27306119252513594,
		-0.055397385105571073,
		1.594652858877899,
		1.0
	],
	"intrinsic" : 
	{
		"height" : 1536,
		"intrinsic_matrix" : 
		[
			973.43609619140591,
			0.0,
			0.0,
			0.0,
			973.43609619140591,
			0.0,
			1023.5,
			767.5,
			1.0
		],
		"width" : 2048
	},
	"version_major" : 1,
	"version_minor" : 0
}