{
	"class_name" : "PinholeCameraParameters",
	"extrinsic" : 
	[
		0.56870084077169247,
		0.49660339433066092,
		-0.65571672423756011,
		0.0,
		0.61030257363162355,
		-0.78921064653447814,
		-0.068390964426947087,
		0.0,
		-0.55146180495496433,
		-0.3612916054046888,
		-0.75190308786433091,
		0.0,
		-0.10104595804441685,
		-0.055397385105571295,
		1.3434908979801721,
		1.0
	],
	"intrinsic" : 
	{
		"height" : 1536,
		"intrinsic_matrix" : 
		[
			973.43609619140591,
			0.0,
			0.0,
			0.0,
			973.43609619140591,
			0.0,
			1023.5,
			767.5,
			1.0
		],
		"width" : 2048
	},
	"version_major" : 1,
	"version_minor" : 0
}