{
	"class_name" : "PinholeCameraParameters",
	"extrinsic" : 
	[
		0.59313241565782426,
		0.49660339433066081,
		-0.63370261656014981,
		0.0,
		0.61245529084958883,
		-0.78921064653447803,
		-0.045222473472563127,
		0.0,
		-0.5225824855525294,
		-0.36129160540468874,
		-0.77225379355354618,
		0.0,
		-0.091363185839692829,
		-0.055397385105571295,
		1.3398451806725094,
		1.0
	],
	"intrinsic" : 
	{
		"height" : 1536,
		"intrinsic_matrix" : 
		[
			973.43609619140591,
			0.0,
			0.0,
			0.0,
			973.43609619140591,
			0.0,
			1023.5,
			767.5,
			1.0
		],
		"width" : 2048
	},
	"version_major" : 1,
	"version_minor" : 0
}