{
	"class_name" : "PinholeCameraParameters",
	"extrinsic" : 
	[
		0.84818333786500488,
		0.49660339433066092,
		0.18430977756875852,
		0.0,
		0.35285330687913907,
		-0.78921064653447814,
		0.50263416041996922,
		0.0,
		0.39506906888876442,
		-0.3612916054046888,
		-0.84462347035319085,
		0.0,
		0.17408934231968204,
		-0.055397385105571295,
		1.3867960456400772,
		1.0
	],
	"intrinsic" : 
	{
		"height" : 1536,
		"intrinsic_matrix" : 
		[
			973.43609619140591,
			0.0,
			0.0,
			0.0,
			973.43609619140591,
			0.0,
			1023.5,
			767.5,
			1.0
		],
		"width" : 2048
	},
	"version_major" : 1,
	"version_minor" : 0
}