{
	"class_name" : "PinholeCameraParameters",
	"extrinsic" : 
	[
		0.2347250211910922,
		0.49660339433066092,
		0.83563702237640691,
		0.0,
		-0.27862791533085385,
		-0.78921064653447803,
		0.5472778455181736,
		0.0,
		0.93127367042412612,
		-0.36129160540468885,
		-0.046879917223462915,
		0.0,
		0.26744005499005674,
		-0.055397385105571309,
		1.6523587993545279,
		1.0
	],
	"intrinsic" : 
	{
		"height" : 1536,
		"intrinsic_matrix" : 
		[
			973.43609619140591,
			0.0,
			0.0,
			0.0,
			973.43609619140591,
			0.0,
			1023.5,
			767.5,
			1.0
		],
		"width" : 2048
	},
	"version_major" : 1,
	"version_minor" : 0
}