{
	"class_name" : "PinholeCameraParameters",
	"extrinsic" : 
	[
		-0.21475052230994277,
		-0.89656082605449028,
		-0.38737694607719875,
		0.0,
		0.094471460788133566,
		0.37570224779580419,
		-0.92191266619877632,
		0.0,
		0.97208917094275005,
		-0.23457729256189813,
		0.0040171569756149231,
		0.0,
		0.24151839294866517,
		-0.13569278448999211,
		1.416194565048484,
		1.0
	],
	"intrinsic" : 
	{
		"height" : 1536,
		"intrinsic_matrix" : 
		[
			973.43609619140591,
			0.0,
			0.0,
			0.0,
			973.43609619140591,
			0.0,
			1023.5,
			767.5,
			1.0
		],
		"width" : 2048
	},
	"version_major" : 1,
	"version_minor" : 0
}