{
	"class_name" : "PinholeCameraParameters",
	"extrinsic" : 
	[
		-0.68314505722989061,
		0.23398410233322847,
		0.69178339864272742,
		0.0,
		-0.61215977238769603,
		-0.70001610123732483,
		-0.36774702048927532,
		0.0,
		0.39821256114368564,
		-0.67470652721298663,
		0.62144819436826571,
		0.0,
		0.050895331354752715,
		-0.16034215986932798,
		1.8193016925191117,
		1.0
	],
	"intrinsic" : 
	{
		"height" : 1536,
		"intrinsic_matrix" : 
		[
			973.43609619140591,
			0.0,
			0.0,
			0.0,
			973.43609619140591,
			0.0,
			1023.5,
			767.5,
			1.0
		],
		"width" : 2048
	},
	"version_major" : 1,
	"version_minor" : 0
}