{
	"class_name" : "PinholeCameraParameters",
	"extrinsic" : 
	[
		-0.91497841389774748,
		0.2339841023332285,
		0.32873384668524125,
		0.0,
		-0.39319231424047557,
		-0.70001610123732494,
		-0.59613527158751012,
		0.0,
		0.090632809309772161,
		-0.67470652721298663,
		0.73250037270489488,
		0.0,
		-0.050066936655736471,
		-0.16034215986932776,
		1.8194898809349356,
		1.0
	],
	"intrinsic" : 
	{
		"height" : 1536,
		"intrinsic_matrix" : 
		[
			973.43609619140591,
			0.0,
			0.0,
			0.0,
			973.43609619140591,
			0.0,
			1023.5,
			767.5,
			1.0
		],
		"width" : 2048
	},
	"version_major" : 1,
	"version_minor" : 0
}