{
	"class_name" : "PinholeCameraParameters",
	"extrinsic" : 
	[
		-0.67090300368472311,
		0.2339841023332285,
		-0.70366227659448233,
		0.0,
		0.3860100519881981,
		-0.70001610123732494,
		-0.60081086688954277,
		0.0,
		-0.63315511481064812,
		-0.67470652721298663,
		0.37932268944172914,
		0.0,
		-0.22355255872318491,
		-0.16034215986932804,
		1.6413657771078205,
		1.0
	],
	"intrinsic" : 
	{
		"height" : 1536,
		"intrinsic_matrix" : 
		[
			973.43609619140591,
			0.0,
			0.0,
			0.0,
			973.43609619140591,
			0.0,
			1023.5,
			767.5,
			1.0
		],
		"width" : 2048
	},
	"version_major" : 1,
	"version_minor" : 0
}