{
	"class_name" : "PinholeCameraParameters",
	"extrinsic" : 
	[
		0.37585638186476927,
		0.23398410233322856,
		-0.89665122543095765,
		0.0,
		0.70514459436269472,
		-0.70001610123732494,
		0.11290951709030639,
		0.0,
		-0.60125126299459508,
		-0.67470652721298663,
		-0.42809814398522661,
		0.0,
		-0.13006335431661403,
		-0.16034215986932793,
		1.4100668626228894,
		1.0
	],
	"intrinsic" : 
	{
		"height" : 1536,
		"intrinsic_matrix" : 
		[
			973.43609619140591,
			0.0,
			0.0,
			0.0,
			973.43609619140591,
			0.0,
			1023.5,
			767.5,
			1.0
		],
		"width" : 2048
	},
	"version_major" : 1,
	"version_minor" : 0
}