{
	"class_name" : "PinholeCameraParameters",
	"extrinsic" : 
	[
		0.86753561916039701,
		0.23398410233322853,
		-0.43890020430993198,
		0.0,
		0.46360657356613288,
		-0.70001610123732494,
		0.54318174026265398,
		0.0,
		-0.18014131795414595,
		-0.67470652721298663,
		-0.71576546976082522,
		0.0,
		0.022311314139215638,
		-0.16034215986932787,
		1.3703982734905713,
		1.0
	],
	"intrinsic" : 
	{
		"height" : 1536,
		"intrinsic_matrix" : 
		[
			973.43609619140591,
			0.0,
			0.0,
			0.0,
			973.43609619140591,
			0.0,
			1023.5,
			767.5,
			1.0
		],
		"width" : 2048
	},
	"version_major" : 1,
	"version_minor" : 0
}