{
	"class_name" : "PinholeCameraParameters",
	"extrinsic" : 
	[
		0.92738661318146143,
		0.23398410233322853,
		-0.29189982793268598,
		0.0,
		0.36905082108117299,
		-0.70001610123732494,
		0.61137463920889568,
		0.0,
		-0.061282633356689917,
		-0.67470652721298663,
		-0.735537586384993,
		0.0,
		0.058912537943053372,
		-0.16034215986932776,
		1.3770503370796026,
		1.0
	],
	"intrinsic" : 
	{
		"height" : 1536,
		"intrinsic_matrix" : 
		[
			973.43609619140591,
			0.0,
			0.0,
			0.0,
			973.43609619140591,
			0.0,
			1023.5,
			767.5,
			1.0
		],
		"width" : 2048
	},
	"version_major" : 1,
	"version_minor" : 0
}