{
	"class_name" : "PinholeCameraParameters",
	"extrinsic" : 
	[
		0.86682132603475903,
		0.23398410233322847,
		0.44030924199550414,
		0.0,
		-0.16408392564805269,
		-0.70001610123732494,
		0.6950208078557214,
		0.0,
		0.47084737874949084,
		-0.67470652721298663,
		-0.56839585507014823,
		0.0,
		0.19610925560601428,
		-0.16034215986932782,
		1.4811237090587452,
		1.0
	],
	"intrinsic" : 
	{
		"height" : 1536,
		"intrinsic_matrix" : 
		[
			973.43609619140591,
			0.0,
			0.0,
			0.0,
			973.43609619140591,
			0.0,
			1023.5,
			767.5,
			1.0
		],
		"width" : 2048
	},
	"version_major" : 1,
	"version_minor" : 0
}