{
	"class_name" : "PinholeCameraParameters",
	"extrinsic" : 
	[
		0.82386229230998198,
		0.23398410233322853,
		0.5162386688006384,
		0.0,
		-0.22572514714931288,
		-0.70001610123732494,
		0.67751429206542679,
		0.0,
		0.51990295368863126,
		-0.67470652721298652,
		-0.52390077388951106,
		0.0,
		0.20572313188211522,
		-0.16034215986932782,
		1.4991701977823924,
		1.0
	],
	"intrinsic" : 
	{
		"height" : 1536,
		"intrinsic_matrix" : 
		[
			973.43609619140591,
			0.0,
			0.0,
			0.0,
			973.43609619140591,
			0.0,
			1023.5,
			767.5,
			1.0
		],
		"width" : 2048
	},
	"version_major" : 1,
	"version_minor" : 0
}