{
	"class_name" : "PinholeCameraParameters",
	"extrinsic" : 
	[
		0.76523425982640048,
		0.23398410233322847,
		0.59972324237372554,
		0.0,
		-0.29547423622261559,
		-0.70001610123732505,
		0.65013262780540182,
		0.0,
		0.57193662526245259,
		-0.67470652721298652,
		-0.46654002917176196,
		0.0,
		0.21486044888483058,
		-0.16034215986932793,
		1.5212659230830137,
		1.0
	],
	"intrinsic" : 
	{
		"height" : 1536,
		"intrinsic_matrix" : 
		[
			973.43609619140591,
			0.0,
			0.0,
			0.0,
			973.43609619140591,
			0.0,
			1023.5,
			767.5,
			1.0
		],
		"width" : 2048
	},
	"version_major" : 1,
	"version_minor" : 0
}