{
	"class_name" : "PinholeCameraParameters",
	"extrinsic" : 
	[
		-0.10737930612668274,
		0.23398410233322847,
		0.96629246321756312,
		0.0,
		-0.70833192506296971,
		-0.70001610123732505,
		0.09079285183913266,
		0.0,
		0.69766436669242304,
		-0.67470652721298652,
		0.24090565286819629,
		0.0,
		0.17760501089149516,
		-0.16034215986932793,
		1.7399550991532675,
		1.0
	],
	"intrinsic" : 
	{
		"height" : 1536,
		"intrinsic_matrix" : 
		[
			973.43609619140591,
			0.0,
			0.0,
			0.0,
			973.43609619140591,
			0.0,
			1023.5,
			767.5,
			1.0
		],
		"width" : 2048
	},
	"version_major" : 1,
	"version_minor" : 0
}