{
	"class_name" : "PinholeCameraParameters",
	"extrinsic" : 
	[
		-0.32128480553927585,
		-0.0,
		-0.94698261532595729,
		0.0,
		0.0,
		-1.0,
		-0.0,
		0.0,
		-0.94698261532595729,
		-0.0,
		0.32128480553927585,
		0.0,
		-0.27850323669478716,
		0.00059831142425537109,
		1.4546540112220547,
		1.0
	],
	"intrinsic" : 
	{
		"height" : 1536,
		"intrinsic_matrix" : 
		[
			973.43609619140591,
			0.0,
			0.0,
			0.0,
			973.43609619140591,
			0.0,
			1023.5,
			767.5,
			1.0
		],
		"width" : 2048
	},
	"version_major" : 1,
	"version_minor" : 0
}