{
	"class_name" : "PinholeCameraParameters",
	"extrinsic" : 
	[
		0.2299698451751257,
		-0.54369406265972453,
		-0.80716208814505919,
		0.0,
		0.84749227104269709,
		0.5195938656458956,
		-0.10853140239602027,
		0.0,
		0.47840434867695403,
		-0.65910468137596967,
		0.58026743675245207,
		0.0,
		0.14569521509641731,
		-0.22019632640880638,
		1.5351122885130011,
		1.0
	],
	"intrinsic" : 
	{
		"height" : 1536,
		"intrinsic_matrix" : 
		[
			973.43609619140591,
			0.0,
			0.0,
			0.0,
			973.43609619140591,
			0.0,
			1023.5,
			767.5,
			1.0
		],
		"width" : 2048
	},
	"version_major" : 1,
	"version_minor" : 0
}