{
	"class_name" : "PinholeCameraParameters",
	"extrinsic" : 
	[
		-0.48923614677933552,
		0.045214262291241231,
		0.87097856642397775,
		0.0,
		-0.68448137483991967,
		-0.63879653782147172,
		-0.35131784862792653,
		0.0,
		0.54049351539288804,
		-0.76804599715951916,
		0.34347067715523838,
		0.0,
		0.1046337217129672,
		-0.20061341923976778,
		1.7901007235264583,
		1.0
	],
	"intrinsic" : 
	{
		"height" : 1536,
		"intrinsic_matrix" : 
		[
			973.43609619140591,
			0.0,
			0.0,
			0.0,
			973.43609619140591,
			0.0,
			1023.5,
			767.5,
			1.0
		],
		"width" : 2048
	},
	"version_major" : 1,
	"version_minor" : 0
}