{
	"class_name" : "PinholeCameraParameters",
	"extrinsic" : 
	[
		-0.70855709588343574,
		0.045214262291241203,
		0.70420345949071472,
		0.0,
		-0.56247558579211465,
		-0.63879653782147172,
		-0.52493828080558069,
		0.0,
		0.42610803472951481,
		-0.76804599715951916,
		0.4780557383675994,
		0.0,
		0.056231547758508971,
		-0.20061341923976783,
		1.8124988483132638,
		1.0
	],
	"intrinsic" : 
	{
		"height" : 1536,
		"intrinsic_matrix" : 
		[
			973.43609619140591,
			0.0,
			0.0,
			0.0,
			973.43609619140591,
			0.0,
			1023.5,
			767.5,
			1.0
		],
		"width" : 2048
	},
	"version_major" : 1,
	"version_minor" : 0
}