{
	"class_name" : "PinholeCameraParameters",
	"extrinsic" : 
	[
		-0.99883691072579728,
		0.045214262291241203,
		-0.016748022486391678,
		0.0,
		-0.016018616736653314,
		-0.63879653782147161,
		-0.76920893597588003,
		0.0,
		-0.045477793367643161,
		-0.76804599715951916,
		0.63877783035860758,
		0.0,
		-0.093388246115872042,
		-0.20061341923976794,
		1.7968093374900906,
		1.0
	],
	"intrinsic" : 
	{
		"height" : 1536,
		"intrinsic_matrix" : 
		[
			973.43609619140591,
			0.0,
			0.0,
			0.0,
			973.43609619140591,
			0.0,
			1023.5,
			767.5,
			1.0
		],
		"width" : 2048
	},
	"version_major" : 1,
	"version_minor" : 0
}