{
	"class_name" : "PinholeCameraParameters",
	"extrinsic" : 
	[
		-0.99585213579886167,
		0.04521426229124121,
		-0.078956912998828385,
		0.0,
		0.031944934313393514,
		-0.63879653782147172,
		-0.768712237732049,
		0.0,
		-0.085194159404026554,
		-0.76804599715951916,
		0.63470252989150855,
		0.0,
		-0.10375798749103732,
		-0.20061341923976772,
		1.7906608861899946,
		1.0
	],
	"intrinsic" : 
	{
		"height" : 1536,
		"intrinsic_matrix" : 
		[
			973.43609619140591,
			0.0,
			0.0,
			0.0,
			973.43609619140591,
			0.0,
			1023.5,
			767.5,
			1.0
		],
		"width" : 2048
	},
	"version_major" : 1,
	"version_minor" : 0
}