{
	"class_name" : "PinholeCameraParameters",
	"extrinsic" : 
	[
		-0.81082948415785128,
		0.045214262291241293,
		-0.58353339073764399,
		0.0,
		0.42563166006453229,
		-0.63879653782147161,
		-0.64091861668858685,
		0.0,
		-0.40173777214872819,
		-0.76804599715951927,
		0.49871044572599088,
		0.0,
		-0.173292643877269,
		-0.20061341923976805,
		1.7132851990811144,
		1.0
	],
	"intrinsic" : 
	{
		"height" : 1536,
		"intrinsic_matrix" : 
		[
			973.43609619140591,
			0.0,
			0.0,
			0.0,
			973.43609619140591,
			0.0,
			1023.5,
			767.5,
			1.0
		],
		"width" : 2048
	},
	"version_major" : 1,
	"version_minor" : 0
}