{
	"class_name" : "PinholeCameraParameters",
	"extrinsic" : 
	[
		-0.051276838754201762,
		0.045214262291241231,
		-0.99766044137914711,
		0.0,
		0.76633473496293381,
		-0.63879653782147172,
		-0.068337817177543114,
		0.0,
		-0.6403918798647168,
		-0.76804599715951916,
		-0.0018937926428889695,
		0.0,
		-0.17528765681096681,
		-0.20061341923976789,
		1.5458388783672903,
		1.0
	],
	"intrinsic" : 
	{
		"height" : 1536,
		"intrinsic_matrix" : 
		[
			973.43609619140591,
			0.0,
			0.0,
			0.0,
			973.43609619140591,
			0.0,
			1023.5,
			767.5,
			1.0
		],
		"width" : 2048
	},
	"version_major" : 1,
	"version_minor" : 0
}