{
	"class_name" : "PinholeCameraParameters",
	"extrinsic" : 
	[
		0.84072804081630137,
		0.045214262291241231,
		-0.53956652219225254,
		0.0,
		0.43959308842884687,
		-0.63879653782147172,
		0.63142450053263632,
		0.0,
		-0.31612383331658461,
		-0.76804599715951916,
		-0.55693003892452086,
		0.0,
		-0.01609341095649941,
		-0.20061341923976794,
		1.4347864115868612,
		1.0
	],
	"intrinsic" : 
	{
		"height" : 1536,
		"intrinsic_matrix" : 
		[
			973.43609619140591,
			0.0,
			0.0,
			0.0,
			973.43609619140591,
			0.0,
			1023.5,
			767.5,
			1.0
		],
		"width" : 2048
	},
	"version_major" : 1,
	"version_minor" : 0
}