{
	"class_name" : "PinholeCameraParameters",
	"extrinsic" : 
	[
		0.99176401609394083,
		0.045214262291241231,
		-0.11983241158666702,
		0.0,
		0.1209288591273706,
		-0.63879653782147172,
		0.7598126047239897,
		0.0,
		-0.042194163238178831,
		-0.76804599715951916,
		-0.63900312897189315,
		0.0,
		0.069386430822404296,
		-0.20061341923976794,
		1.4469932302797712,
		1.0
	],
	"intrinsic" : 
	{
		"height" : 1536,
		"intrinsic_matrix" : 
		[
			973.43609619140591,
			0.0,
			0.0,
			0.0,
			973.43609619140591,
			0.0,
			1023.5,
			767.5,
			1.0
		],
		"width" : 2048
	},
	"version_major" : 1,
	"version_minor" : 0
}