{
	"class_name" : "PinholeCameraParameters",
	"extrinsic" : 
	[
		0.99818642726629958,
		0.045214262291241238,
		0.039743262407602731,
		0.0,
		-0.0016977911419336217,
		-0.63879653782147161,
		0.76937383681311888,
		0.0,
		0.06017452888539386,
		-0.76804599715951927,
		-0.63756126946408909,
		0.0,
		0.097262414067284558,
		-0.20061341923976794,
		1.4603569307841582,
		1.0
	],
	"intrinsic" : 
	{
		"height" : 1536,
		"intrinsic_matrix" : 
		[
			973.43609619140591,
			0.0,
			0.0,
			0.0,
			973.43609619140591,
			0.0,
			1023.5,
			767.5,
			1.0
		],
		"width" : 2048
	},
	"version_major" : 1,
	"version_minor" : 0
}