{
	"class_name" : "PinholeCameraParameters",
	"extrinsic" : 
	[
		0.92828788563260589,
		0.045214262291241238,
		0.36910333495269992,
		0.0,
		-0.2572026722557621,
		-0.63879653782147161,
		0.72511086645546585,
		0.0,
		0.2685672853722903,
		-0.76804599715951927,
		-0.58135785835834253,
		0.0,
		0.14726153381817506,
		-0.20061341923976805,
		1.5021620172446051,
		1.0
	],
	"intrinsic" : 
	{
		"height" : 1536,
		"intrinsic_matrix" : 
		[
			973.43609619140591,
			0.0,
			0.0,
			0.0,
			973.43609619140591,
			0.0,
			1023.5,
			767.5,
			1.0
		],
		"width" : 2048
	},
	"version_major" : 1,
	"version_minor" : 0
}