{
	"class_name" : "PinholeCameraParameters",
	"extrinsic" : 
	[
		0.28961623838713935,
		-0.54369406265972464,
		-0.78773041117570619,
		0.0,
		0.85323137003948368,
		0.5195938656458956,
		-0.044927096096907593,
		0.0,
		0.43372648483004755,
		-0.65910468137596967,
		0.61437965082288659,
		0.0,
		0.13863929590475482,
		-0.22019632640880615,
		1.5457459381502927,
		1.0
	],
	"intrinsic" : 
	{
		"height" : 1536,
		"intrinsic_matrix" : 
		[
			973.43609619140591,
			0.0,
			0.0,
			0.0,
			973.43609619140591,
			0.0,
			1023.5,
			767.5,
			1.0
		],
		"width" : 2048
	},
	"version_major" : 1,
	"version_minor" : 0
}