{
	"class_name" : "PinholeCameraParameters",
	"extrinsic" : 
	[
		0.36872433655775039,
		-0.43357756980380913,
		0.82222433349607815,
		0.0,
		-0.70387265568286395,
		-0.70798010082672203,
		-0.057684152202637506,
		0.0,
		0.60712902105895028,
		-0.55747167443414358,
		-0.56623288847575171,
		0.0,
		0.19221785939038499,
		-0.18341737241930195,
		1.5435328971584319,
		1.0
	],
	"intrinsic" : 
	{
		"height" : 1536,
		"intrinsic_matrix" : 
		[
			973.43609619140591,
			0.0,
			0.0,
			0.0,
			973.43609619140591,
			0.0,
			1023.5,
			767.5,
			1.0
		],
		"width" : 2048
	},
	"version_major" : 1,
	"version_minor" : 0
}