{
	"class_name" : "PinholeCameraParameters",
	"extrinsic" : 
	[
		-0.055312326128992423,
		-0.43357756980380902,
		0.89941705428639895,
		0.0,
		-0.59656941339144387,
		-0.70798010082672203,
		-0.37798030615254707,
		0.0,
		0.80065315935427916,
		-0.55747167443414347,
		-0.21949909024778161,
		0.0,
		0.20922025023843741,
		-0.18341737241930178,
		1.6424062615479433,
		1.0
	],
	"intrinsic" : 
	{
		"height" : 1536,
		"intrinsic_matrix" : 
		[
			973.43609619140591,
			0.0,
			0.0,
			0.0,
			973.43609619140591,
			0.0,
			1023.5,
			767.5,
			1.0
		],
		"width" : 2048
	},
	"version_major" : 1,
	"version_minor" : 0
}