{
	"class_name" : "PinholeCameraParameters",
	"extrinsic" : 
	[
		-0.41038702295487978,
		-0.43357756980380913,
		0.80224247104803303,
		0.0,
		-0.39562702136882538,
		-0.70798010082672203,
		-0.58501575773325598,
		0.0,
		0.82162141607498418,
		-0.55747167443414347,
		0.11901084341575907,
		0.0,
		0.18579424335470152,
		-0.18341737241930184,
		1.7248314761494659,
		1.0
	],
	"intrinsic" : 
	{
		"height" : 1536,
		"intrinsic_matrix" : 
		[
			973.43609619140591,
			0.0,
			0.0,
			0.0,
			973.43609619140591,
			0.0,
			1023.5,
			767.5,
			1.0
		],
		"width" : 2048
	},
	"version_major" : 1,
	"version_minor" : 0
}