{
	"class_name" : "PinholeCameraParameters",
	"extrinsic" : 
	[
		-0.52487391883191836,
		-0.43357756980380913,
		0.73247379495313536,
		0.0,
		-0.3044490742875825,
		-0.70798010082672191,
		-0.63724009446896757,
		0.0,
		0.79486988274525716,
		-0.55747167443414347,
		0.2395980002173089,
		0.0,
		0.16929456963493056,
		-0.18341737241930195,
		1.7513204219308054,
		1.0
	],
	"intrinsic" : 
	{
		"height" : 1536,
		"intrinsic_matrix" : 
		[
			973.43609619140591,
			0.0,
			0.0,
			0.0,
			973.43609619140591,
			0.0,
			1023.5,
			767.5,
			1.0
		],
		"width" : 2048
	},
	"version_major" : 1,
	"version_minor" : 0
}