{
	"class_name" : "PinholeCameraParameters",
	"extrinsic" : 
	[
		-0.86528370906369889,
		-0.43357756980380913,
		0.25158416840491227,
		0.0,
		0.15438243045737202,
		-0.70798010082672203,
		-0.68915182797367613,
		0.0,
		0.47691735971239602,
		-0.55747167443414347,
		0.67954040660475046,
		0.0,
		0.056589359969474895,
		-0.183417372419302,
		1.8294592145187667,
		1.0
	],
	"intrinsic" : 
	{
		"height" : 1536,
		"intrinsic_matrix" : 
		[
			973.43609619140591,
			0.0,
			0.0,
			0.0,
			973.43609619140591,
			0.0,
			1023.5,
			767.5,
			1.0
		],
		"width" : 2048
	},
	"version_major" : 1,
	"version_minor" : 0
}