{
	"class_name" : "PinholeCameraParameters",
	"extrinsic" : 
	[
		-0.89166476954782592,
		-0.43357756980380913,
		0.13017077133613955,
		0.0,
		0.24770951692836712,
		-0.70798010082672214,
		-0.66136538468270301,
		0.0,
		0.37891151205833995,
		-0.55747167443414347,
		0.73868220381518268,
		0.0,
		0.028269452424819153,
		-0.18341737241930189,
		1.8353233572693586,
		1.0
	],
	"intrinsic" : 
	{
		"height" : 1536,
		"intrinsic_matrix" : 
		[
			973.43609619140591,
			0.0,
			0.0,
			0.0,
			973.43609619140591,
			0.0,
			1023.5,
			767.5,
			1.0
		],
		"width" : 2048
	},
	"version_major" : 1,
	"version_minor" : 0
}