{
	"class_name" : "PinholeCameraParameters",
	"extrinsic" : 
	[
		-0.65855512985482167,
		-0.43357756980380913,
		-0.61507368006192731,
		0.0,
		0.67122170131600245,
		-0.70798010082672214,
		-0.21960328894585288,
		0.0,
		-0.34024486568403967,
		-0.55747167443414347,
		0.75727060129074231,
		0.0,
		-0.14466142561764467,
		-0.18341737241930189,
		1.7793697004735389,
		1.0
	],
	"intrinsic" : 
	{
		"height" : 1536,
		"intrinsic_matrix" : 
		[
			973.43609619140591,
			0.0,
			0.0,
			0.0,
			973.43609619140591,
			0.0,
			1023.5,
			767.5,
			1.0
		],
		"width" : 2048
	},
	"version_major" : 1,
	"version_minor" : 0
}