{
	"class_name" : "PinholeCameraParameters",
	"extrinsic" : 
	[
		-0.10142143928484243,
		-0.43357756980380907,
		-0.89539051961499694,
		0.0,
		0.65305512478664851,
		-0.70798010082672203,
		0.26885531578021593,
		0.0,
		-0.75048830480113826,
		-0.55747167443414347,
		0.3549544147637923,
		0.0,
		-0.20863965520645433,
		-0.18341737241930189,
		1.6490548376095302,
		1.0
	],
	"intrinsic" : 
	{
		"height" : 1536,
		"intrinsic_matrix" : 
		[
			973.43609619140591,
			0.0,
			0.0,
			0.0,
			973.43609619140591,
			0.0,
			1023.5,
			767.5,
			1.0
		],
		"width" : 2048
	},
	"version_major" : 1,
	"version_minor" : 0
}