{
	"class_name" : "PinholeCameraParameters",
	"extrinsic" : 
	[
		0.74194037092066589,
		-0.43357756980380902,
		-0.51140490510077052,
		0.0,
		0.070620452617188897,
		-0.70798010082672203,
		0.70269262733113125,
		0.0,
		-0.66673625795380909,
		-0.55747167443414358,
		-0.4946595743876227,
		0.0,
		-0.11734523447830231,
		-0.183417372419302,
		1.4536296877731743,
		1.0
	],
	"intrinsic" : 
	{
		"height" : 1536,
		"intrinsic_matrix" : 
		[
			973.43609619140591,
			0.0,
			0.0,
			0.0,
			973.43609619140591,
			0.0,
			1023.5,
			767.5,
			1.0
		],
		"width" : 2048
	},
	"version_major" : 1,
	"version_minor" : 0
}