{
	"class_name" : "PinholeCameraParameters",
	"extrinsic" : 
	[
		0.86841434534378159,
		-0.43357756980380896,
		0.24055563964321131,
		0.0,
		-0.49343592725357427,
		-0.70798010082672191,
		0.50525752100170662,
		0.0,
		-0.048759722071979594,
		-0.55747167443414369,
		-0.82876282596835593,
		0.0,
		0.057967013902764389,
		-0.183417372419302,
		1.4259028281943817,
		1.0
	],
	"intrinsic" : 
	{
		"height" : 1536,
		"intrinsic_matrix" : 
		[
			973.43609619140591,
			0.0,
			0.0,
			0.0,
			973.43609619140591,
			0.0,
			1023.5,
			767.5,
			1.0
		],
		"width" : 2048
	},
	"version_major" : 1,
	"version_minor" : 0
}