{
	"class_name" : "PinholeCameraParameters",
	"extrinsic" : 
	[
		0.804608526541986,
		-0.54369406265972464,
		-0.23875067590375032,
		0.0,
		0.54608949901068493,
		0.5195938656458956,
		0.65712135397764559,
		0.0,
		-0.23321959198616513,
		-0.65910468137596967,
		0.71497527293053165,
		0.0,
		0.0029966750965463307,
		-0.22019632640880638,
		1.6168056329747991,
		1.0
	],
	"intrinsic" : 
	{
		"height" : 1536,
		"intrinsic_matrix" : 
		[
			973.43609619140591,
			0.0,
			0.0,
			0.0,
			973.43609619140591,
			0.0,
			1023.5,
			767.5,
			1.0
		],
		"width" : 2048
	},
	"version_major" : 1,
	"version_minor" : 0
}