{
	"class_name" : "PinholeCameraParameters",
	"extrinsic" : 
	[
		0.21768354098381765,
		-0.55703382869783058,
		0.80145317372319558,
		0.0,
		-0.68261424467309317,
		-0.67379760642189113,
		-0.28290383268791702,
		0.0,
		0.6976042351893581,
		-0.48549984476451308,
		-0.52691387510626875,
		0.0,
		0.20402500341286045,
		-0.17430424425315771,
		1.552455468235566,
		1.0
	],
	"intrinsic" : 
	{
		"height" : 1536,
		"intrinsic_matrix" : 
		[
			973.43609619140591,
			0.0,
			0.0,
			0.0,
			973.43609619140591,
			0.0,
			1023.5,
			767.5,
			1.0
		],
		"width" : 2048
	},
	"version_major" : 1,
	"version_minor" : 0
}