{
	"class_name" : "PinholeCameraParameters",
	"extrinsic" : 
	[
		-0.062203023148159231,
		-0.55703382869783069,
		0.82815704887265529,
		0.0,
		-0.54910289698549752,
		-0.67379760642189113,
		-0.4944520139530878,
		0.0,
		0.83343673571145382,
		-0.48549984476451313,
		-0.26395664094746696,
		0.0,
		0.21736755383010795,
		-0.17430424425315766,
		1.624829900699329,
		1.0
	],
	"intrinsic" : 
	{
		"height" : 1536,
		"intrinsic_matrix" : 
		[
			973.43609619140591,
			0.0,
			0.0,
			0.0,
			973.43609619140591,
			0.0,
			1023.5,
			767.5,
			1.0
		],
		"width" : 2048
	},
	"version_major" : 1,
	"version_minor" : 0
}