{
	"class_name" : "PinholeCameraParameters",
	"extrinsic" : 
	[
		-0.78230717068198707,
		-0.55703382869783069,
		0.27876298962699531,
		0.0,
		0.2294901979344727,
		-0.67379760642189113,
		-0.70237528048197073,
		0.0,
		0.57907662683926475,
		-0.48549984476451302,
		0.65495050269626698,
		0.0,
		0.090520681548113657,
		-0.17430424425315755,
		1.8251258458095494,
		1.0
	],
	"intrinsic" : 
	{
		"height" : 1536,
		"intrinsic_matrix" : 
		[
			973.43609619140591,
			0.0,
			0.0,
			0.0,
			973.43609619140591,
			0.0,
			1023.5,
			767.5,
			1.0
		],
		"width" : 2048
	},
	"version_major" : 1,
	"version_minor" : 0
}