{
	"class_name" : "PinholeCameraParameters",
	"extrinsic" : 
	[
		-0.68227600815757927,
		-0.5570338286978308,
		-0.47351110058666501,
		0.0,
		0.70459259961300558,
		-0.67379760642189113,
		-0.22258942955746433,
		0.0,
		-0.19506080401542969,
		-0.48549984476451302,
		0.85219785465024966,
		0.0,
		-0.10792186202045939,
		-0.17430424425315749,
		1.8161878370998976,
		1.0
	],
	"intrinsic" : 
	{
		"height" : 1536,
		"intrinsic_matrix" : 
		[
			973.43609619140591,
			0.0,
			0.0,
			0.0,
			973.43609619140591,
			0.0,
			1023.5,
			767.5,
			1.0
		],
		"width" : 2048
	},
	"version_major" : 1,
	"version_minor" : 0
}