{
	"class_name" : "PinholeCameraParameters",
	"extrinsic" : 
	[
		-0.48006642268968108,
		-0.5570338286978308,
		-0.67767952860638225,
		0.0,
		0.73827153276655044,
		-0.67379760642189113,
		0.030853354544665645,
		0.0,
		-0.47380520650628249,
		-0.48549984476451308,
		0.73470982504739446,
		0.0,
		-0.16576953943575035,
		-0.1743042442531576,
		1.7681132407375366,
		1.0
	],
	"intrinsic" : 
	{
		"height" : 1536,
		"intrinsic_matrix" : 
		[
			973.43609619140591,
			0.0,
			0.0,
			0.0,
			973.43609619140591,
			0.0,
			1023.5,
			767.5,
			1.0
		],
		"width" : 2048
	},
	"version_major" : 1,
	"version_minor" : 0
}