{
	"class_name" : "PinholeCameraParameters",
	"extrinsic" : 
	[
		0.17363618116922253,
		-0.55703382869783069,
		-0.81213532756259577,
		0.0,
		0.47718528528075371,
		-0.67379760642189113,
		0.56417283618733016,
		0.0,
		-0.86147819479107812,
		-0.48549984476451302,
		0.14881270319814485,
		0.0,
		-0.21572955733194249,
		-0.17430424425315766,
		1.6007186467756038,
		1.0
	],
	"intrinsic" : 
	{
		"height" : 1536,
		"intrinsic_matrix" : 
		[
			973.43609619140591,
			0.0,
			0.0,
			0.0,
			973.43609619140591,
			0.0,
			1023.5,
			767.5,
			1.0
		],
		"width" : 2048
	},
	"version_major" : 1,
	"version_minor" : 0
}