{
	"class_name" : "PinholeCameraParameters",
	"extrinsic" : 
	[
		0.78882820195819581,
		-0.55703382869783069,
		-0.25973713920353375,
		0.0,
		-0.24643140120896781,
		-0.67379760642189113,
		0.6966120513444447,
		0.0,
		-0.5630467407716564,
		-0.48549984476451308,
		-0.66878118128431896,
		0.0,
		-0.085708140021849788,
		-0.17430424425315771,
		1.4277110624530602,
		1.0
	],
	"intrinsic" : 
	{
		"height" : 1536,
		"intrinsic_matrix" : 
		[
			973.43609619140591,
			0.0,
			0.0,
			0.0,
			973.43609619140591,
			0.0,
			1023.5,
			767.5,
			1.0
		],
		"width" : 2048
	},
	"version_major" : 1,
	"version_minor" : 0
}