{
	"class_name" : "PinholeCameraParameters",
	"extrinsic" : 
	[
		0.53263651288189395,
		-0.55703382869783069,
		0.63719044157241722,
		0.0,
		-0.73837822132773501,
		-0.67379760642189113,
		0.028184886890333133,
		0.0,
		0.41363745891046499,
		-0.48549984476451302,
		-0.77019085512600527,
		0.0,
		0.15401343219773478,
		-0.17430424425315777,
		1.474072421767088,
		1.0
	],
	"intrinsic" : 
	{
		"height" : 1536,
		"intrinsic_matrix" : 
		[
			973.43609619140591,
			0.0,
			0.0,
			0.0,
			973.43609619140591,
			0.0,
			1023.5,
			767.5,
			1.0
		],
		"width" : 2048
	},
	"version_major" : 1,
	"version_minor" : 0
}