{
	"class_name" : "PinholeCameraParameters",
	"extrinsic" : 
	[
		-0.18687965518186775,
		-0.55703382869783069,
		0.80919052649258205,
		0.0,
		-0.46790556318399945,
		-0.67379760642189124,
		-0.57189262062173407,
		0.0,
		0.86379417595893204,
		-0.48549984476451308,
		-0.1347201629789071,
		0.0,
		0.21526352191556281,
		-0.17430424425315758,
		1.6577728055831982,
		1.0
	],
	"intrinsic" : 
	{
		"height" : 1536,
		"intrinsic_matrix" : 
		[
			973.43609619140591,
			0.0,
			0.0,
			0.0,
			973.43609619140591,
			0.0,
			1023.5,
			767.5,
			1.0
		],
		"width" : 2048
	},
	"version_major" : 1,
	"version_minor" : 0
}