{
	"class_name" : "PinholeCameraParameters",
	"extrinsic" : 
	[
		-0.57154103267453493,
		-0.55703382869783069,
		0.60253975939813476,
		0.0,
		-0.11311594372597777,
		-0.67379760642189113,
		-0.7302065247963152,
		0.0,
		0.81273958390391421,
		-0.48549984476451302,
		0.32209357256754773,
		0.0,
		0.17014469686634703,
		-0.17430424425315777,
		1.7627869558180684,
		1.0
	],
	"intrinsic" : 
	{
		"height" : 1536,
		"intrinsic_matrix" : 
		[
			973.43609619140591,
			0.0,
			0.0,
			0.0,
			973.43609619140591,
			0.0,
			1023.5,
			767.5,
			1.0
		],
		"width" : 2048
	},
	"version_major" : 1,
	"version_minor" : 0
}