{
	"class_name" : "PinholeCameraParameters",
	"extrinsic" : 
	[
		0.67107104586776589,
		-0.54369406265972464,
		0.50404406317950667,
		0.0,
		-0.20249974319265732,
		0.51959386564589549,
		0.83006991801297259,
		0.0,
		-0.71320228925940143,
		-0.65910468137596967,
		0.23858649078149977,
		0.0,
		-0.13533131530830544,
		-0.22019632640880643,
		1.5501939671459817,
		1.0
	],
	"intrinsic" : 
	{
		"height" : 1536,
		"intrinsic_matrix" : 
		[
			973.43609619140591,
			0.0,
			0.0,
			0.0,
			973.43609619140591,
			0.0,
			1023.5,
			767.5,
			1.0
		],
		"width" : 2048
	},
	"version_major" : 1,
	"version_minor" : 0
}