{
	"class_name" : "PinholeCameraParameters",
	"extrinsic" : 
	[
		-0.82597031332215642,
		-0.50758530212728104,
		-0.24521460514181381,
		0.0,
		0.38857098267812645,
		-0.19751320181082799,
		-0.90000062585033258,
		0.0,
		0.40839396779464548,
		-0.83865707901071951,
		0.36037296082552317,
		0.0,
		0.041387654732071677,
		-0.26467750166333892,
		1.7041050482139717,
		1.0
	],
	"intrinsic" : 
	{
		"height" : 1536,
		"intrinsic_matrix" : 
		[
			973.43609619140591,
			0.0,
			0.0,
			0.0,
			973.43609619140591,
			0.0,
			1023.5,
			767.5,
			1.0
		],
		"width" : 2048
	},
	"version_major" : 1,
	"version_minor" : 0
}