{
	"class_name" : "PinholeCameraParameters",
	"extrinsic" : 
	[
		-0.084320753142644173,
		-0.50758530212728104,
		-0.85746555129277013,
		0.0,
		0.98008499527104509,
		-0.19751320181082799,
		0.020541108903630537,
		0.0,
		-0.17978713144720049,
		-0.8386570790107194,
		0.51413120036737225,
		0.0,
		-0.055358913220314721,
		-0.2646775016633387,
		1.6947081459005542,
		1.0
	],
	"intrinsic" : 
	{
		"height" : 1536,
		"intrinsic_matrix" : 
		[
			973.43609619140591,
			0.0,
			0.0,
			0.0,
			973.43609619140591,
			0.0,
			1023.5,
			767.5,
			1.0
		],
		"width" : 2048
	},
	"version_major" : 1,
	"version_minor" : 0
}