{
	"class_name" : "PinholeCameraParameters",
	"extrinsic" : 
	[
		0.1530911341037581,
		-0.50758530212728104,
		-0.84789165918953469,
		0.0,
		0.93720685668042181,
		-0.19751320181082802,
		0.28745754973845855,
		0.0,
		-0.3133790236279837,
		-0.83865707901071951,
		0.44547490543820717,
		0.0,
		-0.071614896221752655,
		-0.26467750166333903,
		1.6770314435972398,
		1.0
	],
	"intrinsic" : 
	{
		"height" : 1536,
		"intrinsic_matrix" : 
		[
			973.43609619140591,
			0.0,
			0.0,
			0.0,
			973.43609619140591,
			0.0,
			1023.5,
			767.5,
			1.0
		],
		"width" : 2048
	},
	"version_major" : 1,
	"version_minor" : 0
}