{
	"class_name" : "PinholeCameraParameters",
	"extrinsic" : 
	[
		0.83671654146410568,
		-0.50758530212728104,
		-0.20557867181374245,
		0.0,
		0.11924874578622779,
		-0.19751320181082796,
		0.97302018054038675,
		0.0,
		-0.53449524400948345,
		-0.8386570790107194,
		-0.10473365245445614,
		0.0,
		-0.074421479153803871,
		-0.26467750166333881,
		1.5822644875022673,
		1.0
	],
	"intrinsic" : 
	{
		"height" : 1536,
		"intrinsic_matrix" : 
		[
			973.43609619140591,
			0.0,
			0.0,
			0.0,
			973.43609619140591,
			0.0,
			1023.5,
			767.5,
			1.0
		],
		"width" : 2048
	},
	"version_major" : 1,
	"version_minor" : 0
}