{
	"class_name" : "PinholeCameraParameters",
	"extrinsic" : 
	[
		0.74969930810049812,
		-0.50758530212728115,
		0.42462702280706466,
		0.0,
		-0.58095676056225143,
		-0.19751320181082799,
		0.78960609006481841,
		0.0,
		-0.31692300293706921,
		-0.8386570790107194,
		-0.44296062357116861,
		0.0,
		-0.023103072491495596,
		-0.26467750166333898,
		1.5435227365111408,
		1.0
	],
	"intrinsic" : 
	{
		"height" : 1536,
		"intrinsic_matrix" : 
		[
			973.43609619140591,
			0.0,
			0.0,
			0.0,
			973.43609619140591,
			0.0,
			1023.5,
			767.5,
			1.0
		],
		"width" : 2048
	},
	"version_major" : 1,
	"version_minor" : 0
}