{
	"class_name" : "PinholeCameraParameters",
	"extrinsic" : 
	[
		0.67940237266235948,
		-0.50758530212728115,
		0.5298769452289025,
		0.0,
		-0.69036634355926818,
		-0.19751320181082802,
		0.6959761826320221,
		0.0,
		-0.24860958891676541,
		-0.8386570790107194,
		-0.4846107470164534,
		0.0,
		-0.01055321024066494,
		-0.26467750166333887,
		1.5410440317455874,
		1.0
	],
	"intrinsic" : 
	{
		"height" : 1536,
		"intrinsic_matrix" : 
		[
			973.43609619140591,
			0.0,
			0.0,
			0.0,
			973.43609619140591,
			0.0,
			1023.5,
			767.5,
			1.0
		],
		"width" : 2048
	},
	"version_major" : 1,
	"version_minor" : 0
}