{
	"class_name" : "PinholeCameraParameters",
	"extrinsic" : 
	[
		-0.21444921759731261,
		-0.50758530212728115,
		0.83448708446341902,
		0.0,
		-0.91377705135629761,
		-0.19751320181082796,
		-0.3549648370261842,
		0.0,
		0.3449971499686495,
		-0.8386570790107194,
		-0.42146324909619015,
		0.0,
		0.075033817579340578,
		-0.26467750166333903,
		1.5832879579678159,
		1.0
	],
	"intrinsic" : 
	{
		"height" : 1536,
		"intrinsic_matrix" : 
		[
			973.43609619140591,
			0.0,
			0.0,
			0.0,
			973.43609619140591,
			0.0,
			1023.5,
			767.5,
			1.0
		],
		"width" : 2048
	},
	"version_major" : 1,
	"version_minor" : 0
}