{
	"class_name" : "PinholeCameraParameters",
	"extrinsic" : 
	[
		-0.42091631254840245,
		-0.50758530212728115,
		0.75178894571216759,
		0.0,
		-0.79246792799841526,
		-0.19751320181082802,
		-0.57704689428532041,
		0.0,
		0.44138876393102056,
		-0.8386570790107194,
		-0.31910854407341394,
		0.0,
		0.08384753284720381,
		-0.26467750166333887,
		1.6039676948108692,
		1.0
	],
	"intrinsic" : 
	{
		"height" : 1536,
		"intrinsic_matrix" : 
		[
			973.43609619140591,
			0.0,
			0.0,
			0.0,
			973.43609619140591,
			0.0,
			1023.5,
			767.5,
			1.0
		],
		"width" : 2048
	},
	"version_major" : 1,
	"version_minor" : 0
}