{
	"class_name" : "PinholeCameraParameters",
	"extrinsic" : 
	[
		-0.53508836068142929,
		-0.50758530212728115,
		0.67530556589414936,
		0.0,
		-0.69064413276476921,
		-0.19751320181082807,
		-0.69570052248653302,
		0.0,
		0.48650912441686078,
		-0.83865707901071929,
		-0.2448737954219431,
		0.0,
		0.086520088849745269,
		-0.26467750166333887,
		1.6175976402324932,
		1.0
	],
	"intrinsic" : 
	{
		"height" : 1536,
		"intrinsic_matrix" : 
		[
			973.43609619140591,
			0.0,
			0.0,
			0.0,
			973.43609619140591,
			0.0,
			1023.5,
			767.5,
			1.0
		],
		"width" : 2048
	},
	"version_major" : 1,
	"version_minor" : 0
}