{
	"class_name" : "PinholeCameraParameters",
	"extrinsic" : 
	[
		-0.81339241912253901,
		-0.50758530212728126,
		0.28416532789617482,
		0.0,
		-0.21117971136129873,
		-0.19751320181082807,
		-0.95728348184839884,
		0.0,
		0.54202942911187246,
		-0.83865707901071929,
		0.05346402343507084,
		0.0,
		0.078382208985351143,
		-0.26467750166333887,
		1.6654291888816399,
		1.0
	],
	"intrinsic" : 
	{
		"height" : 1536,
		"intrinsic_matrix" : 
		[
			973.43609619140591,
			0.0,
			0.0,
			0.0,
			973.43609619140591,
			0.0,
			1023.5,
			767.5,
			1.0
		],
		"width" : 2048
	},
	"version_major" : 1,
	"version_minor" : 0
}