{
	"class_name" : "PinholeCameraParameters",
	"extrinsic" : 
	[
		0.25948657681762927,
		-0.54369406265972464,
		0.79816256657402329,
		0.0,
		-0.64277367813374098,
		0.51959386564589549,
		0.56290693145632631,
		0.0,
		-0.72076952984285525,
		-0.65910468137596978,
		-0.2146445989033752,
		0.0,
		-0.17057641652361893,
		-0.22019632640880635,
		1.4535066454048813,
		1.0
	],
	"intrinsic" : 
	{
		"height" : 1536,
		"intrinsic_matrix" : 
		[
			973.43609619140591,
			0.0,
			0.0,
			0.0,
			973.43609619140591,
			0.0,
			1023.5,
			767.5,
			1.0
		],
		"width" : 2048
	},
	"version_major" : 1,
	"version_minor" : 0
}