{
	"class_name" : "PinholeCameraParameters",
	"extrinsic" : 
	[
		-0.78696614147633981,
		-0.43713018025518513,
		-0.43543254090606398,
		0.0,
		0.5025547254324968,
		-0.04471482135382851,
		-0.86338828617069097,
		0.0,
		0.35794278888575126,
		-0.8982860292030399,
		0.25487088814402864,
		0.0,
		0.031048730203386332,
		-0.27492614858791187,
		1.6604894908383097,
		1.0
	],
	"intrinsic" : 
	{
		"height" : 1536,
		"intrinsic_matrix" : 
		[
			973.43609619140591,
			0.0,
			0.0,
			0.0,
			973.43609619140591,
			0.0,
			1023.5,
			767.5,
			1.0
		],
		"width" : 2048
	},
	"version_major" : 1,
	"version_minor" : 0
}