{
	"class_name" : "PinholeCameraParameters",
	"extrinsic" : 
	[
		-0.71210561709723841,
		-0.43713018025518502,
		-0.54938401470067444,
		0.0,
		0.62728662333715079,
		-0.044714821353828531,
		-0.77750374721513138,
		0.0,
		0.31530474509724243,
		-0.8982860292030399,
		0.30604759018459593,
		0.0,
		0.025703225848814626,
		-0.27492614858791198,
		1.6648034731382824,
		1.0
	],
	"intrinsic" : 
	{
		"height" : 1536,
		"intrinsic_matrix" : 
		[
			973.43609619140591,
			0.0,
			0.0,
			0.0,
			973.43609619140591,
			0.0,
			1023.5,
			767.5,
			1.0
		],
		"width" : 2048
	},
	"version_major" : 1,
	"version_minor" : 0
}