{
	"class_name" : "PinholeCameraParameters",
	"extrinsic" : 
	[
		-0.35098523134073406,
		-0.43713018025518502,
		-0.82808609026523383,
		0.0,
		0.92805368404483835,
		-0.044714821353828545,
		-0.36975254465939617,
		0.0,
		0.12460227490497494,
		-0.8982860292030399,
		0.42137451611024185,
		0.0,
		0.0040889230787534564,
		-0.27492614858791187,
		1.6726138439582758,
		1.0
	],
	"intrinsic" : 
	{
		"height" : 1536,
		"intrinsic_matrix" : 
		[
			973.43609619140591,
			0.0,
			0.0,
			0.0,
			973.43609619140591,
			0.0,
			1023.5,
			767.5,
			1.0
		],
		"width" : 2048
	},
	"version_major" : 1,
	"version_minor" : 0
}