{
	"class_name" : "PinholeCameraParameters",
	"extrinsic" : 
	[
		0.29274565956108439,
		-0.43713018025518507,
		-0.85042176848797513,
		0.0,
		0.93730226504855307,
		-0.044714821353828552,
		0.3456371633464021,
		0.0,
		-0.18911489296985035,
		-0.89828602920304002,
		0.3966330382048846,
		0.0,
		-0.027135949434257761,
		-0.27492614858791209,
		1.6637749918009272,
		1.0
	],
	"intrinsic" : 
	{
		"height" : 1536,
		"intrinsic_matrix" : 
		[
			973.43609619140591,
			0.0,
			0.0,
			0.0,
			973.43609619140591,
			0.0,
			1023.5,
			767.5,
			1.0
		],
		"width" : 2048
	},
	"version_major" : 1,
	"version_minor" : 0
}