{
	"class_name" : "PinholeCameraParameters",
	"extrinsic" : 
	[
		0.68802330794667821,
		-0.43713018025518502,
		-0.57925912442721172,
		0.0,
		0.62663043332360979,
		-0.044714821353828531,
		0.77803270161604421,
		0.0,
		-0.36600304336818784,
		-0.8982860292030399,
		0.24315423497002836,
		0.0,
		-0.041923588608330398,
		-0.27492614858791187,
		1.6446814360771684,
		1.0
	],
	"intrinsic" : 
	{
		"height" : 1536,
		"intrinsic_matrix" : 
		[
			973.43609619140591,
			0.0,
			0.0,
			0.0,
			973.43609619140591,
			0.0,
			1023.5,
			767.5,
			1.0
		],
		"width" : 2048
	},
	"version_major" : 1,
	"version_minor" : 0
}