{
	"class_name" : "PinholeCameraParameters",
	"extrinsic" : 
	[
		0.80205903940292955,
		-0.43713018025518502,
		-0.4069625324549172,
		0.0,
		0.43254309613335551,
		-0.044714821353828503,
		0.9005037783033818,
		0.0,
		-0.4118346358666557,
		-0.8982860292030399,
		0.15321371491878422,
		0.0,
		-0.044741569420800931,
		-0.27492614858791187,
		1.6346604386485906,
		1.0
	],
	"intrinsic" : 
	{
		"height" : 1536,
		"intrinsic_matrix" : 
		[
			973.43609619140591,
			0.0,
			0.0,
			0.0,
			973.43609619140591,
			0.0,
			1023.5,
			767.5,
			1.0
		],
		"width" : 2048
	},
	"version_major" : 1,
	"version_minor" : 0
}