{
	"class_name" : "PinholeCameraParameters",
	"extrinsic" : 
	[
		0.74018134474837893,
		-0.43713018025518502,
		0.51092933209647584,
		0.0,
		-0.58526188931016365,
		-0.04471482135382851,
		0.80961046539208781,
		0.0,
		-0.33105905486420273,
		-0.8982860292030399,
		-0.28893271177050228,
		0.0,
		-0.02764208845314596,
		-0.27492614858791187,
		1.5915800139808562,
		1.0
	],
	"intrinsic" : 
	{
		"height" : 1536,
		"intrinsic_matrix" : 
		[
			973.43609619140591,
			0.0,
			0.0,
			0.0,
			973.43609619140591,
			0.0,
			1023.5,
			767.5,
			1.0
		],
		"width" : 2048
	},
	"version_major" : 1,
	"version_minor" : 0
}