{
	"class_name" : "PinholeCameraParameters",
	"extrinsic" : 
	[
		0.42319239894274274,
		-0.43713018025518502,
		0.79361539739798137,
		0.0,
		-0.89151945528914611,
		-0.04471482135382851,
		0.45077005844691981,
		0.0,
		-0.161558826184244,
		-0.8982860292030399,
		-0.40863303270857165,
		0.0,
		-0.0080835217506657203,
		-0.27492614858791187,
		1.5828991130805414,
		1.0
	],
	"intrinsic" : 
	{
		"height" : 1536,
		"intrinsic_matrix" : 
		[
			973.43609619140591,
			0.0,
			0.0,
			0.0,
			973.43609619140591,
			0.0,
			1023.5,
			767.5,
			1.0
		],
		"width" : 2048
	},
	"version_major" : 1,
	"version_minor" : 0
}