{
	"class_name" : "PinholeCameraParameters",
	"extrinsic" : 
	[
		-0.26951713207179623,
		-0.43713018025518513,
		0.85806626843727141,
		0.0,
		-0.94635260648088815,
		-0.044714821353828496,
		-0.32002707535164043,
		0.0,
		0.17826177303792112,
		-0.8982860292030399,
		-0.40162787504356834,
		0.0,
		0.026139320482596262,
		-0.27492614858791187,
		1.5904716521057078,
		1.0
	],
	"intrinsic" : 
	{
		"height" : 1536,
		"intrinsic_matrix" : 
		[
			973.43609619140591,
			0.0,
			0.0,
			0.0,
			973.43609619140591,
			0.0,
			1023.5,
			767.5,
			1.0
		],
		"width" : 2048
	},
	"version_major" : 1,
	"version_minor" : 0
}