{
	"class_name" : "PinholeCameraParameters",
	"extrinsic" : 
	[
		-0.38385052686717452,
		-0.43713018025518507,
		0.81337320986977557,
		0.0,
		-0.89395919342426722,
		-0.044714821353828482,
		-0.44591203756293551,
		0.0,
		0.2312914471311599,
		-0.8982860292030399,
		-0.37361273562689118,
		0.0,
		0.030936057120263052,
		-0.27492614858791176,
		1.594375844728448,
		1.0
	],
	"intrinsic" : 
	{
		"height" : 1536,
		"intrinsic_matrix" : 
		[
			973.43609619140591,
			0.0,
			0.0,
			0.0,
			973.43609619140591,
			0.0,
			1023.5,
			767.5,
			1.0
		],
		"width" : 2048
	},
	"version_major" : 1,
	"version_minor" : 0
}