{
	"class_name" : "PinholeCameraParameters",
	"extrinsic" : 
	[
		-0.28066407217990352,
		-0.54369406265972464,
		0.79096425002395487,
		0.0,
		-0.85266698709246924,
		0.5195938656458956,
		0.054600585214867159,
		0.0,
		-0.44066618625672299,
		-0.65910468137596978,
		-0.6094213085200062,
		0.0,
		-0.13976051257294897,
		-0.22019632640880638,
		1.3480218647639788,
		1.0
	],
	"intrinsic" : 
	{
		"height" : 1536,
		"intrinsic_matrix" : 
		[
			973.43609619140591,
			0.0,
			0.0,
			0.0,
			973.43609619140591,
			0.0,
			1023.5,
			767.5,
			1.0
		],
		"width" : 2048
	},
	"version_major" : 1,
	"version_minor" : 0
}