{
	"class_name" : "PinholeCameraParameters",
	"extrinsic" : 
	[
		-0.77273496431425004,
		-0.63370996928868306,
		0.035949266340094703,
		0.0,
		-0.49238748422438133,
		0.56274206281042449,
		-0.66398489148703743,
		0.0,
		0.40054368089565379,
		-0.53078531024134856,
		-0.74688132532990548,
		0.0,
		0.044154667667051561,
		-0.19335148465984708,
		1.4317733406495459,
		1.0
	],
	"intrinsic" : 
	{
		"height" : 1536,
		"intrinsic_matrix" : 
		[
			973.43609619140591,
			0.0,
			0.0,
			0.0,
			973.43609619140591,
			0.0,
			1023.5,
			767.5,
			1.0
		],
		"width" : 2048
	},
	"version_major" : 1,
	"version_minor" : 0
}