{
	"class_name" : "PinholeCameraParameters",
	"extrinsic" : 
	[
		-0.55387933494838104,
		-0.63370996928868306,
		-0.54002718185409482,
		0.0,
		0.1489220189840583,
		0.56274206281042449,
		-0.81310737483162709,
		0.0,
		0.81917025982322567,
		-0.53078531024134845,
		-0.21731783142012173,
		0.0,
		0.17313880175810364,
		-0.19335148465984711,
		1.5261156983377293,
		1.0
	],
	"intrinsic" : 
	{
		"height" : 1536,
		"intrinsic_matrix" : 
		[
			973.43609619140591,
			0.0,
			0.0,
			0.0,
			973.43609619140591,
			0.0,
			1023.5,
			767.5,
			1.0
		],
		"width" : 2048
	},
	"version_major" : 1,
	"version_minor" : 0
}