{
	"class_name" : "PinholeCameraParameters",
	"extrinsic" : 
	[
		0.1696818912559396,
		-0.63370996928868306,
		-0.754731561950303,
		0.0,
		0.77055912615881128,
		0.5627420628104246,
		-0.29926577458379267,
		0.0,
		0.61436690086069645,
		-0.53078531024134845,
		0.58379813768015631,
		0.0,
		0.17706777562125742,
		-0.19335148465984703,
		1.7218246686505103,
		1.0
	],
	"intrinsic" : 
	{
		"height" : 1536,
		"intrinsic_matrix" : 
		[
			973.43609619140591,
			0.0,
			0.0,
			0.0,
			973.43609619140591,
			0.0,
			1023.5,
			767.5,
			1.0
		],
		"width" : 2048
	},
	"version_major" : 1,
	"version_minor" : 0
}