{
	"class_name" : "PinholeCameraParameters",
	"extrinsic" : 
	[
		0.73640557410798679,
		-0.63370996928868306,
		-0.23689344703225293,
		0.0,
		0.64897300631104093,
		0.56274206281042449,
		0.51201114033141693,
		0.0,
		-0.19115665696568374,
		-0.53078531024134856,
		0.82566705573717758,
		0.0,
		0.0085944830459361299,
		-0.19335148465984719,
		1.8279325199505299,
		1.0
	],
	"intrinsic" : 
	{
		"height" : 1536,
		"intrinsic_matrix" : 
		[
			973.43609619140591,
			0.0,
			0.0,
			0.0,
			973.43609619140591,
			0.0,
			1023.5,
			767.5,
			1.0
		],
		"width" : 2048
	},
	"version_major" : 1,
	"version_minor" : 0
}