{
	"class_name" : "PinholeCameraParameters",
	"extrinsic" : 
	[
		0.68582044779839912,
		-0.63370996928868306,
		0.35785749706515813,
		0.0,
		0.091289214108109543,
		0.56274206281042449,
		0.82157632033268335,
		0.0,
		-0.72202257081695664,
		-0.53078531024134845,
		0.44379089858047827,
		0.0,
		-0.13665738353122259,
		-0.19335148465984692,
		1.7743787740660444,
		1.0
	],
	"intrinsic" : 
	{
		"height" : 1536,
		"intrinsic_matrix" : 
		[
			973.43609619140591,
			0.0,
			0.0,
			0.0,
			973.43609619140591,
			0.0,
			1023.5,
			767.5,
			1.0
		],
		"width" : 2048
	},
	"version_major" : 1,
	"version_minor" : 0
}