{
	"class_name" : "PinholeCameraParameters",
	"extrinsic" : 
	[
		0.53176767896879207,
		-0.63370996928868306,
		0.56181385745483348,
		0.0,
		-0.18142372646955471,
		0.56274206281042449,
		0.80647802339417063,
		0.0,
		-0.82722945249673252,
		-0.53078531024134845,
		0.18427801646954969,
		0.0,
		-0.17706632791727073,
		-0.19335148465984697,
		1.721827385835228,
		1.0
	],
	"intrinsic" : 
	{
		"height" : 1536,
		"intrinsic_matrix" : 
		[
			973.43609619140591,
			0.0,
			0.0,
			0.0,
			973.43609619140591,
			0.0,
			1023.5,
			767.5,
			1.0
		],
		"width" : 2048
	},
	"version_major" : 1,
	"version_minor" : 0
}