{
	"class_name" : "PinholeCameraParameters",
	"extrinsic" : 
	[
		-0.25970602916631119,
		-0.63370996928868317,
		0.72867307706460749,
		0.0,
		-0.80109415866575784,
		0.56274206281042449,
		0.20388604585765549,
		0.0,
		-0.53925961036060255,
		-0.53078531024134845,
		-0.65380886126277504,
		0.0,
		-0.16435988566431819,
		-0.19335148465984714,
		1.512425907920554,
		1.0
	],
	"intrinsic" : 
	{
		"height" : 1536,
		"intrinsic_matrix" : 
		[
			973.43609619140591,
			0.0,
			0.0,
			0.0,
			973.43609619140591,
			0.0,
			1023.5,
			767.5,
			1.0
		],
		"width" : 2048
	},
	"version_major" : 1,
	"version_minor" : 0
}