{
	"class_name" : "PinholeCameraParameters",
	"extrinsic" : 
	[
		-0.33233266650417026,
		-0.63370996928868317,
		0.69854611415307744,
		0.0,
		-0.81765268832026028,
		0.56274206281042449,
		0.12151317634939721,
		0.0,
		-0.47010539249925593,
		-0.53078531024134845,
		-0.70517223029208698,
		0.0,
		-0.15183108863603384,
		-0.19335148465984703,
		1.4963359566633661,
		1.0
	],
	"intrinsic" : 
	{
		"height" : 1536,
		"intrinsic_matrix" : 
		[
			973.43609619140591,
			0.0,
			0.0,
			0.0,
			973.43609619140591,
			0.0,
			1023.5,
			767.5,
			1.0
		],
		"width" : 2048
	},
	"version_major" : 1,
	"version_minor" : 0
}