{
	"class_name" : "PinholeCameraParameters",
	"extrinsic" : 
	[
		-0.65573795298761917,
		-0.63370996928868317,
		0.41038934176674635,
		0.0,
		-0.75478940440732345,
		0.56274206281042449,
		-0.33706724216142131,
		0.0,
		-0.017340473062895684,
		-0.53078531024134845,
		-0.8473288986137264,
		0.0,
		-0.057528919960711099,
		-0.19335148465984697,
		1.4352790816243712,
		1.0
	],
	"intrinsic" : 
	{
		"height" : 1536,
		"intrinsic_matrix" : 
		[
			973.43609619140591,
			0.0,
			0.0,
			0.0,
			973.43609619140591,
			0.0,
			1023.5,
			767.5,
			1.0
		],
		"width" : 2048
	},
	"version_major" : 1,
	"version_minor" : 0
}