{
	"class_name" : "PinholeCameraParameters",
	"extrinsic" : 
	[
		-0.75947150827124055,
		-0.63370996928868317,
		0.14701939650380627,
		0.0,
		-0.58300142946524891,
		0.56274206281042449,
		-0.58602961016090716,
		0.0,
		0.28863880779563178,
		-0.53078531024134845,
		-0.79684038117198353,
		0.0,
		0.015466895325629948,
		-0.19335148465984708,
		1.4274513547549255,
		1.0
	],
	"intrinsic" : 
	{
		"height" : 1536,
		"intrinsic_matrix" : 
		[
			973.43609619140591,
			0.0,
			0.0,
			0.0,
			973.43609619140591,
			0.0,
			1023.5,
			767.5,
			1.0
		],
		"width" : 2048
	},
	"version_major" : 1,
	"version_minor" : 0
}