{
	"class_name" : "PinholeCameraParameters",
	"extrinsic" : 
	[
		-0.58883748885838361,
		-0.54369406265972475,
		0.59805282203457277,
		0.0,
		-0.79575331819161976,
		0.5195938656458956,
		-0.31112516993998079,
		0.0,
		-0.14158767002101511,
		-0.65910468137596967,
		-0.73860270151570773,
		0.0,
		-0.085170861589398281,
		-0.22019632640880638,
		1.2981176040545934,
		1.0
	],
	"intrinsic" : 
	{
		"height" : 1536,
		"intrinsic_matrix" : 
		[
			973.43609619140591,
			0.0,
			0.0,
			0.0,
			973.43609619140591,
			0.0,
			1023.5,
			767.5,
			1.0
		],
		"width" : 2048
	},
	"version_major" : 1,
	"version_minor" : 0
}