{
	"class_name" : "PinholeCameraParameters",
	"extrinsic" : 
	[
		-0.72133462167656381,
		-0.50356690963846973,
		-0.47549629976256369,
		0.0,
		-0.18200685178995937,
		0.80024727134036622,
		-0.57138236813346455,
		0.0,
		0.66824386976031158,
		-0.32561429979265277,
		-0.66889869060890239,
		0.0,
		0.11949039405844064,
		-0.12822786912868578,
		1.4108813899196377,
		1.0
	],
	"intrinsic" : 
	{
		"height" : 1536,
		"intrinsic_matrix" : 
		[
			973.43609619140591,
			0.0,
			0.0,
			0.0,
			973.43609619140591,
			0.0,
			1023.5,
			767.5,
			1.0
		],
		"width" : 2048
	},
	"version_major" : 1,
	"version_minor" : 0
}