{
	"class_name" : "PinholeCameraParameters",
	"extrinsic" : 
	[
		-0.71883205429172548,
		-0.50356690963846984,
		-0.47927116045084439,
		0.0,
		-0.1790090392564738,
		0.80024727134036633,
		-0.57232863686589408,
		0.0,
		0.67174120134707538,
		-0.32561429979265272,
		-0.6653864186946773,
		0.0,
		0.12062423836540015,
		-0.12822786912868595,
		1.4115107610207349,
		1.0
	],
	"intrinsic" : 
	{
		"height" : 1536,
		"intrinsic_matrix" : 
		[
			973.43609619140591,
			0.0,
			0.0,
			0.0,
			973.43609619140591,
			0.0,
			1023.5,
			767.5,
			1.0
		],
		"width" : 2048
	},
	"version_major" : 1,
	"version_minor" : 0
}