{
	"class_name" : "PinholeCameraParameters",
	"extrinsic" : 
	[
		-0.51604140991830383,
		-0.50356690963846973,
		-0.69290809691234712,
		0.0,
		0.0236695391282703,
		0.80024727134036633,
		-0.59920285182044453,
		0.0,
		0.856236542181531,
		-0.32561429979265272,
		-0.40104153351436811,
		0.0,
		0.18617044487328277,
		-0.12822786912868597,
		1.4645871920473899,
		1.0
	],
	"intrinsic" : 
	{
		"height" : 1536,
		"intrinsic_matrix" : 
		[
			973.43609619140591,
			0.0,
			0.0,
			0.0,
			973.43609619140591,
			0.0,
			1023.5,
			767.5,
			1.0
		],
		"width" : 2048
	},
	"version_major" : 1,
	"version_minor" : 0
}