{
	"class_name" : "PinholeCameraParameters",
	"extrinsic" : 
	[
		0.0098909967181486924,
		-0.50356690963846984,
		-0.86389960973546176,
		0.0,
		0.38220275524956665,
		0.80024727134036633,
		-0.46208804203521447,
		0.0,
		0.92402555271137476,
		-0.32561429979265272,
		0.2003799034508677,
		0.0,
		0.24681767388807757,
		-0.12822786912868575,
		1.6108624721431541,
		1.0
	],
	"intrinsic" : 
	{
		"height" : 1536,
		"intrinsic_matrix" : 
		[
			973.43609619140591,
			0.0,
			0.0,
			0.0,
			973.43609619140591,
			0.0,
			1023.5,
			767.5,
			1.0
		],
		"width" : 2048
	},
	"version_major" : 1,
	"version_minor" : 0
}