{
	"class_name" : "PinholeCameraParameters",
	"extrinsic" : 
	[
		0.59572494182391544,
		-0.50356690963846984,
		-0.6257253081073626,
		0.0,
		0.59458342780195317,
		0.80024727134036633,
		-0.077941337527513588,
		0.0,
		0.53998364889334571,
		-0.32561429979265277,
		0.77613979842446457,
		0.0,
		0.1920193249146297,
		-0.12822786912868589,
		1.7834465952922611,
		1.0
	],
	"intrinsic" : 
	{
		"height" : 1536,
		"intrinsic_matrix" : 
		[
			973.43609619140591,
			0.0,
			0.0,
			0.0,
			973.43609619140591,
			0.0,
			1023.5,
			767.5,
			1.0
		],
		"width" : 2048
	},
	"version_major" : 1,
	"version_minor" : 0
}