{
	"class_name" : "PinholeCameraParameters",
	"extrinsic" : 
	[
		0.86243401131395092,
		-0.50356690963846984,
		-0.051263472825096246,
		0.0,
		0.48797448167857649,
		0.80024727134036633,
		0.34854728508887145,
		0.0,
		-0.13449342496736744,
		-0.32561429979265277,
		0.93588826598643049,
		0.0,
		0.034046204563720844,
		-0.128227869128686,
		1.872508229264831,
		1.0
	],
	"intrinsic" : 
	{
		"height" : 1536,
		"intrinsic_matrix" : 
		[
			973.43609619140591,
			0.0,
			0.0,
			0.0,
			973.43609619140591,
			0.0,
			1023.5,
			767.5,
			1.0
		],
		"width" : 2048
	},
	"version_major" : 1,
	"version_minor" : 0
}