{
	"class_name" : "PinholeCameraParameters",
	"extrinsic" : 
	[
		0.85960848275533908,
		-0.50356690963846984,
		0.08656572007570433,
		0.0,
		0.42632318689122639,
		0.80024727134036633,
		0.42172603077259385,
		0.0,
		-0.28164125531244966,
		-0.32561429979265272,
		0.90258159247603098,
		0.0,
		-0.0053599249102769253,
		-0.12822786912868583,
		1.8748042276420938,
		1.0
	],
	"intrinsic" : 
	{
		"height" : 1536,
		"intrinsic_matrix" : 
		[
			973.43609619140591,
			0.0,
			0.0,
			0.0,
			973.43609619140591,
			0.0,
			1023.5,
			767.5,
			1.0
		],
		"width" : 2048
	},
	"version_major" : 1,
	"version_minor" : 0
}