{
	"class_name" : "PinholeCameraParameters",
	"extrinsic" : 
	[
		0.7512262536495945,
		-0.50356690963846984,
		0.42670772590235145,
		0.0,
		0.21942802885920415,
		0.80024727134036611,
		0.55808211301139432,
		0.0,
		-0.62250337828686475,
		-0.32561429979265283,
		0.71166345402302422,
		0.0,
		-0.104891125295551,
		-0.128227869128686,
		1.8515237429877838,
		1.0
	],
	"intrinsic" : 
	{
		"height" : 1536,
		"intrinsic_matrix" : 
		[
			973.43609619140591,
			0.0,
			0.0,
			0.0,
			973.43609619140591,
			0.0,
			1023.5,
			767.5,
			1.0
		],
		"width" : 2048
	},
	"version_major" : 1,
	"version_minor" : 0
}