{
	"class_name" : "PinholeCameraParameters",
	"extrinsic" : 
	[
		0.73937548631882044,
		-0.50356690963846984,
		0.44692757550633305,
		0.0,
		0.20420943124288563,
		0.80024727134036622,
		0.563828708832528,
		0.0,
		-0.64157805325795325,
		-0.32561429979265288,
		0.69451632763260174,
		0.0,
		-0.11092952185878957,
		-0.12822786912868595,
		1.8485961595093241,
		1.0
	],
	"intrinsic" : 
	{
		"height" : 1536,
		"intrinsic_matrix" : 
		[
			973.43609619140591,
			0.0,
			0.0,
			0.0,
			973.43609619140591,
			0.0,
			1023.5,
			767.5,
			1.0
		],
		"width" : 2048
	},
	"version_major" : 1,
	"version_minor" : 0
}