{
	"class_name" : "PinholeCameraParameters",
	"extrinsic" : 
	[
		0.43271811956821549,
		-0.50356690963846995,
		0.74778031300276204,
		0.0,
		-0.092591338611055202,
		0.80024727134036611,
		0.59247881711206474,
		0.0,
		-0.89676188200188389,
		-0.32561429979265288,
		0.29965556020034051,
		0.0,
		-0.20370899745122645,
		-0.12822786912868608,
		1.7678348112852607,
		1.0
	],
	"intrinsic" : 
	{
		"height" : 1536,
		"intrinsic_matrix" : 
		[
			973.43609619140591,
			0.0,
			0.0,
			0.0,
			973.43609619140591,
			0.0,
			1023.5,
			767.5,
			1.0
		],
		"width" : 2048
	},
	"version_major" : 1,
	"version_minor" : 0
}