{
	"class_name" : "PinholeCameraParameters",
	"extrinsic" : 
	[
		-0.67906285854010295,
		-0.54369406265972475,
		0.49322449288321801,
		0.0,
		-0.73385046934234366,
		0.5195938656458956,
		-0.43759079449775568,
		0.0,
		-0.018360904045446266,
		-0.65910468137596967,
		-0.75182703874688861,
		0.0,
		-0.059711402519037629,
		-0.22019632640880638,
		1.2861389294676551,
		1.0
	],
	"intrinsic" : 
	{
		"height" : 1536,
		"intrinsic_matrix" : 
		[
			973.43609619140591,
			0.0,
			0.0,
			0.0,
			973.43609619140591,
			0.0,
			1023.5,
			767.5,
			1.0
		],
		"width" : 2048
	},
	"version_major" : 1,
	"version_minor" : 0
}