{
	"class_name" : "PinholeCameraParameters",
	"extrinsic" : 
	[
		-0.10408948351302441,
		-0.61549437026837239,
		0.78123751803784458,
		0.0,
		-0.43033806903612093,
		0.73603865276488323,
		0.52254784276113764,
		0.0,
		-0.89664626568131922,
		-0.2818045099071258,
		-0.34148454201581363,
		0.0,
		-0.24715786174177801,
		-0.12562257577588593,
		1.5997431899897434,
		1.0
	],
	"intrinsic" : 
	{
		"height" : 1536,
		"intrinsic_matrix" : 
		[
			973.43609619140591,
			0.0,
			0.0,
			0.0,
			973.43609619140591,
			0.0,
			1023.5,
			767.5,
			1.0
		],
		"width" : 2048
	},
	"version_major" : 1,
	"version_minor" : 0
}