{
	"class_name" : "PinholeCameraParameters",
	"extrinsic" : 
	[
		-0.64321678496568502,
		-0.6154943702683725,
		0.45545455064841278,
		0.0,
		-0.67573510699287553,
		0.73603865276488334,
		0.040362938611834431,
		0.0,
		-0.36007531533796505,
		-0.2818045099071258,
		-0.88934356998871356,
		0.0,
		-0.14789196762648965,
		-0.1256225757758862,
		1.4275239659488712,
		1.0
	],
	"intrinsic" : 
	{
		"height" : 1536,
		"intrinsic_matrix" : 
		[
			973.43609619140591,
			0.0,
			0.0,
			0.0,
			973.43609619140591,
			0.0,
			1023.5,
			767.5,
			1.0
		],
		"width" : 2048
	},
	"version_major" : 1,
	"version_minor" : 0
}