{
	"class_name" : "PinholeCameraParameters",
	"extrinsic" : 
	[
		-0.78272896160552441,
		-0.61549437026837239,
		-0.092206576944800001,
		0.0,
		-0.52902649327545082,
		0.73603865276488323,
		-0.42234828169265121,
		0.0,
		0.32782059434485961,
		-0.28180450990712574,
		-0.90173159871404518,
		0.0,
		0.023983534145015306,
		-0.12562257577588609,
		1.379934615118416,
		1.0
	],
	"intrinsic" : 
	{
		"height" : 1536,
		"intrinsic_matrix" : 
		[
			973.43609619140591,
			0.0,
			0.0,
			0.0,
			973.43609619140591,
			0.0,
			1023.5,
			767.5,
			1.0
		],
		"width" : 2048
	},
	"version_major" : 1,
	"version_minor" : 0
}