{
	"class_name" : "PinholeCameraParameters",
	"extrinsic" : 
	[
		-0.76141644042219359,
		-0.61549437026837239,
		-0.20349861037052819,
		0.0,
		-0.46299307652815858,
		0.73603865276488334,
		-0.49384664899444886,
		0.0,
		0.45374267524863376,
		-0.2818045099071258,
		-0.84540156307769965,
		0.0,
		0.05923498533416871,
		-0.12562257577588609,
		1.3859324688434311,
		1.0
	],
	"intrinsic" : 
	{
		"height" : 1536,
		"intrinsic_matrix" : 
		[
			973.43609619140591,
			0.0,
			0.0,
			0.0,
			973.43609619140591,
			0.0,
			1023.5,
			767.5,
			1.0
		],
		"width" : 2048
	},
	"version_major" : 1,
	"version_minor" : 0
}