{
	"class_name" : "PinholeCameraParameters",
	"extrinsic" : 
	[
		-0.58681410617371677,
		-0.61549437026837239,
		-0.52613295369467372,
		0.0,
		-0.189283131860185,
		0.73603865276488323,
		-0.64993768749723657,
		0.0,
		0.78728717809243021,
		-0.2818045099071258,
		-0.54842056617824153,
		0.0,
		0.16216469541204165,
		-0.1256225757758859,
		1.438913867900204,
		1.0
	],
	"intrinsic" : 
	{
		"height" : 1536,
		"intrinsic_matrix" : 
		[
			973.43609619140591,
			0.0,
			0.0,
			0.0,
			973.43609619140591,
			0.0,
			1023.5,
			767.5,
			1.0
		],
		"width" : 2048
	},
	"version_major" : 1,
	"version_minor" : 0
}