{
	"class_name" : "PinholeCameraParameters",
	"extrinsic" : 
	[
		-0.39453939823196554,
		-0.61549437026837239,
		-0.68227951999946357,
		0.0,
		0.021785119719192891,
		0.73603865276488334,
		-0.67658887826720604,
		0.0,
		0.91862074426913476,
		-0.2818045099071258,
		-0.27698762859453796,
		0.0,
		0.21268320530808421,
		-0.12562257577588604,
		1.498557219986111,
		1.0
	],
	"intrinsic" : 
	{
		"height" : 1536,
		"intrinsic_matrix" : 
		[
			973.43609619140591,
			0.0,
			0.0,
			0.0,
			973.43609619140591,
			0.0,
			1023.5,
			767.5,
			1.0
		],
		"width" : 2048
	},
	"version_major" : 1,
	"version_minor" : 0
}