{
	"class_name" : "PinholeCameraParameters",
	"extrinsic" : 
	[
		0.37718421612146652,
		-0.61549437026837239,
		-0.69202510595842881,
		0.0,
		0.58903783067227233,
		0.73603865276488334,
		-0.33358887222591693,
		0.0,
		0.71467929950834486,
		-0.28180450990712574,
		0.64017163093210117,
		0.0,
		0.22079353518558953,
		-0.12562257577588604,
		1.7419706747569252,
		1.0
	],
	"intrinsic" : 
	{
		"height" : 1536,
		"intrinsic_matrix" : 
		[
			973.43609619140591,
			0.0,
			0.0,
			0.0,
			973.43609619140591,
			0.0,
			1023.5,
			767.5,
			1.0
		],
		"width" : 2048
	},
	"version_major" : 1,
	"version_minor" : 0
}