{
	"class_name" : "PinholeCameraParameters",
	"extrinsic" : 
	[
		0.70590069892907092,
		-0.61549437026837239,
		-0.35052943302865314,
		0.0,
		0.6738502259572795,
		0.73603865276488334,
		0.064598565103096306,
		0.0,
		0.21824315849247755,
		-0.28180450990712574,
		0.934321219906319,
		0.0,
		0.11519735403781534,
		-0.12562257577588604,
		1.8479082916687688,
		1.0
	],
	"intrinsic" : 
	{
		"height" : 1536,
		"intrinsic_matrix" : 
		[
			973.43609619140591,
			0.0,
			0.0,
			0.0,
			973.43609619140591,
			0.0,
			1023.5,
			767.5,
			1.0
		],
		"width" : 2048
	},
	"version_major" : 1,
	"version_minor" : 0
}