{
	"class_name" : "PinholeCameraParameters",
	"extrinsic" : 
	[
		0.74678330423963457,
		-0.61549437026837239,
		-0.25195510845559993,
		0.0,
		0.65894643438072231,
		0.73603865276488323,
		0.15503773170744001,
		0.0,
		0.090023847539782154,
		-0.28180450990712574,
		0.95523919782960054,
		0.0,
		0.084364144204786912,
		-0.12562257577588598,
		1.861449873910427,
		1.0
	],
	"intrinsic" : 
	{
		"height" : 1536,
		"intrinsic_matrix" : 
		[
			973.43609619140591,
			0.0,
			0.0,
			0.0,
			973.43609619140591,
			0.0,
			1023.5,
			767.5,
			1.0
		],
		"width" : 2048
	},
	"version_major" : 1,
	"version_minor" : 0
}