{
	"class_name" : "PinholeCameraParameters",
	"extrinsic" : 
	[
		0.78326541281302642,
		-0.61549437026837239,
		0.087532698226314598,
		0.0,
		0.53153813367688452,
		0.73603865276488323,
		0.41918291244199124,
		0.0,
		-0.3224321719961174,
		-0.2818045099071258,
		0.90367234806531005,
		0.0,
		-0.022505435602936941,
		-0.1256225757758862,
		1.8751751083251005,
		1.0
	],
	"intrinsic" : 
	{
		"height" : 1536,
		"intrinsic_matrix" : 
		[
			973.43609619140591,
			0.0,
			0.0,
			0.0,
			973.43609619140591,
			0.0,
			1023.5,
			767.5,
			1.0
		],
		"width" : 2048
	},
	"version_major" : 1,
	"version_minor" : 0
}