{
	"class_name" : "PinholeCameraParameters",
	"extrinsic" : 
	[
		-0.83526342632342987,
		-0.54369406265972475,
		0.082047394078103464,
		0.0,
		-0.41175632354918118,
		0.5195938656458956,
		-0.74865141741695584,
		0.0,
		0.36440600799617218,
		-0.65910468137596956,
		-0.65786722089231298,
		0.0,
		0.029388037040551929,
		-0.22019632640880643,
		1.2779053845783679,
		1.0
	],
	"intrinsic" : 
	{
		"height" : 1536,
		"intrinsic_matrix" : 
		[
			973.43609619140591,
			0.0,
			0.0,
			0.0,
			973.43609619140591,
			0.0,
			1023.5,
			767.5,
			1.0
		],
		"width" : 2048
	},
	"version_major" : 1,
	"version_minor" : 0
}