{
	"class_name" : "PinholeCameraParameters",
	"extrinsic" : 
	[
		0.48980730484476465,
		-0.80037137454334994,
		-0.34567971727062097,
		0.0,
		0.077102574385743014,
		-0.35517820990914978,
		0.9316134564446904,
		0.0,
		-0.86841464585979833,
		-0.48296387237278993,
		-0.11225818829324073,
		0.0,
		-0.19161080647150636,
		-0.19362022704978565,
		1.5688835946451691,
		1.0
	],
	"intrinsic" : 
	{
		"height" : 1536,
		"intrinsic_matrix" : 
		[
			973.43609619140591,
			0.0,
			0.0,
			0.0,
			973.43609619140591,
			0.0,
			1023.5,
			767.5,
			1.0
		],
		"width" : 2048
	},
	"version_major" : 1,
	"version_minor" : 0
}