{
	"class_name" : "PinholeCameraParameters",
	"extrinsic" : 
	[
		0.59094165848255376,
		-0.80037137454335006,
		-0.10096345418752922,
		0.0,
		-0.33173636234811704,
		-0.35517820990914978,
		0.87395619175206418,
		0.0,
		-0.73534953740784226,
		-0.48296387237278993,
		-0.47540188873915085,
		0.0,
		-0.14767634648469424,
		-0.19362022704978546,
		1.4920580902950005,
		1.0
	],
	"intrinsic" : 
	{
		"height" : 1536,
		"intrinsic_matrix" : 
		[
			973.43609619140591,
			0.0,
			0.0,
			0.0,
			973.43609619140591,
			0.0,
			1023.5,
			767.5,
			1.0
		],
		"width" : 2048
	},
	"version_major" : 1,
	"version_minor" : 0
}