{
	"class_name" : "PinholeCameraParameters",
	"extrinsic" : 
	[
		0.40833601511925899,
		-0.80037137454335006,
		0.43893890414055675,
		0.0,
		-0.9128157175896493,
		-0.35517820990914978,
		0.20153388034528036,
		0.0,
		-0.0054004145968802597,
		-0.48296387237278987,
		-0.87562362548349593,
		0.0,
		0.032334611903172446,
		-0.19362022704978543,
		1.4297398016357965,
		1.0
	],
	"intrinsic" : 
	{
		"height" : 1536,
		"intrinsic_matrix" : 
		[
			973.43609619140591,
			0.0,
			0.0,
			0.0,
			973.43609619140591,
			0.0,
			1023.5,
			767.5,
			1.0
		],
		"width" : 2048
	},
	"version_major" : 1,
	"version_minor" : 0
}