{
	"class_name" : "PinholeCameraParameters",
	"extrinsic" : 
	[
		0.14819442816833983,
		-0.80037137454335006,
		0.5808993667335568,
		0.0,
		-0.89781918827859308,
		-0.35517820990914978,
		-0.26032507440602093,
		0.0,
		0.41467953484423026,
		-0.48296387237278987,
		-0.7712242095292734,
		0.0,
		0.12310324543918388,
		-0.19362022704978549,
		1.4693890794047444,
		1.0
	],
	"intrinsic" : 
	{
		"height" : 1536,
		"intrinsic_matrix" : 
		[
			973.43609619140591,
			0.0,
			0.0,
			0.0,
			973.43609619140591,
			0.0,
			1023.5,
			767.5,
			1.0
		],
		"width" : 2048
	},
	"version_major" : 1,
	"version_minor" : 0
}