{
	"class_name" : "PinholeCameraParameters",
	"extrinsic" : 
	[
		-0.017853184603315309,
		-0.80037137454335006,
		0.59923862242941961,
		0.0,
		-0.79112665813777039,
		-0.35517820990914983,
		-0.49796290021395728,
		0.0,
		0.61139175213874419,
		-0.48296387237278993,
		-0.62685406866303106,
		0.0,
		0.1619489801846633,
		-0.19362022704978554,
		1.5094964583847719,
		1.0
	],
	"intrinsic" : 
	{
		"height" : 1536,
		"intrinsic_matrix" : 
		[
			973.43609619140591,
			0.0,
			0.0,
			0.0,
			973.43609619140591,
			0.0,
			1023.5,
			767.5,
			1.0
		],
		"width" : 2048
	},
	"version_major" : 1,
	"version_minor" : 0
}