{
	"class_name" : "PinholeCameraParameters",
	"extrinsic" : 
	[
		-0.29926026335695655,
		-0.80037137454335006,
		0.51946988130892979,
		0.0,
		-0.46135369927864189,
		-0.35517820990914978,
		-0.8130198050279247,
		0.0,
		0.83522216142619055,
		-0.48296387237278993,
		-0.26296356980624142,
		0.0,
		0.19850074038316479,
		-0.19362022704978549,
		1.6001662821714002,
		1.0
	],
	"intrinsic" : 
	{
		"height" : 1536,
		"intrinsic_matrix" : 
		[
			973.43609619140591,
			0.0,
			0.0,
			0.0,
			973.43609619140591,
			0.0,
			1023.5,
			767.5,
			1.0
		],
		"width" : 2048
	},
	"version_major" : 1,
	"version_minor" : 0
}