{
	"class_name" : "PinholeCameraParameters",
	"extrinsic" : 
	[
		-0.57025948388465275,
		-0.80037137454335006,
		0.18495887070156433,
		0.0,
		0.20250588355438481,
		-0.35517820990914978,
		-0.91260057326937405,
		0.0,
		0.79611273583925746,
		-0.48296387237278993,
		0.36462365504340521,
		0.0,
		0.16562928915947506,
		-0.1936202270497856,
		1.7402499370408886,
		1.0
	],
	"intrinsic" : 
	{
		"height" : 1536,
		"intrinsic_matrix" : 
		[
			973.43609619140591,
			0.0,
			0.0,
			0.0,
			973.43609619140591,
			0.0,
			1023.5,
			767.5,
			1.0
		],
		"width" : 2048
	},
	"version_major" : 1,
	"version_minor" : 0
}