{
	"class_name" : "PinholeCameraParameters",
	"extrinsic" : 
	[
		-0.59632744067595445,
		-0.80037137454335017,
		-0.061638026480854827,
		0.0,
		0.55449768591927939,
		-0.35517820990914978,
		-0.75258272337059151,
		0.0,
		0.58045318485389541,
		-0.48296387237278993,
		0.65560658795931059,
		0.0,
		0.1058268274319577,
		-0.19362022704978565,
		1.7976312042772316,
		1.0
	],
	"intrinsic" : 
	{
		"height" : 1536,
		"intrinsic_matrix" : 
		[
			973.43609619140591,
			0.0,
			0.0,
			0.0,
			973.43609619140591,
			0.0,
			1023.5,
			767.5,
			1.0
		],
		"width" : 2048
	},
	"version_major" : 1,
	"version_minor" : 0
}