{
	"class_name" : "PinholeCameraParameters",
	"extrinsic" : 
	[
		-0.39928705443576312,
		-0.80037137454335006,
		-0.44718621509568079,
		0.0,
		0.91674098883719835,
		-0.35517820990914972,
		-0.18285075496570413,
		0.0,
		-0.012482289285541988,
		-0.48296387237278993,
		0.87555130657024993,
		0.0,
		-0.036366139027535785,
		-0.19362022704978565,
		1.8245296099611095,
		1.0
	],
	"intrinsic" : 
	{
		"height" : 1536,
		"intrinsic_matrix" : 
		[
			973.43609619140591,
			0.0,
			0.0,
			0.0,
			973.43609619140591,
			0.0,
			1023.5,
			767.5,
			1.0
		],
		"width" : 2048
	},
	"version_major" : 1,
	"version_minor" : 0
}