{
	"class_name" : "PinholeCameraParameters",
	"extrinsic" : 
	[
		-0.19514597905121173,
		-0.80037137454335006,
		-0.56685422259319251,
		0.0,
		0.91608220085000536,
		-0.35517820990914972,
		0.18612318633513281,
		0.0,
		-0.35030193854153108,
		-0.48296387237278993,
		0.80251756979939393,
		0.0,
		-0.10977892971640613,
		-0.19362022704978565,
		1.7951084839520388,
		1.0
	],
	"intrinsic" : 
	{
		"height" : 1536,
		"intrinsic_matrix" : 
		[
			973.43609619140591,
			0.0,
			0.0,
			0.0,
			973.43609619140591,
			0.0,
			1023.5,
			767.5,
			1.0
		],
		"width" : 2048
	},
	"version_major" : 1,
	"version_minor" : 0
}