{
	"class_name" : "PinholeCameraParameters",
	"extrinsic" : 
	[
		-0.79970614604639156,
		-0.54369406265972486,
		-0.25468970572873728,
		0.0,
		-0.082410782480438677,
		0.5195938656458956,
		-0.85042970180616162,
		0.0,
		0.59470878832130059,
		-0.65910468137596956,
		-0.46032866093878227,
		0.0,
		0.093457264669754597,
		-0.22019632640880632,
		1.3032065102518362,
		1.0
	],
	"intrinsic" : 
	{
		"height" : 1536,
		"intrinsic_matrix" : 
		[
			973.43609619140591,
			0.0,
			0.0,
			0.0,
			973.43609619140591,
			0.0,
			1023.5,
			767.5,
			1.0
		],
		"width" : 2048
	},
	"version_major" : 1,
	"version_minor" : 0
}