{
	"class_name" : "PinholeCameraParameters",
	"extrinsic" : 
	[
		-0.05339331157669,
		-0.32064875553451938,
		-0.94569209040418578,
		0.0,
		0.84463544831011717,
		-0.51968640389626442,
		0.12851848529817159,
		0.0,
		-0.53267261402933241,
		-0.79190303521298155,
		0.29857908346638273,
		0.0,
		-0.14680086468081749,
		-0.23681373698135166,
		1.6300222679192249,
		1.0
	],
	"intrinsic" : 
	{
		"height" : 1536,
		"intrinsic_matrix" : 
		[
			973.43609619140591,
			0.0,
			0.0,
			0.0,
			973.43609619140591,
			0.0,
			1023.5,
			767.5,
			1.0
		],
		"width" : 2048
	},
	"version_major" : 1,
	"version_minor" : 0
}