{
	"class_name" : "PinholeCameraParameters",
	"extrinsic" : 
	[
		0.78892113362463312,
		-0.32064875553451938,
		-0.52420207982665212,
		0.0,
		0.31616012682107369,
		-0.51968640389626453,
		0.79370574888547396,
		0.0,
		-0.52692145442077643,
		-0.79190303521298167,
		-0.30861523567633681,
		0.0,
		-0.076410236628258021,
		-0.23681373698135164,
		1.502112423272107,
		1.0
	],
	"intrinsic" : 
	{
		"height" : 1536,
		"intrinsic_matrix" : 
		[
			973.43609619140591,
			0.0,
			0.0,
			0.0,
			973.43609619140591,
			0.0,
			1023.5,
			767.5,
			1.0
		],
		"width" : 2048
	},
	"version_major" : 1,
	"version_minor" : 0
}