{
	"class_name" : "PinholeCameraParameters",
	"extrinsic" : 
	[
		0.89999153371351881,
		-0.32064875553451938,
		0.2952958090087841,
		0.0,
		-0.42780209498077426,
		-0.51968640389626453,
		0.73953458954631013,
		0.0,
		-0.083669628743342758,
		-0.79190303521298167,
		-0.60488757306330787,
		0.0,
		0.051194218898207675,
		-0.23681373698135155,
		1.489877052139992,
		1.0
	],
	"intrinsic" : 
	{
		"height" : 1536,
		"intrinsic_matrix" : 
		[
			973.43609619140591,
			0.0,
			0.0,
			0.0,
			973.43609619140591,
			0.0,
			1023.5,
			767.5,
			1.0
		],
		"width" : 2048
	},
	"version_major" : 1,
	"version_minor" : 0
}