{
	"class_name" : "PinholeCameraParameters",
	"extrinsic" : 
	[
		0.60921080520206661,
		-0.32064875553451949,
		0.72529067993406193,
		0.0,
		-0.75333102933003948,
		-0.51968640389626453,
		0.4030116646623419,
		0.0,
		0.2476985164945342,
		-0.79190303521298144,
		-0.55815322963042546,
		0.0,
		0.11603277884820054,
		-0.23681373698135155,
		1.5375225861131605,
		1.0
	],
	"intrinsic" : 
	{
		"height" : 1536,
		"intrinsic_matrix" : 
		[
			973.43609619140591,
			0.0,
			0.0,
			0.0,
			973.43609619140591,
			0.0,
			1023.5,
			767.5,
			1.0
		],
		"width" : 2048
	},
	"version_major" : 1,
	"version_minor" : 0
}