{
	"class_name" : "PinholeCameraParameters",
	"extrinsic" : 
	[
		0.59759212788773741,
		-0.32064875553451949,
		0.73489320602436536,
		0.0,
		-0.75964876124603331,
		-0.51968640389626453,
		0.39097289054707601,
		0.0,
		0.25654903668494528,
		-0.79190303521298144,
		-0.55414093387557473,
		0.0,
		0.11744966505776563,
		-0.23681373698135166,
		1.5393804049813122,
		1.0
	],
	"intrinsic" : 
	{
		"height" : 1536,
		"intrinsic_matrix" : 
		[
			973.43609619140591,
			0.0,
			0.0,
			0.0,
			973.43609619140591,
			0.0,
			1023.5,
			767.5,
			1.0
		],
		"width" : 2048
	},
	"version_major" : 1,
	"version_minor" : 0
}