{
	"class_name" : "PinholeCameraParameters",
	"extrinsic" : 
	[
		-0.14973058963251154,
		-0.32064875553451949,
		0.93528879288830602,
		0.0,
		-0.79772611656377357,
		-0.51968640389626453,
		-0.30587429535259986,
		0.0,
		0.58413508153541094,
		-0.79190303521298167,
		-0.17797693485417179,
		0.0,
		0.14395807353323556,
		-0.23681373698135164,
		1.6563472635104015,
		1.0
	],
	"intrinsic" : 
	{
		"height" : 1536,
		"intrinsic_matrix" : 
		[
			973.43609619140591,
			0.0,
			0.0,
			0.0,
			973.43609619140591,
			0.0,
			1023.5,
			767.5,
			1.0
		],
		"width" : 2048
	},
	"version_major" : 1,
	"version_minor" : 0
}