{
	"class_name" : "PinholeCameraParameters",
	"extrinsic" : 
	[
		-0.8704563367970185,
		-0.32064875553451944,
		0.3734837898812739,
		0.0,
		-0.16798430017345992,
		-0.51968640389626453,
		-0.83767972191082773,
		0.0,
		0.46269540804415643,
		-0.79190303521298167,
		0.39850036661880112,
		0.0,
		0.052571346532931718,
		-0.23681373698135166,
		1.7645737155172534,
		1.0
	],
	"intrinsic" : 
	{
		"height" : 1536,
		"intrinsic_matrix" : 
		[
			973.43609619140591,
			0.0,
			0.0,
			0.0,
			973.43609619140591,
			0.0,
			1023.5,
			767.5,
			1.0
		],
		"width" : 2048
	},
	"version_major" : 1,
	"version_minor" : 0
}