{
	"class_name" : "PinholeCameraParameters",
	"extrinsic" : 
	[
		-0.92331505649792533,
		-0.32064875553451944,
		-0.21136149606396404,
		0.0,
		0.35804911921278543,
		-0.51968640389626453,
		-0.77571055802813293,
		0.0,
		0.13888892927509247,
		-0.79190303521298167,
		0.5946422858704935,
		0.0,
		-0.03833512756257329,
		-0.23681373698135166,
		1.7692153245793785,
		1.0
	],
	"intrinsic" : 
	{
		"height" : 1536,
		"intrinsic_matrix" : 
		[
			973.43609619140591,
			0.0,
			0.0,
			0.0,
			973.43609619140591,
			0.0,
			1023.5,
			767.5,
			1.0
		],
		"width" : 2048
	},
	"version_major" : 1,
	"version_minor" : 0
}