{
	"class_name" : "PinholeCameraParameters",
	"extrinsic" : 
	[
		-0.61883941124772324,
		-0.32064875553451949,
		-0.71709285218912577,
		0.0,
		0.7478835374663243,
		-0.51968640389626453,
		-0.41303299625117817,
		0.0,
		-0.24022488937124814,
		-0.79190303521298155,
		0.56141035379394189,
		0.0,
		-0.11482139997810886,
		-0.23681373698135166,
		1.7189894490315176,
		1.0
	],
	"intrinsic" : 
	{
		"height" : 1536,
		"intrinsic_matrix" : 
		[
			973.43609619140591,
			0.0,
			0.0,
			0.0,
			973.43609619140591,
			0.0,
			1023.5,
			767.5,
			1.0
		],
		"width" : 2048
	},
	"version_major" : 1,
	"version_minor" : 0
}