{
	"class_name" : "PinholeCameraParameters",
	"extrinsic" : 
	[
		0.24506807725797131,
		-0.32064875553451944,
		-0.9149459071897339,
		0.0,
		0.76206307167282739,
		-0.51968640389626453,
		0.38624592735450791,
		0.0,
		-0.59933422420353755,
		-0.79190303521298144,
		0.11699602779073839,
		0.0,
		-0.14022920478762935,
		-0.23681373698135155,
		1.5839803224781221,
		1.0
	],
	"intrinsic" : 
	{
		"height" : 1536,
		"intrinsic_matrix" : 
		[
			973.43609619140591,
			0.0,
			0.0,
			0.0,
			973.43609619140591,
			0.0,
			1023.5,
			767.5,
			1.0
		],
		"width" : 2048
	},
	"version_major" : 1,
	"version_minor" : 0
}