{
	"class_name" : "PinholeCameraParameters",
	"extrinsic" : 
	[
		0.44603862531359528,
		0.0,
		-0.89501371203370872,
		0.0,
		0.0,
		-1.0,
		-0.0,
		0.0,
		-0.89501371203370872,
		-0.0,
		-0.44603862531359528,
		0.0,
		-0.20221459785423024,
		0.00059831142425537109,
		1.2544005945352523,
		1.0
	],
	"intrinsic" : 
	{
		"height" : 1536,
		"intrinsic_matrix" : 
		[
			973.43609619140591,
			0.0,
			0.0,
			0.0,
			973.43609619140591,
			0.0,
			1023.5,
			767.5,
			1.0
		],
		"width" : 2048
	},
	"version_major" : 1,
	"version_minor" : 0
}