{
	"class_name" : "PinholeCameraParameters",
	"extrinsic" : 
	[
		-0.17544217912207472,
		0.11145297670386904,
		-0.97816065948735886,
		0.0,
		0.6976071368961162,
		0.71515039517071788,
		-0.043637081006520417,
		0.0,
		0.69466849959999022,
		-0.69002764167170361,
		-0.20321793570569921,
		0.0,
		0.17042696585124098,
		-0.17524250920165618,
		1.3123695085329292,
		1.0
	],
	"intrinsic" : 
	{
		"height" : 1536,
		"intrinsic_matrix" : 
		[
			973.43609619140591,
			0.0,
			0.0,
			0.0,
			973.43609619140591,
			0.0,
			1023.5,
			767.5,
			1.0
		],
		"width" : 2048
	},
	"version_major" : 1,
	"version_minor" : 0
}