{
	"class_name" : "PinholeCameraParameters",
	"extrinsic" : 
	[
		0.27161378823459753,
		0.37030553034492225,
		-0.8883128751947803,
		0.0,
		0.75048953093597071,
		-0.65932278534881672,
		-0.045375419286049878,
		0.0,
		-0.60248768783798223,
		-0.65434492350429696,
		-0.45699158316953509,
		0.0,
		-0.13890253018285659,
		-0.14384747843729356,
		1.4637123743823151,
		1.0
	],
	"intrinsic" : 
	{
		"height" : 1536,
		"intrinsic_matrix" : 
		[
			973.43609619140591,
			0.0,
			0.0,
			0.0,
			973.43609619140591,
			0.0,
			1023.5,
			767.5,
			1.0
		],
		"width" : 2048
	},
	"version_major" : 1,
	"version_minor" : 0
}