{
	"class_name" : "PinholeCameraParameters",
	"extrinsic" : 
	[
		0.73151704087661207,
		0.37030553034492225,
		-0.57250033458775484,
		0.0,
		0.64112875277346215,
		-0.65932278534881672,
		0.39274341125857626,
		0.0,
		-0.23202745801794702,
		-0.65434492350429685,
		-0.7197193757360475,
		0.0,
		-0.0026901869471335493,
		-0.14384747843729362,
		1.4191351822249432,
		1.0
	],
	"intrinsic" : 
	{
		"height" : 1536,
		"intrinsic_matrix" : 
		[
			973.43609619140591,
			0.0,
			0.0,
			0.0,
			973.43609619140591,
			0.0,
			1023.5,
			767.5,
			1.0
		],
		"width" : 2048
	},
	"version_major" : 1,
	"version_minor" : 0
}