{
	"class_name" : "PinholeCameraParameters",
	"extrinsic" : 
	[
		0.92863657234767261,
		0.37030553034492231,
		0.022537317815829735,
		0.0,
		0.24566772973761475,
		-0.65932278534881683,
		0.7105918879958063,
		0.0,
		0.27799547309971101,
		-0.65434492350429685,
		-0.70324337040616591,
		0.0,
		0.14950153097531754,
		-0.14384747843729362,
		1.4717557811869162,
		1.0
	],
	"intrinsic" : 
	{
		"height" : 1536,
		"intrinsic_matrix" : 
		[
			973.43609619140591,
			0.0,
			0.0,
			0.0,
			973.43609619140591,
			0.0,
			1023.5,
			767.5,
			1.0
		],
		"width" : 2048
	},
	"version_major" : 1,
	"version_minor" : 0
}