{
	"class_name" : "PinholeCameraParameters",
	"extrinsic" : 
	[
		0.67112345446436072,
		0.37030553034492231,
		0.64223603376312444,
		0.0,
		-0.29713326143436219,
		-0.65932278534881683,
		0.69065569545849481,
		0.0,
		0.67919447422457901,
		-0.65434492350429685,
		-0.33245689535179412,
		0.0,
		0.23578624669276299,
		-0.1438474784372934,
		1.6210046291950118,
		1.0
	],
	"intrinsic" : 
	{
		"height" : 1536,
		"intrinsic_matrix" : 
		[
			973.43609619140591,
			0.0,
			0.0,
			0.0,
			973.43609619140591,
			0.0,
			1023.5,
			767.5,
			1.0
		],
		"width" : 2048
	},
	"version_major" : 1,
	"version_minor" : 0
}