{
	"class_name" : "PinholeCameraParameters",
	"extrinsic" : 
	[
		0.124236413272694,
		0.37030553034492225,
		0.92056457014872262,
		0.0,
		-0.66294087846696148,
		-0.65932278534881683,
		0.35468698365929857,
		0.0,
		0.73829174807428932,
		-0.65434492350429685,
		0.16357877554733749,
		0.0,
		0.2072518644744821,
		-0.1438474784372934,
		1.7760415553037672,
		1.0
	],
	"intrinsic" : 
	{
		"height" : 1536,
		"intrinsic_matrix" : 
		[
			973.43609619140591,
			0.0,
			0.0,
			0.0,
			973.43609619140591,
			0.0,
			1023.5,
			767.5,
			1.0
		],
		"width" : 2048
	},
	"version_major" : 1,
	"version_minor" : 0
}