{
	"class_name" : "PinholeCameraParameters",
	"extrinsic" : 
	[
		-0.39970896195138084,
		0.37030553034492225,
		0.83851449595800998,
		0.0,
		-0.7489704582147626,
		-0.65932278534881672,
		-0.065853757990312844,
		0.0,
		0.52846570225258527,
		-0.65434492350429674,
		0.54088512886456575,
		0.0,
		0.10875215493838586,
		-0.14384747843729329,
		1.8701640127382897,
		1.0
	],
	"intrinsic" : 
	{
		"height" : 1536,
		"intrinsic_matrix" : 
		[
			973.43609619140591,
			0.0,
			0.0,
			0.0,
			973.43609619140591,
			0.0,
			1023.5,
			767.5,
			1.0
		],
		"width" : 2048
	},
	"version_major" : 1,
	"version_minor" : 0
}