{
	"class_name" : "PinholeCameraParameters",
	"extrinsic" : 
	[
		-0.86414259371664326,
		0.37030553034492225,
		0.34078056270955126,
		0.0,
		-0.50293472041110987,
		-0.65932278534881672,
		-0.55888293203932871,
		0.0,
		0.017726949248849683,
		-0.65434492350429685,
		0.75598841019851937,
		0.0,
		-0.065293121588902825,
		-0.14384747843729351,
		1.8872791838255942,
		1.0
	],
	"intrinsic" : 
	{
		"height" : 1536,
		"intrinsic_matrix" : 
		[
			973.43609619140591,
			0.0,
			0.0,
			0.0,
			973.43609619140591,
			0.0,
			1023.5,
			767.5,
			1.0
		],
		"width" : 2048
	},
	"version_major" : 1,
	"version_minor" : 0
}