{
	"class_name" : "PinholeCameraParameters",
	"extrinsic" : 
	[
		-0.92815632451421681,
		0.37030553034492231,
		-0.037411916019173382,
		0.0,
		-0.23425195770977533,
		-0.65932278534881683,
		-0.71443648075179911,
		0.0,
		-0.28922630857755222,
		-0.65434492350429685,
		0.69869940855188839,
		0.0,
		-0.15246216190747913,
		-0.1438474784372934,
		1.8413307041472926,
		1.0
	],
	"intrinsic" : 
	{
		"height" : 1536,
		"intrinsic_matrix" : 
		[
			973.43609619140591,
			0.0,
			0.0,
			0.0,
			973.43609619140591,
			0.0,
			1023.5,
			767.5,
			1.0
		],
		"width" : 2048
	},
	"version_major" : 1,
	"version_minor" : 0
}