{
	"class_name" : "PinholeCameraParameters",
	"extrinsic" : 
	[
		-0.36276385284119694,
		0.37030553034492231,
		-0.85514688870847,
		0.0,
		0.54584100955579129,
		-0.65932278534881683,
		-0.5170600129646391,
		0.0,
		-0.75528801086666619,
		-0.65434492350429685,
		0.037050529351561168,
		0.0,
		-0.23112083907410058,
		-0.14384747843729348,
		1.5983495808106543,
		1.0
	],
	"intrinsic" : 
	{
		"height" : 1536,
		"intrinsic_matrix" : 
		[
			973.43609619140591,
			0.0,
			0.0,
			0.0,
			973.43609619140591,
			0.0,
			1023.5,
			767.5,
			1.0
		],
		"width" : 2048
	},
	"version_major" : 1,
	"version_minor" : 0
}