{
	"class_name" : "PinholeCameraParameters",
	"extrinsic" : 
	[
		0.29619023084114232,
		0.37030553034492225,
		-0.88042328532941294,
		0.0,
		0.7514605267455966,
		-0.65932278534881683,
		-0.02450594750481605,
		0.0,
		-0.58955782065672035,
		-0.65434492350429685,
		-0.47355495688109367,
		0.0,
		-0.13345759618592867,
		-0.14384747843729351,
		1.459927952961299,
		1.0
	],
	"intrinsic" : 
	{
		"height" : 1536,
		"intrinsic_matrix" : 
		[
			973.43609619140591,
			0.0,
			0.0,
			0.0,
			973.43609619140591,
			0.0,
			1023.5,
			767.5,
			1.0
		],
		"width" : 2048
	},
	"version_major" : 1,
	"version_minor" : 0
}