{
	"class_name" : "PinholeCameraParameters",
	"extrinsic" : 
	[
		0.57519741842324545,
		0.111452976703869,
		-0.81038642870119726,
		0.0,
		0.51979938400979653,
		0.71515039517071788,
		0.46729916827467405,
		0.0,
		0.63163005804210259,
		-0.6900276416717035,
		0.35341947244983146,
		0.0,
		0.21481632393305333,
		-0.17524250920165613,
		1.4740531845795009,
		1.0
	],
	"intrinsic" : 
	{
		"height" : 1536,
		"intrinsic_matrix" : 
		[
			973.43609619140591,
			0.0,
			0.0,
			0.0,
			973.43609619140591,
			0.0,
			1023.5,
			767.5,
			1.0
		],
		"width" : 2048
	},
	"version_major" : 1,
	"version_minor" : 0
}