{
	"class_name" : "PinholeCameraParameters",
	"extrinsic" : 
	[
		0.92393229773107166,
		0.2858584998726762,
		0.25423223096201958,
		0.0,
		0.33425464592480608,
		-0.92646209042228156,
		-0.17303706738169944,
		0.0,
		0.18607240764569316,
		0.2448528396015032,
		-0.951537779624128,
		0.0,
		0.12456935588316062,
		0.08906581536081204,
		1.4249708051384076,
		1.0
	],
	"intrinsic" : 
	{
		"height" : 1536,
		"intrinsic_matrix" : 
		[
			973.43609619140591,
			0.0,
			0.0,
			0.0,
			973.43609619140591,
			0.0,
			1023.5,
			767.5,
			1.0
		],
		"width" : 2048
	},
	"version_major" : 1,
	"version_minor" : 0
}