{
	"class_name" : "PinholeCameraParameters",
	"extrinsic" : 
	[
		0.12416093038935276,
		0.28585849987267625,
		0.9501941808995642,
		0.0,
		0.28916968397760223,
		-0.92646209042228156,
		0.24093337020568567,
		0.0,
		0.9491917389195631,
		0.24485283960150322,
		-0.19769200718778837,
		0.0,
		0.26287832705760167,
		0.08906581536081197,
		1.6822464345228332,
		1.0
	],
	"intrinsic" : 
	{
		"height" : 1536,
		"intrinsic_matrix" : 
		[
			973.43609619140591,
			0.0,
			0.0,
			0.0,
			973.43609619140591,
			0.0,
			1023.5,
			767.5,
			1.0
		],
		"width" : 2048
	},
	"version_major" : 1,
	"version_minor" : 0
}