{
	"class_name" : "PinholeCameraParameters",
	"extrinsic" : 
	[
		-0.62753844972929596,
		0.28585849987267625,
		0.72421019888005933,
		0.0,
		0.012119858744775225,
		-0.92646209042228156,
		0.37619290800649474,
		0.0,
		0.77849123510503226,
		0.24485283960150325,
		0.57792601931711118,
		0.0,
		0.15638631252293456,
		0.089065815360811984,
		1.8704691682210319,
		1.0
	],
	"intrinsic" : 
	{
		"height" : 1536,
		"intrinsic_matrix" : 
		[
			973.43609619140591,
			0.0,
			0.0,
			0.0,
			973.43609619140591,
			0.0,
			1023.5,
			767.5,
			1.0
		],
		"width" : 2048
	},
	"version_major" : 1,
	"version_minor" : 0
}