{
	"class_name" : "PinholeCameraParameters",
	"extrinsic" : 
	[
		-0.95192444991760727,
		0.28585849987267625,
		0.11011248657443001,
		0.0,
		-0.24517828444635237,
		-0.92646209042228156,
		0.28557941775681217,
		0.0,
		0.18365034844781647,
		0.24485283960150325,
		0.95200821238793742,
		0.0,
		-0.028373877835878802,
		0.089065815360811984,
		1.9202406084400891,
		1.0
	],
	"intrinsic" : 
	{
		"height" : 1536,
		"intrinsic_matrix" : 
		[
			973.43609619140591,
			0.0,
			0.0,
			0.0,
			973.43609619140591,
			0.0,
			1023.5,
			767.5,
			1.0
		],
		"width" : 2048
	},
	"version_major" : 1,
	"version_minor" : 0
}