{
	"class_name" : "PinholeCameraParameters",
	"extrinsic" : 
	[
		-0.70437172333366349,
		0.28585849987267631,
		-0.64972716844727074,
		0.0,
		-0.37638784443255274,
		-0.92646209042228156,
		0.00043078276756033929,
		0.0,
		-0.60182444776810251,
		0.24485283960150322,
		0.76016736381385053,
		0.0,
		-0.21747062527798589,
		0.089065815360811929,
		1.807457396444657,
		1.0
	],
	"intrinsic" : 
	{
		"height" : 1536,
		"intrinsic_matrix" : 
		[
			973.43609619140591,
			0.0,
			0.0,
			0.0,
			973.43609619140591,
			0.0,
			1023.5,
			767.5,
			1.0
		],
		"width" : 2048
	},
	"version_major" : 1,
	"version_minor" : 0
}