{
	"class_name" : "PinholeCameraParameters",
	"extrinsic" : 
	[
		0.18892303620773393,
		0.28585849987267631,
		-0.93946421136762548,
		0.0,
		-0.19601395406746186,
		-0.92646209042228156,
		-0.321319972645983,
		0.0,
		-0.96223002250028045,
		0.2448528396015032,
		-0.11899777619010526,
		0.0,
		-0.24093196184232585,
		0.089065815360811887,
		1.5497863355290811,
		1.0
	],
	"intrinsic" : 
	{
		"height" : 1536,
		"intrinsic_matrix" : 
		[
			973.43609619140591,
			0.0,
			0.0,
			0.0,
			973.43609619140591,
			0.0,
			1023.5,
			767.5,
			1.0
		],
		"width" : 2048
	},
	"version_major" : 1,
	"version_minor" : 0
}