{
	"class_name" : "PinholeCameraParameters",
	"extrinsic" : 
	[
		0.53411294663835973,
		0.28585849987267631,
		-0.79561817367618748,
		0.0,
		-0.05810447686300043,
		-0.92646209042228156,
		-0.3718761417177141,
		0.0,
		-0.84341403237186297,
		0.2448528396015032,
		-0.47822573847223526,
		0.0,
		-0.18126226153246988,
		0.089065815360812012,
		1.4657919457483368,
		1.0
	],
	"intrinsic" : 
	{
		"height" : 1536,
		"intrinsic_matrix" : 
		[
			973.43609619140591,
			0.0,
			0.0,
			0.0,
			973.43609619140591,
			0.0,
			1023.5,
			767.5,
			1.0
		],
		"width" : 2048
	},
	"version_major" : 1,
	"version_minor" : 0
}