{
	"class_name" : "PinholeCameraParameters",
	"extrinsic" : 
	[
		0.95718285117748303,
		0.28585849987267631,
		-0.045671735923736523,
		0.0,
		0.26387740494039924,
		-0.92646209042228156,
		-0.26839655395011475,
		0.0,
		-0.11903656822029499,
		0.24485283960150322,
		-0.96222522434480773,
		0.0,
		0.04600936362074097,
		0.089065815360811873,
		1.3977756413148663,
		1.0
	],
	"intrinsic" : 
	{
		"height" : 1536,
		"intrinsic_matrix" : 
		[
			973.43609619140591,
			0.0,
			0.0,
			0.0,
			973.43609619140591,
			0.0,
			1023.5,
			767.5,
			1.0
		],
		"width" : 2048
	},
	"version_major" : 1,
	"version_minor" : 0
}