{
	"class_name" : "PinholeCameraParameters",
	"extrinsic" : 
	[
		0.69855629046756107,
		0.28585849987267625,
		0.65597562995796088,
		0.0,
		0.37637674916334485,
		-0.92646209042228156,
		0.0029219342239194535,
		0.0,
		0.6085718131309017,
		0.24485283960150317,
		-0.75477641404699936,
		0.0,
		0.21879550173238105,
		0.089065815360811956,
		1.5099911658346745,
		1.0
	],
	"intrinsic" : 
	{
		"height" : 1536,
		"intrinsic_matrix" : 
		[
			973.43609619140591,
			0.0,
			0.0,
			0.0,
			973.43609619140591,
			0.0,
			1023.5,
			767.5,
			1.0
		],
		"width" : 2048
	},
	"version_major" : 1,
	"version_minor" : 0
}