{
	"class_name" : "PinholeCameraParameters",
	"extrinsic" : 
	[
		0.56301354840009665,
		0.28585849987267631,
		0.77543578868174201,
		0.0,
		0.36913870947098976,
		-0.92646209042228156,
		0.073516040293724341,
		0.0,
		0.73942704676528048,
		0.24485283960150314,
		-0.62713214672113271,
		0.0,
		0.24264160215049813,
		0.089065815360811956,
		1.5536854172130745,
		1.0
	],
	"intrinsic" : 
	{
		"height" : 1536,
		"intrinsic_matrix" : 
		[
			973.43609619140591,
			0.0,
			0.0,
			0.0,
			973.43609619140591,
			0.0,
			1023.5,
			767.5,
			1.0
		],
		"width" : 2048
	},
	"version_major" : 1,
	"version_minor" : 0
}