{
	"class_name" : "PinholeCameraParameters",
	"extrinsic" : 
	[
		0.82423562854186627,
		0.11145297670386901,
		-0.55517012043700764,
		0.0,
		0.3213785900216185,
		0.71515039517071788,
		0.62070581934027536,
		0.0,
		0.46620964224038869,
		-0.69002764167170361,
		0.55363383495869889,
		0.0,
		0.19111756340976788,
		-0.17524250920165629,
		1.5480838417457305,
		1.0
	],
	"intrinsic" : 
	{
		"height" : 1536,
		"intrinsic_matrix" : 
		[
			973.43609619140591,
			0.0,
			0.0,
			0.0,
			973.43609619140591,
			0.0,
			1023.5,
			767.5,
			1.0
		],
		"width" : 2048
	},
	"version_major" : 1,
	"version_minor" : 0
}