{
	"class_name" : "PinholeCameraParameters",
	"extrinsic" : 
	[
		-0.12649237356943821,
		0.17952408321178137,
		0.97558740406779509,
		0.0,
		0.21679825552367496,
		-0.95470809191083583,
		0.20379150041614219,
		0.0,
		0.96798667130837146,
		0.23728371791368352,
		0.081842784546949723,
		0.0,
		0.24753378551673122,
		0.078412865342830207,
		1.7588275817287304,
		1.0
	],
	"intrinsic" : 
	{
		"height" : 1536,
		"intrinsic_matrix" : 
		[
			973.43609619140591,
			0.0,
			0.0,
			0.0,
			973.43609619140591,
			0.0,
			1023.5,
			767.5,
			1.0
		],
		"width" : 2048
	},
	"version_major" : 1,
	"version_minor" : 0
}