{
	"class_name" : "PinholeCameraParameters",
	"extrinsic" : 
	[
		-0.89766267296224822,
		0.17952408321178137,
		0.40245848123407879,
		0.0,
		-0.060299732839482235,
		-0.95470809191083594,
		0.29136987054165053,
		0.0,
		0.43653827757684555,
		0.2372837179136835,
		0.86783107193929199,
		0.0,
		0.043322496219435069,
		0.07841286534283004,
		1.9215940964428784,
		1.0
	],
	"intrinsic" : 
	{
		"height" : 1536,
		"intrinsic_matrix" : 
		[
			973.43609619140591,
			0.0,
			0.0,
			0.0,
			973.43609619140591,
			0.0,
			1023.5,
			767.5,
			1.0
		],
		"width" : 2048
	},
	"version_major" : 1,
	"version_minor" : 0
}