{
	"class_name" : "PinholeCameraParameters",
	"extrinsic" : 
	[
		-0.96658760786384235,
		0.17952408321178132,
		-0.18297404152235486,
		0.0,
		-0.21604613087285471,
		-0.95470809191083583,
		0.20458868144362344,
		0.0,
		-0.13795820257934777,
		0.23728371791368347,
		0.96159449434474986,
		0.0,
		-0.11528923433544652,
		0.078412865342830096,
		1.8989943041922699,
		1.0
	],
	"intrinsic" : 
	{
		"height" : 1536,
		"intrinsic_matrix" : 
		[
			973.43609619140591,
			0.0,
			0.0,
			0.0,
			973.43609619140591,
			0.0,
			1023.5,
			767.5,
			1.0
		],
		"width" : 2048
	},
	"version_major" : 1,
	"version_minor" : 0
}