{
	"class_name" : "PinholeCameraParameters",
	"extrinsic" : 
	[
		-0.21746883188354918,
		0.17952408321178132,
		-0.95941566106989007,
		0.0,
		-0.27374899938710145,
		-0.95470809191083583,
		-0.11659307258380244,
		0.0,
		-0.93689315959385977,
		0.23728371791368344,
		0.25676379168273344,
		0.0,
		-0.26720289524137675,
		0.078412865342830096,
		1.648176185576089,
		1.0
	],
	"intrinsic" : 
	{
		"height" : 1536,
		"intrinsic_matrix" : 
		[
			973.43609619140591,
			0.0,
			0.0,
			0.0,
			973.43609619140591,
			0.0,
			1023.5,
			767.5,
			1.0
		],
		"width" : 2048
	},
	"version_major" : 1,
	"version_minor" : 0
}