{
	"class_name" : "PinholeCameraParameters",
	"extrinsic" : 
	[
		0.086341281700369907,
		0.17952408321178132,
		-0.97995728816173766,
		0.0,
		-0.2249804818952891,
		-0.95470809191083594,
		-0.19472093366182944,
		0.0,
		-0.97053024983279168,
		0.23728371791368347,
		-0.042041305552499575,
		0.0,
		-0.25147394533027712,
		0.078412865342830096,
		1.5669234951588822,
		1.0
	],
	"intrinsic" : 
	{
		"height" : 1536,
		"intrinsic_matrix" : 
		[
			973.43609619140591,
			0.0,
			0.0,
			0.0,
			973.43609619140591,
			0.0,
			1023.5,
			767.5,
			1.0
		],
		"width" : 2048
	},
	"version_major" : 1,
	"version_minor" : 0
}