{
	"class_name" : "PinholeCameraParameters",
	"extrinsic" : 
	[
		0.652611473438652,
		0.17952408321178134,
		-0.73611776794423411,
		0.0,
		-0.064907559594472392,
		-0.95470809191083583,
		-0.29037814647018656,
		0.0,
		-0.7549074601854997,
		0.2372837179136835,
		-0.61140098443602275,
		0.0,
		-0.14802966981582888,
		0.078412865342830096,
		1.4350953516613216,
		1.0
	],
	"intrinsic" : 
	{
		"height" : 1536,
		"intrinsic_matrix" : 
		[
			973.43609619140591,
			0.0,
			0.0,
			0.0,
			973.43609619140591,
			0.0,
			1023.5,
			767.5,
			1.0
		],
		"width" : 2048
	},
	"version_major" : 1,
	"version_minor" : 0
}