{
	"class_name" : "PinholeCameraParameters",
	"extrinsic" : 
	[
		0.7275741054126863,
		0.17952408321178134,
		-0.66212311897403109,
		0.0,
		-0.033489176879341817,
		-0.95470809191083583,
		-0.2956534022667679,
		0.0,
		-0.68521120551613401,
		0.2372837179136835,
		-0.68860877212549798,
		0.0,
		-0.12337532065124124,
		0.078412865342830068,
		1.4205447598379486,
		1.0
	],
	"intrinsic" : 
	{
		"height" : 1536,
		"intrinsic_matrix" : 
		[
			973.43609619140591,
			0.0,
			0.0,
			0.0,
			973.43609619140591,
			0.0,
			1023.5,
			767.5,
			1.0
		],
		"width" : 2048
	},
	"version_major" : 1,
	"version_minor" : 0
}