{
	"class_name" : "PinholeCameraParameters",
	"extrinsic" : 
	[
		0.73397028011644683,
		0.17952408321178134,
		-0.65502574869447228,
		0.0,
		-0.030616234532358018,
		-0.95470809191083594,
		-0.2959647030019471,
		0.0,
		-0.67849117465803799,
		0.23728371791368352,
		-0.69523101421341627,
		0.0,
		-0.12106575647717266,
		0.078412865342830124,
		1.4193577354457427,
		1.0
	],
	"intrinsic" : 
	{
		"height" : 1536,
		"intrinsic_matrix" : 
		[
			973.43609619140591,
			0.0,
			0.0,
			0.0,
			973.43609619140591,
			0.0,
			1023.5,
			767.5,
			1.0
		],
		"width" : 2048
	},
	"version_major" : 1,
	"version_minor" : 0
}