{
	"class_name" : "PinholeCameraParameters",
	"extrinsic" : 
	[
		0.96183324670829029,
		0.17952408321178134,
		-0.20651370190270338,
		0.0,
		0.11970727122630481,
		-0.95470809191083583,
		-0.27240159407669229,
		0.0,
		-0.24606294873901907,
		0.2372837179136835,
		-0.93976032182196245,
		0.0,
		0.012623065814828749,
		0.078412865342830207,
		1.3906764334085631,
		1.0
	],
	"intrinsic" : 
	{
		"height" : 1536,
		"intrinsic_matrix" : 
		[
			973.43609619140591,
			0.0,
			0.0,
			0.0,
			973.43609619140591,
			0.0,
			1023.5,
			767.5,
			1.0
		],
		"width" : 2048
	},
	"version_major" : 1,
	"version_minor" : 0
}