{
	"class_name" : "PinholeCameraParameters",
	"extrinsic" : 
	[
		0.98071480483341011,
		0.17952408321178137,
		0.077263025617275799,
		0.0,
		0.19262923117006572,
		-0.95470809191083594,
		-0.22677398117685482,
		0.0,
		0.033052244695266783,
		0.2372837179136835,
		-0.97087794615680911,
		0.0,
		0.088496667747368599,
		0.078412865342830151,
		1.4054484886250087,
		1.0
	],
	"intrinsic" : 
	{
		"height" : 1536,
		"intrinsic_matrix" : 
		[
			973.43609619140591,
			0.0,
			0.0,
			0.0,
			973.43609619140591,
			0.0,
			1023.5,
			767.5,
			1.0
		],
		"width" : 2048
	},
	"version_major" : 1,
	"version_minor" : 0
}