{
	"class_name" : "PinholeCameraParameters",
	"extrinsic" : 
	[
		0.85810308744230701,
		0.111452976703869,
		-0.50123579810886165,
		0.0,
		0.28096093057368177,
		0.71515039517071788,
		0.64001630274418553,
		0.0,
		0.42979070117110663,
		-0.69002764167170372,
		0.5823588300316529,
		0.0,
		0.18419244768830784,
		-0.17524250920165629,
		1.560115955682847,
		1.0
	],
	"intrinsic" : 
	{
		"height" : 1536,
		"intrinsic_matrix" : 
		[
			973.43609619140591,
			0.0,
			0.0,
			0.0,
			973.43609619140591,
			0.0,
			1023.5,
			767.5,
			1.0
		],
		"width" : 2048
	},
	"version_major" : 1,
	"version_minor" : 0
}