{
	"class_name" : "PinholeCameraParameters",
	"extrinsic" : 
	[
		0.30585452130553842,
		0.096706087110203259,
		0.94715412922754749,
		0.0,
		0.28341569199238748,
		-0.95897584926447144,
		0.0063926567217518909,
		0.0,
		0.90891614427813761,
		0.26648311999697055,
		-0.32071512191857132,
		0.0,
		0.26693380612404238,
		0.079457536332803516,
		1.6493552314524642,
		1.0
	],
	"intrinsic" : 
	{
		"height" : 1536,
		"intrinsic_matrix" : 
		[
			973.43609619140591,
			0.0,
			0.0,
			0.0,
			973.43609619140591,
			0.0,
			1023.5,
			767.5,
			1.0
		],
		"width" : 2048
	},
	"version_major" : 1,
	"version_minor" : 0
}