{
	"class_name" : "PinholeCameraParameters",
	"extrinsic" : 
	[
		-0.26764661971354892,
		0.096706087110203273,
		0.95865177185031314,
		0.0,
		0.23282064259221427,
		-0.95897584926447144,
		0.16174012770625115,
		0.0,
		0.93496515193822027,
		0.26648311999697055,
		0.2341514710989894,
		0.0,
		0.2272381961488108,
		0.07945753633280353,
		1.7980630337543053,
		1.0
	],
	"intrinsic" : 
	{
		"height" : 1536,
		"intrinsic_matrix" : 
		[
			973.43609619140591,
			0.0,
			0.0,
			0.0,
			973.43609619140591,
			0.0,
			1023.5,
			767.5,
			1.0
		],
		"width" : 2048
	},
	"version_major" : 1,
	"version_minor" : 0
}