{
	"class_name" : "PinholeCameraParameters",
	"extrinsic" : 
	[
		-0.96860416850444542,
		0.096706087110203245,
		0.22902815868719217,
		0.0,
		-0.029066887407018752,
		-0.95897584926447144,
		0.28199368181566353,
		0.0,
		0.24690297854072069,
		0.2664831199969705,
		0.93167895003826329,
		0.0,
		-0.013004410914624231,
		0.079457536332803502,
		1.9245018032449954,
		1.0
	],
	"intrinsic" : 
	{
		"height" : 1536,
		"intrinsic_matrix" : 
		[
			973.43609619140591,
			0.0,
			0.0,
			0.0,
			973.43609619140591,
			0.0,
			1023.5,
			767.5,
			1.0
		],
		"width" : 2048
	},
	"version_major" : 1,
	"version_minor" : 0
}