{
	"class_name" : "PinholeCameraParameters",
	"extrinsic" : 
	[
		-0.96701123975479542,
		0.096706087110203232,
		-0.23566330835267388,
		0.0,
		-0.15391922049546117,
		-0.95897584926447144,
		0.23806342451026699,
		0.0,
		-0.20297323899953723,
		0.2664831199969705,
		0.94222535043731293,
		0.0,
		-0.13268658846293974,
		0.079457536332803502,
		1.8895251421033332,
		1.0
	],
	"intrinsic" : 
	{
		"height" : 1536,
		"intrinsic_matrix" : 
		[
			973.43609619140591,
			0.0,
			0.0,
			0.0,
			973.43609619140591,
			0.0,
			1023.5,
			767.5,
			1.0
		],
		"width" : 2048
	},
	"version_major" : 1,
	"version_minor" : 0
}