{
	"class_name" : "PinholeCameraParameters",
	"extrinsic" : 
	[
		-0.63479454661040058,
		0.096706087110203232,
		-0.76660538499904229,
		0.0,
		-0.26564178038330738,
		-0.95897584926447144,
		0.098993762643273031,
		0.0,
		-0.72558275069662648,
		0.2664831199969705,
		0.63444181659802157,
		0.0,
		-0.2448552397821292,
		0.079457536332803502,
		1.7643833527456052,
		1.0
	],
	"intrinsic" : 
	{
		"height" : 1536,
		"intrinsic_matrix" : 
		[
			973.43609619140591,
			0.0,
			0.0,
			0.0,
			973.43609619140591,
			0.0,
			1023.5,
			767.5,
			1.0
		],
		"width" : 2048
	},
	"version_major" : 1,
	"version_minor" : 0
}