{
	"class_name" : "PinholeCameraParameters",
	"extrinsic" : 
	[
		-0.22006321402459933,
		0.096706087110203245,
		-0.97068023290319316,
		0.0,
		-0.28171289375699465,
		-0.95897584926447144,
		-0.031672796190836322,
		0.0,
		-0.93392185290002916,
		0.26648311999697055,
		0.23827865920484065,
		0.0,
		-0.26661742670100319,
		0.07945753633280353,
		1.6422826812348945,
		1.0
	],
	"intrinsic" : 
	{
		"height" : 1536,
		"intrinsic_matrix" : 
		[
			973.43609619140591,
			0.0,
			0.0,
			0.0,
			973.43609619140591,
			0.0,
			1023.5,
			767.5,
			1.0
		],
		"width" : 2048
	},
	"version_major" : 1,
	"version_minor" : 0
}