{
	"class_name" : "PinholeCameraParameters",
	"extrinsic" : 
	[
		0.076219055042303974,
		0.096706087110203245,
		-0.99239034072500532,
		0.0,
		-0.25981663302951302,
		-0.95897584926447133,
		-0.11340475179062565,
		0.0,
		-0.96264529960399525,
		0.26648311999697055,
		-0.047966383092897136,
		0.0,
		-0.2501755378104758,
		0.07945753633280353,
		1.564284164920589,
		1.0
	],
	"intrinsic" : 
	{
		"height" : 1536,
		"intrinsic_matrix" : 
		[
			973.43609619140591,
			0.0,
			0.0,
			0.0,
			973.43609619140591,
			0.0,
			1023.5,
			767.5,
			1.0
		],
		"width" : 2048
	},
	"version_major" : 1,
	"version_minor" : 0
}