{
	"class_name" : "PinholeCameraParameters",
	"extrinsic" : 
	[
		0.91934207884492158,
		0.096706087110203259,
		-0.38138966265609775,
		0.0,
		-0.016529812119763329,
		-0.95897584926447133,
		-0.28300545195944793,
		0.0,
		-0.39311182553617435,
		0.26648311999697061,
		-0.88002831737410403,
		0.0,
		-0.02993978821485449,
		0.079457536332803558,
		1.3923704086345208,
		1.0
	],
	"intrinsic" : 
	{
		"height" : 1536,
		"intrinsic_matrix" : 
		[
			973.43609619140591,
			0.0,
			0.0,
			0.0,
			973.43609619140591,
			0.0,
			1023.5,
			767.5,
			1.0
		],
		"width" : 2048
	},
	"version_major" : 1,
	"version_minor" : 0
}