{
	"class_name" : "PinholeCameraParameters",
	"extrinsic" : 
	[
		0.84571040701317901,
		0.096706087110203232,
		0.52480647879521936,
		0.0,
		0.22034289948402322,
		-0.95897584926447133,
		-0.17836571188000144,
		0.0,
		0.4860276886316014,
		0.26648311999697061,
		-0.83232435542888172,
		0.0,
		0.19820675219859496,
		0.079457536332803502,
		1.4787604025398078,
		1.0
	],
	"intrinsic" : 
	{
		"height" : 1536,
		"intrinsic_matrix" : 
		[
			973.43609619140591,
			0.0,
			0.0,
			0.0,
			973.43609619140591,
			0.0,
			1023.5,
			767.5,
			1.0
		],
		"width" : 2048
	},
	"version_major" : 1,
	"version_minor" : 0
}