{
	"class_name" : "PinholeCameraParameters",
	"extrinsic" : 
	[
		0.44653570949571891,
		0.096706087110203232,
		0.88952447569529469,
		0.0,
		0.28108315291121999,
		-0.95897584926447133,
		-0.036845375245392525,
		0.0,
		0.84946931745333965,
		0.26648311999697061,
		-0.45539941311121335,
		0.0,
		0.26254102917396022,
		0.07945753633280353,
		1.6087998785742443,
		1.0
	],
	"intrinsic" : 
	{
		"height" : 1536,
		"intrinsic_matrix" : 
		[
			973.43609619140591,
			0.0,
			0.0,
			0.0,
			973.43609619140591,
			0.0,
			1023.5,
			767.5,
			1.0
		],
		"width" : 2048
	},
	"version_major" : 1,
	"version_minor" : 0
}