{
	"class_name" : "PinholeCameraParameters",
	"extrinsic" : 
	[
		0.99342664880331699,
		0.111452976703869,
		0.026109910594601386,
		0.0,
		-0.098420827691006851,
		0.71515039517071788,
		0.69200668563517753,
		0.0,
		0.05845369213341773,
		-0.69002764167170372,
		0.72141875468063532,
		0.0,
		0.096474384251340584,
		-0.17524250920165607,
		1.6400544230492362,
		1.0
	],
	"intrinsic" : 
	{
		"height" : 1536,
		"intrinsic_matrix" : 
		[
			973.43609619140591,
			0.0,
			0.0,
			0.0,
			973.43609619140591,
			0.0,
			1023.5,
			767.5,
			1.0
		],
		"width" : 2048
	},
	"version_major" : 1,
	"version_minor" : 0
}