{
	"class_name" : "PinholeCameraParameters",
	"extrinsic" : 
	[
		-0.016489201064268016,
		-0.29706341313311702,
		0.95471536848736516,
		0.0,
		0.26615764368912204,
		-0.9216979984237339,
		-0.28219303394580314,
		0.0,
		0.96378847002551171,
		0.24945165519472079,
		0.094263761682300939,
		0.0,
		0.25533679416492139,
		0.042854271651649942,
		1.7607299657233926,
		1.0
	],
	"intrinsic" : 
	{
		"height" : 1536,
		"intrinsic_matrix" : 
		[
			973.43609619140591,
			0.0,
			0.0,
			0.0,
			973.43609619140591,
			0.0,
			1023.5,
			767.5,
			1.0
		],
		"width" : 2048
	},
	"version_major" : 1,
	"version_minor" : 0
}