{
	"class_name" : "PinholeCameraParameters",
	"extrinsic" : 
	[
		-0.53630510597080727,
		-0.29706341313311696,
		0.79001908957147637,
		0.0,
		0.37720003137653668,
		-0.9216979984237339,
		-0.090514838734996966,
		0.0,
		0.75504766050838201,
		0.24945165519472079,
		0.60636367147235437,
		0.0,
		0.15734440461084609,
		0.042854271651650011,
		1.8836817706749667,
		1.0
	],
	"intrinsic" : 
	{
		"height" : 1536,
		"intrinsic_matrix" : 
		[
			973.43609619140591,
			0.0,
			0.0,
			0.0,
			973.43609619140591,
			0.0,
			1023.5,
			767.5,
			1.0
		],
		"width" : 2048
	},
	"version_major" : 1,
	"version_minor" : 0
}