{
	"class_name" : "PinholeCameraParameters",
	"extrinsic" : 
	[
		-0.95260593296994978,
		-0.29706341313311696,
		-0.065538271629290559,
		0.0,
		0.26813995545498959,
		-0.92169799842373379,
		0.28031012109854153,
		0.0,
		-0.14367637509015818,
		0.24945165519472076,
		0.95766955206979743,
		0.0,
		-0.11596501768922235,
		0.042854271651649956,
		1.9074591745338001,
		1.0
	],
	"intrinsic" : 
	{
		"height" : 1536,
		"intrinsic_matrix" : 
		[
			973.43609619140591,
			0.0,
			0.0,
			0.0,
			973.43609619140591,
			0.0,
			1023.5,
			767.5,
			1.0
		],
		"width" : 2048
	},
	"version_major" : 1,
	"version_minor" : 0
}