{
	"class_name" : "PinholeCameraParameters",
	"extrinsic" : 
	[
		-0.39464831137135603,
		-0.29706341313311702,
		-0.86948607746728201,
		0.0,
		-0.11937323785606381,
		-0.9216979984237339,
		0.36908377068823062,
		0.0,
		-0.91104486191158396,
		0.24945165519472079,
		0.32828513719801156,
		0.0,
		-0.27482466658731519,
		0.0428542716516499,
		1.6742630198081203,
		1.0
	],
	"intrinsic" : 
	{
		"height" : 1536,
		"intrinsic_matrix" : 
		[
			973.43609619140591,
			0.0,
			0.0,
			0.0,
			973.43609619140591,
			0.0,
			1023.5,
			767.5,
			1.0
		],
		"width" : 2048
	},
	"version_major" : 1,
	"version_minor" : 0
}