{
	"class_name" : "PinholeCameraParameters",
	"extrinsic" : 
	[
		0.6640574804924263,
		-0.29706341313311696,
		-0.68613481997327175,
		0.0,
		-0.38714224776251072,
		-0.9216979984237339,
		0.02436554327474641,
		0.0,
		-0.63964720166623235,
		0.24945165519472079,
		-0.72706624809653531,
		0.0,
		-0.11619002824038116,
		0.042854271651649845,
		1.4081509337600151,
		1.0
	],
	"intrinsic" : 
	{
		"height" : 1536,
		"intrinsic_matrix" : 
		[
			973.43609619140591,
			0.0,
			0.0,
			0.0,
			973.43609619140591,
			0.0,
			1023.5,
			767.5,
			1.0
		],
		"width" : 2048
	},
	"version_major" : 1,
	"version_minor" : 0
}