{
	"class_name" : "PinholeCameraParameters",
	"extrinsic" : 
	[
		0.91605386009749712,
		-0.29706341313311702,
		-0.26944137391681006,
		0.0,
		-0.34881217955515453,
		-0.9216979984237339,
		-0.16971406275163364,
		0.0,
		-0.19792773629397639,
		0.24945165519472073,
		-0.94794434590125398,
		0.0,
		0.022005615516958787,
		0.0428542716516499,
		1.3833134261145885,
		1.0
	],
	"intrinsic" : 
	{
		"height" : 1536,
		"intrinsic_matrix" : 
		[
			973.43609619140591,
			0.0,
			0.0,
			0.0,
			973.43609619140591,
			0.0,
			1023.5,
			767.5,
			1.0
		],
		"width" : 2048
	},
	"version_major" : 1,
	"version_minor" : 0
}