{
	"class_name" : "PinholeCameraParameters",
	"extrinsic" : 
	[
		0.94459756482940016,
		-0.29706341313311702,
		0.13960218155913676,
		0.0,
		-0.24547145782452379,
		-0.9216979984237339,
		-0.30036072162515831,
		0.0,
		0.21789723245573855,
		0.24945165519472076,
		-0.9435542739073064,
		0.0,
		0.13507873741891835,
		0.042854271651649845,
		1.4178466768748996,
		1.0
	],
	"intrinsic" : 
	{
		"height" : 1536,
		"intrinsic_matrix" : 
		[
			973.43609619140591,
			0.0,
			0.0,
			0.0,
			973.43609619140591,
			0.0,
			1023.5,
			767.5,
			1.0
		],
		"width" : 2048
	},
	"version_major" : 1,
	"version_minor" : 0
}