{
	"class_name" : "PinholeCameraParameters",
	"extrinsic" : 
	[
		0.92182978928075043,
		-0.29706341313311702,
		0.24896419054215474,
		0.0,
		-0.20871325498909526,
		-0.9216979984237339,
		-0.32697335807912498,
		0.0,
		0.32660161785647079,
		0.24945165519472068,
		-0.91164974356062323,
		0.0,
		0.16217244461832869,
		0.042854271651649956,
		1.4352639025539931,
		1.0
	],
	"intrinsic" : 
	{
		"height" : 1536,
		"intrinsic_matrix" : 
		[
			973.43609619140591,
			0.0,
			0.0,
			0.0,
			973.43609619140591,
			0.0,
			1023.5,
			767.5,
			1.0
		],
		"width" : 2048
	},
	"version_major" : 1,
	"version_minor" : 0
}