{
	"class_name" : "PinholeCameraParameters",
	"extrinsic" : 
	[
		0.21552039428837852,
		-0.29706341313311702,
		0.93021733386530969,
		0.0,
		0.18978178730337547,
		-0.9216979984237339,
		-0.33831298069926186,
		0.0,
		0.95787986347647924,
		0.24945165519472068,
		-0.14226749054824844,
		0.0,
		0.27268728262553626,
		0.042854271651649803,
		1.6957373788582475,
		1.0
	],
	"intrinsic" : 
	{
		"height" : 1536,
		"intrinsic_matrix" : 
		[
			973.43609619140591,
			0.0,
			0.0,
			0.0,
			973.43609619140591,
			0.0,
			1023.5,
			767.5,
			1.0
		],
		"width" : 2048
	},
	"version_major" : 1,
	"version_minor" : 0
}