{
	"class_name" : "PinholeCameraParameters",
	"extrinsic" : 
	[
		0.16376678289733879,
		-0.29706341313311707,
		0.94070918428447325,
		0.0,
		0.20819410368159619,
		-0.9216979984237339,
		-0.32730416265898538,
		0.0,
		0.96427986394597742,
		0.24945165519472071,
		-0.089096664970926331,
		0.0,
		0.27017043107381628,
		0.042854271651649747,
		1.7107539211344285,
		1.0
	],
	"intrinsic" : 
	{
		"height" : 1536,
		"intrinsic_matrix" : 
		[
			973.43609619140591,
			0.0,
			0.0,
			0.0,
			973.43609619140591,
			0.0,
			1023.5,
			767.5,
			1.0
		],
		"width" : 2048
	},
	"version_major" : 1,
	"version_minor" : 0
}