{
	"class_name" : "PinholeCameraParameters",
	"extrinsic" : 
	[
		0.78986420408893787,
		0.11145297670386903,
		0.60306945958388214,
		0.0,
		-0.48511724199415474,
		0.71515039517071788,
		0.50321086415850658,
		0.0,
		-0.37520101361661273,
		-0.69002764167170372,
		0.61893945835602804,
		0.0,
		-0.035422444054052149,
		-0.17524250920165607,
		1.6598069495784999,
		1.0
	],
	"intrinsic" : 
	{
		"height" : 1536,
		"intrinsic_matrix" : 
		[
			973.43609619140591,
			0.0,
			0.0,
			0.0,
			973.43609619140591,
			0.0,
			1023.5,
			767.5,
			1.0
		],
		"width" : 2048
	},
	"version_major" : 1,
	"version_minor" : 0
}