{
	"class_name" : "PinholeCameraParameters",
	"extrinsic" : 
	[
		-0.7470444528526341,
		-0.66301415205980985,
		0.048340662288802225,
		0.0,
		0.38704962918781449,
		-0.4929193545801217,
		-0.77924520815074094,
		0.0,
		0.54047864898410547,
		-0.5634205747474329,
		0.62485205124380316,
		0.0,
		0.083009963950532728,
		-0.20380134361892333,
		1.8286680257363168,
		1.0
	],
	"intrinsic" : 
	{
		"height" : 1536,
		"intrinsic_matrix" : 
		[
			973.43609619140591,
			0.0,
			0.0,
			0.0,
			973.43609619140591,
			0.0,
			1023.5,
			767.5,
			1.0
		],
		"width" : 2048
	},
	"version_major" : 1,
	"version_minor" : 0
}