{
	"class_name" : "PinholeCameraParameters",
	"extrinsic" : 
	[
		-0.71209561673275301,
		-0.66301415205980996,
		-0.23093736553102734,
		0.0,
		0.64744592546820967,
		-0.49291935458012165,
		-0.5812437384393313,
		0.0,
		0.27153932721543961,
		-0.5634205747474329,
		0.78027152307812619,
		0.0,
		0.014029030443013013,
		-0.20380134361892344,
		1.8472411973877194,
		1.0
	],
	"intrinsic" : 
	{
		"height" : 1536,
		"intrinsic_matrix" : 
		[
			973.43609619140591,
			0.0,
			0.0,
			0.0,
			973.43609619140591,
			0.0,
			1023.5,
			767.5,
			1.0
		],
		"width" : 2048
	},
	"version_major" : 1,
	"version_minor" : 0
}