{
	"class_name" : "PinholeCameraParameters",
	"extrinsic" : 
	[
		-0.22424063142890766,
		-0.66301415205981007,
		-0.71423271654606812,
		0.0,
		0.84883594930519846,
		-0.49291935458012159,
		0.19107077496953612,
		0.0,
		-0.47874175750973258,
		-0.56342057474743279,
		0.67332279448104604,
		0.0,
		-0.1463338585147631,
		-0.20380134361892321,
		1.7789512978463304,
		1.0
	],
	"intrinsic" : 
	{
		"height" : 1536,
		"intrinsic_matrix" : 
		[
			973.43609619140591,
			0.0,
			0.0,
			0.0,
			973.43609619140591,
			0.0,
			1023.5,
			767.5,
			1.0
		],
		"width" : 2048
	},
	"version_major" : 1,
	"version_minor" : 0
}