{
	"class_name" : "PinholeCameraParameters",
	"extrinsic" : 
	[
		0.30283462469908251,
		-0.66301415205981007,
		-0.68461918191924553,
		0.0,
		0.51169188018430811,
		-0.49291935458012165,
		0.70370585448308165,
		0.0,
		-0.80402898569442982,
		-0.56342057474743279,
		0.18998591030510381,
		0.0,
		-0.18992740193618329,
		-0.20380134361892349,
		1.652250972978095,
		1.0
	],
	"intrinsic" : 
	{
		"height" : 1536,
		"intrinsic_matrix" : 
		[
			973.43609619140591,
			0.0,
			0.0,
			0.0,
			973.43609619140591,
			0.0,
			1023.5,
			767.5,
			1.0
		],
		"width" : 2048
	},
	"version_major" : 1,
	"version_minor" : 0
}