{
	"class_name" : "PinholeCameraParameters",
	"extrinsic" : 
	[
		0.54495653229083274,
		-0.66301415205981007,
		-0.51325881588333355,
		0.0,
		0.19821474130318262,
		-0.49291935458012159,
		0.84719621470496953,
		0.0,
		-0.81469828417866641,
		-0.56342057474743279,
		-0.1372004435401343,
		0.0,
		-0.17288084793509018,
		-0.20380134361892324,
		1.5789181079367463,
		1.0
	],
	"intrinsic" : 
	{
		"height" : 1536,
		"intrinsic_matrix" : 
		[
			973.43609619140591,
			0.0,
			0.0,
			0.0,
			973.43609619140591,
			0.0,
			1023.5,
			767.5,
			1.0
		],
		"width" : 2048
	},
	"version_major" : 1,
	"version_minor" : 0
}