{
	"class_name" : "PinholeCameraParameters",
	"extrinsic" : 
	[
		0.7196296194675148,
		-0.66301415205981007,
		0.20626547203410184,
		0.0,
		-0.62703515391757769,
		-0.49291935458012159,
		0.60320595623043716,
		0.0,
		-0.29826184224033658,
		-0.56342057474743279,
		-0.77045254845102129,
		0.0,
		-0.02054939936549588,
		-0.20380134361892321,
		1.468860156758705,
		1.0
	],
	"intrinsic" : 
	{
		"height" : 1536,
		"intrinsic_matrix" : 
		[
			973.43609619140591,
			0.0,
			0.0,
			0.0,
			973.43609619140591,
			0.0,
			1023.5,
			767.5,
			1.0
		],
		"width" : 2048
	},
	"version_major" : 1,
	"version_minor" : 0
}