{
	"class_name" : "PinholeCameraParameters",
	"extrinsic" : 
	[
		0.6197509956287075,
		-0.66301415205981018,
		0.41990586752942255,
		0.0,
		-0.78357672372463205,
		-0.49291935458012159,
		0.37820368575317753,
		0.0,
		-0.0437746668085289,
		-0.56342057474743279,
		-0.82500971781978116,
		0.0,
		0.039234532159506473,
		-0.20380134361892333,
		1.4718405636087089,
		1.0
	],
	"intrinsic" : 
	{
		"height" : 1536,
		"intrinsic_matrix" : 
		[
			973.43609619140591,
			0.0,
			0.0,
			0.0,
			973.43609619140591,
			0.0,
			1023.5,
			767.5,
			1.0
		],
		"width" : 2048
	},
	"version_major" : 1,
	"version_minor" : 0
}