{
	"class_name" : "PinholeCameraParameters",
	"extrinsic" : 
	[
		0.16953718147279509,
		-0.66301415205981007,
		0.72915662121842639,
		0.0,
		-0.83193885793886535,
		-0.49291935458012165,
		-0.2547709687772392,
		0.0,
		0.52833216895210655,
		-0.56342057474743279,
		-0.63515539453084668,
		0.0,
		0.15508759106725639,
		-0.20380134361892338,
		1.5479778539036271,
		1.0
	],
	"intrinsic" : 
	{
		"height" : 1536,
		"intrinsic_matrix" : 
		[
			973.43609619140591,
			0.0,
			0.0,
			0.0,
			973.43609619140591,
			0.0,
			1023.5,
			767.5,
			1.0
		],
		"width" : 2048
	},
	"version_major" : 1,
	"version_minor" : 0
}