{
	"class_name" : "PinholeCameraParameters",
	"extrinsic" : 
	[
		0.042365247248891208,
		-0.66301415205980996,
		0.74740713135074621,
		0.0,
		-0.77612518374631134,
		-0.49291935458012165,
		-0.39326862198130025,
		0.0,
		0.6291541027286518,
		-0.56342057474743279,
		-0.53546463092437557,
		0.0,
		0.1715736199169226,
		-0.20380134361892327,
		1.57611218807274,
		1.0
	],
	"intrinsic" : 
	{
		"height" : 1536,
		"intrinsic_matrix" : 
		[
			973.43609619140591,
			0.0,
			0.0,
			0.0,
			973.43609619140591,
			0.0,
			1023.5,
			767.5,
			1.0
		],
		"width" : 2048
	},
	"version_major" : 1,
	"version_minor" : 0
}