{
	"class_name" : "PinholeCameraParameters",
	"extrinsic" : 
	[
		0.012100057300306329,
		-0.66301415205980996,
		0.7485090665995574,
		0.0,
		-0.7595834505844179,
		-0.49291935458012165,
		-0.42433888753988303,
		0.0,
		0.65029729371388167,
		-0.56342057474743279,
		-0.509578929842742,
		0.0,
		0.17473534879885583,
		-0.20380134361892344,
		1.5831186679366811,
		1.0
	],
	"intrinsic" : 
	{
		"height" : 1536,
		"intrinsic_matrix" : 
		[
			973.43609619140591,
			0.0,
			0.0,
			0.0,
			973.43609619140591,
			0.0,
			1023.5,
			767.5,
			1.0
		],
		"width" : 2048
	},
	"version_major" : 1,
	"version_minor" : 0
}