{
	"class_name" : "PinholeCameraParameters",
	"extrinsic" : 
	[
		0.57101827067255262,
		0.11145297670386903,
		0.81333656535408172,
		0.0,
		-0.61436964495939406,
		0.71515039517071788,
		0.33333144412076449,
		0.0,
		-0.54450718444350721,
		-0.69002764167170372,
		0.47683726764839951,
		0.0,
		-0.098271324824338535,
		-0.17524250920165618,
		1.639150204883117,
		1.0
	],
	"intrinsic" : 
	{
		"height" : 1536,
		"intrinsic_matrix" : 
		[
			973.43609619140591,
			0.0,
			0.0,
			0.0,
			973.43609619140591,
			0.0,
			1023.5,
			767.5,
			1.0
		],
		"width" : 2048
	},
	"version_major" : 1,
	"version_minor" : 0
}