{
	"class_name" : "PinholeCameraParameters",
	"extrinsic" : 
	[
		-0.65888763924828908,
		-0.60876872427105666,
		-0.44189107164006686,
		0.0,
		0.026974267238254211,
		0.5679342796371416,
		-0.82263177845254698,
		0.0,
		0.75175758576337337,
		-0.55394159833183787,
		-0.35778378650351528,
		0.0,
		0.14670225110402849,
		-0.19749590935999317,
		1.5269418486275739,
		1.0
	],
	"intrinsic" : 
	{
		"height" : 1536,
		"intrinsic_matrix" : 
		[
			973.43609619140591,
			0.0,
			0.0,
			0.0,
			973.43609619140591,
			0.0,
			1023.5,
			767.5,
			1.0
		],
		"width" : 2048
	},
	"version_major" : 1,
	"version_minor" : 0
}