{
	"class_name" : "PinholeCameraParameters",
	"extrinsic" : 
	[
		-0.61520425554819114,
		-0.60876872427105666,
		-0.50092351143142233,
		0.0,
		0.10292532520003687,
		0.5679342796371416,
		-0.81661314675034946,
		0.0,
		0.78162017718829568,
		-0.55394159833183798,
		-0.28673786678725582,
		0.0,
		0.15816948015030399,
		-0.197495909359993,
		1.541067456201769,
		1.0
	],
	"intrinsic" : 
	{
		"height" : 1536,
		"intrinsic_matrix" : 
		[
			973.43609619140591,
			0.0,
			0.0,
			0.0,
			973.43609619140591,
			0.0,
			1023.5,
			767.5,
			1.0
		],
		"width" : 2048
	},
	"version_major" : 1,
	"version_minor" : 0
}