{
	"class_name" : "PinholeCameraParameters",
	"extrinsic" : 
	[
		-0.064801246325356082,
		-0.60876872427105666,
		-0.79069680587698776,
		0.0,
		0.66030347329365324,
		0.5679342796371416,
		-0.49137559683950427,
		0.0,
		0.74819791608304986,
		-0.55394159833183798,
		0.36516925391734489,
		0.0,
		0.19371742541199249,
		-0.19749590935999323,
		1.6910183427991599,
		1.0
	],
	"intrinsic" : 
	{
		"height" : 1536,
		"intrinsic_matrix" : 
		[
			973.43609619140591,
			0.0,
			0.0,
			0.0,
			973.43609619140591,
			0.0,
			1023.5,
			767.5,
			1.0
		],
		"width" : 2048
	},
	"version_major" : 1,
	"version_minor" : 0
}