{
	"class_name" : "PinholeCameraParameters",
	"extrinsic" : 
	[
		0.20104819700844731,
		-0.60876872427105666,
		-0.76745049536047794,
		0.0,
		0.78587985457667331,
		0.56793427963714149,
		-0.24462932813460472,
		0.0,
		0.58478412824750947,
		-0.55394159833183798,
		0.59260123944130361,
		0.0,
		0.17172753928360163,
		-0.19749590935999295,
		1.7533701758744455,
		1.0
	],
	"intrinsic" : 
	{
		"height" : 1536,
		"intrinsic_matrix" : 
		[
			973.43609619140591,
			0.0,
			0.0,
			0.0,
			973.43609619140591,
			0.0,
			1023.5,
			767.5,
			1.0
		],
		"width" : 2048
	},
	"version_major" : 1,
	"version_minor" : 0
}