{
	"class_name" : "PinholeCameraParameters",
	"extrinsic" : 
	[
		0.7440855967504274,
		-0.60876872427105666,
		-0.27520404259013087,
		0.0,
		0.65094879418703533,
		0.56793427963714149,
		0.50370261202368793,
		0.0,
		-0.1503405868520043,
		-0.55394159833183798,
		0.81886898438185074,
		0.0,
		0.020095231510159572,
		-0.19749590935999306,
		1.8532756909531898,
		1.0
	],
	"intrinsic" : 
	{
		"height" : 1536,
		"intrinsic_matrix" : 
		[
			973.43609619140591,
			0.0,
			0.0,
			0.0,
			973.43609619140591,
			0.0,
			1023.5,
			767.5,
			1.0
		],
		"width" : 2048
	},
	"version_major" : 1,
	"version_minor" : 0
}