{
	"class_name" : "PinholeCameraParameters",
	"extrinsic" : 
	[
		0.73110954466771183,
		-0.60876872427105666,
		0.30802511917887676,
		0.0,
		0.13051519204803561,
		0.56793427963714149,
		0.81266010032344127,
		0.0,
		-0.66966007671089023,
		-0.55394159833183798,
		0.49467573954777005,
		0.0,
		-0.11904157104852986,
		-0.19749590935999295,
		1.8141565337319974,
		1.0
	],
	"intrinsic" : 
	{
		"height" : 1536,
		"intrinsic_matrix" : 
		[
			973.43609619140591,
			0.0,
			0.0,
			0.0,
			973.43609619140591,
			0.0,
			1023.5,
			767.5,
			1.0
		],
		"width" : 2048
	},
	"version_major" : 1,
	"version_minor" : 0
}