{
	"class_name" : "PinholeCameraParameters",
	"extrinsic" : 
	[
		0.099187138406405945,
		-0.60876872427105666,
		0.78712295858025816,
		0.0,
		-0.63826933211430703,
		0.56793427963714149,
		0.51967577747610838,
		0.0,
		-0.76339647055583448,
		-0.55394159833183798,
		-0.33222663105245448,
		0.0,
		-0.19498274716872246,
		-0.19749590935999309,
		1.6329582037322288,
		1.0
	],
	"intrinsic" : 
	{
		"height" : 1536,
		"intrinsic_matrix" : 
		[
			973.43609619140591,
			0.0,
			0.0,
			0.0,
			973.43609619140591,
			0.0,
			1023.5,
			767.5,
			1.0
		],
		"width" : 2048
	},
	"version_major" : 1,
	"version_minor" : 0
}