{
	"class_name" : "PinholeCameraParameters",
	"extrinsic" : 
	[
		-0.44534008969323374,
		-0.60876872427105677,
		0.6565613793556645,
		0.0,
		-0.82247901969595527,
		0.5679342796371416,
		-0.031287636104723626,
		0.0,
		-0.35383677970499772,
		-0.55394159833183798,
		-0.7536234065934827,
		0.0,
		-0.13003981589475405,
		-0.19749590935999317,
		1.5103665604732641,
		1.0
	],
	"intrinsic" : 
	{
		"height" : 1536,
		"intrinsic_matrix" : 
		[
			973.43609619140591,
			0.0,
			0.0,
			0.0,
			973.43609619140591,
			0.0,
			1023.5,
			767.5,
			1.0
		],
		"width" : 2048
	},
	"version_major" : 1,
	"version_minor" : 0
}