{
	"class_name" : "PinholeCameraParameters",
	"extrinsic" : 
	[
		-0.73020551204640016,
		-0.60876872427105677,
		0.31016213586839492,
		0.0,
		-0.67409118068084173,
		0.56793427963714149,
		-0.47228353151613289,
		0.0,
		0.11135973377017161,
		-0.55394159833183787,
		-0.82507436957658875,
		0.0,
		-0.029339837980497774,
		-0.19749590935999317,
		1.4634019923204429,
		1.0
	],
	"intrinsic" : 
	{
		"height" : 1536,
		"intrinsic_matrix" : 
		[
			973.43609619140591,
			0.0,
			0.0,
			0.0,
			973.43609619140591,
			0.0,
			1023.5,
			767.5,
			1.0
		],
		"width" : 2048
	},
	"version_major" : 1,
	"version_minor" : 0
}