{
	"class_name" : "PinholeCameraParameters",
	"extrinsic" : 
	[
		-0.74803910921217254,
		-0.60876872427105677,
		-0.26426905123084238,
		0.0,
		-0.17832503294306543,
		0.56793427963714149,
		-0.80352401123979855,
		0.0,
		0.63924774048479371,
		-0.55394159833183798,
		-0.53339575544116835,
		0.0,
		0.10958804840897785,
		-0.19749590935999312,
		1.4945856503673596,
		1.0
	],
	"intrinsic" : 
	{
		"height" : 1536,
		"intrinsic_matrix" : 
		[
			973.43609619140591,
			0.0,
			0.0,
			0.0,
			973.43609619140591,
			0.0,
			1023.5,
			767.5,
			1.0
		],
		"width" : 2048
	},
	"version_major" : 1,
	"version_minor" : 0
}