{
	"class_name" : "PinholeCameraParameters",
	"extrinsic" : 
	[
		-0.29960709738383878,
		0.11145297670386901,
		0.94753038008344515,
		0.0,
		-0.63786519017830867,
		0.71515039517071777,
		-0.28581097152830987,
		0.0,
		-0.70948120930439107,
		-0.69002764167170372,
		-0.14317215990885201,
		0.0,
		-0.21306639548465009,
		-0.17524250920165621,
		1.4852155092286989,
		1.0
	],
	"intrinsic" : 
	{
		"height" : 1536,
		"intrinsic_matrix" : 
		[
			973.43609619140591,
			0.0,
			0.0,
			0.0,
			973.43609619140591,
			0.0,
			1023.5,
			767.5,
			1.0
		],
		"width" : 2048
	},
	"version_major" : 1,
	"version_minor" : 0
}