{
	"class_name" : "PinholeCameraParameters",
	"extrinsic" : 
	[
		-0.075944045389041454,
		-0.11955209244868764,
		-0.98991908717889054,
		0.0,
		0.65330917293048796,
		0.74403860663936505,
		-0.13997741387464691,
		0.0,
		0.75327261103456378,
		-0.65735367118568122,
		0.021599176925942265,
		0.0,
		0.19416722899356287,
		-0.18535020220586731,
		1.5830395268446846,
		1.0
	],
	"intrinsic" : 
	{
		"height" : 1536,
		"intrinsic_matrix" : 
		[
			973.43609619140591,
			0.0,
			0.0,
			0.0,
			973.43609619140591,
			0.0,
			1023.5,
			767.5,
			1.0
		],
		"width" : 2048
	},
	"version_major" : 1,
	"version_minor" : 0
}