{
	"class_name" : "PinholeCameraParameters",
	"extrinsic" : 
	[
		0.38034296080837648,
		-0.11955209244868757,
		-0.91708588984601569,
		0.0,
		0.64591365672193135,
		0.74403860663936505,
		0.17088621913499996,
		0.0,
		0.66191750258141746,
		-0.65735367118568122,
		0.36021017580724535,
		0.0,
		0.20695617047823178,
		-0.18535020220586729,
		1.6790158862489766,
		1.0
	],
	"intrinsic" : 
	{
		"height" : 1536,
		"intrinsic_matrix" : 
		[
			973.43609619140591,
			0.0,
			0.0,
			0.0,
			973.43609619140591,
			0.0,
			1023.5,
			767.5,
			1.0
		],
		"width" : 2048
	},
	"version_major" : 1,
	"version_minor" : 0
}