{
	"class_name" : "PinholeCameraParameters",
	"extrinsic" : 
	[
		0.85908935661709074,
		-0.11955209244868756,
		-0.49766733320399248,
		0.0,
		0.40941223307212432,
		0.74403860663936516,
		0.52800395381194709,
		0.0,
		0.30715973166762872,
		-0.65735367118568122,
		0.68814173701395109,
		0.0,
		0.15151619885696188,
		-0.18535020220586707,
		1.8003213917040208,
		1.0
	],
	"intrinsic" : 
	{
		"height" : 1536,
		"intrinsic_matrix" : 
		[
			973.43609619140591,
			0.0,
			0.0,
			0.0,
			973.43609619140591,
			0.0,
			1023.5,
			767.5,
			1.0
		],
		"width" : 2048
	},
	"version_major" : 1,
	"version_minor" : 0
}