{
	"class_name" : "PinholeCameraParameters",
	"extrinsic" : 
	[
		0.89973003181152833,
		-0.11955209244868753,
		0.41975369807491475,
		0.0,
		-0.19873487186780486,
		0.74403860663936516,
		0.6378957614954337,
		0.0,
		-0.38857472969830836,
		-0.65735367118568111,
		0.64567470944632332,
		0.0,
		-0.030217587418477299,
		-0.18535020220586729,
		1.8635921845612773,
		1.0
	],
	"intrinsic" : 
	{
		"height" : 1536,
		"intrinsic_matrix" : 
		[
			973.43609619140591,
			0.0,
			0.0,
			0.0,
			973.43609619140591,
			0.0,
			1023.5,
			767.5,
			1.0
		],
		"width" : 2048
	},
	"version_major" : 1,
	"version_minor" : 0
}