{
	"class_name" : "PinholeCameraParameters",
	"extrinsic" : 
	[
		0.45739246043488974,
		-0.11955209244868753,
		0.88119205303296877,
		0.0,
		-0.54637836768223147,
		0.74403860663936527,
		0.38454808692678782,
		0.0,
		-0.70161443575956906,
		-0.65735367118568111,
		0.27499697182421717,
		0.0,
		-0.14942525805178292,
		-0.18535020220586729,
		1.8025114055104727,
		1.0
	],
	"intrinsic" : 
	{
		"height" : 1536,
		"intrinsic_matrix" : 
		[
			973.43609619140591,
			0.0,
			0.0,
			0.0,
			973.43609619140591,
			0.0,
			1023.5,
			767.5,
			1.0
		],
		"width" : 2048
	},
	"version_major" : 1,
	"version_minor" : 0
}