{
	"class_name" : "PinholeCameraParameters",
	"extrinsic" : 
	[
		-0.015981123257793894,
		-0.11955209244868756,
		0.99269930033749887,
		0.0,
		-0.66345869018960502,
		0.74403860663936527,
		0.078924763173833679,
		0.0,
		-0.7480422248184343,
		-0.65735367118568111,
		-0.091208447346693727,
		0.0,
		-0.20024756769734034,
		-0.18535020220586726,
		1.7141787077011323,
		1.0
	],
	"intrinsic" : 
	{
		"height" : 1536,
		"intrinsic_matrix" : 
		[
			973.43609619140591,
			0.0,
			0.0,
			0.0,
			973.43609619140591,
			0.0,
			1023.5,
			767.5,
			1.0
		],
		"width" : 2048
	},
	"version_major" : 1,
	"version_minor" : 0
}