{
	"class_name" : "PinholeCameraParameters",
	"extrinsic" : 
	[
		-0.34315853379504146,
		-0.11955209244868753,
		0.93163808309599383,
		0.0,
		-0.65226273404335611,
		0.74403860663936516,
		-0.14477526587244885,
		0.0,
		-0.67586651526904606,
		-0.65735367118568111,
		-0.33330257202245517,
		0.0,
		-0.20764379691317908,
		-0.18535020220586718,
		1.6448286854011647,
		1.0
	],
	"intrinsic" : 
	{
		"height" : 1536,
		"intrinsic_matrix" : 
		[
			973.43609619140591,
			0.0,
			0.0,
			0.0,
			973.43609619140591,
			0.0,
			1023.5,
			767.5,
			1.0
		],
		"width" : 2048
	},
	"version_major" : 1,
	"version_minor" : 0
}