{
	"class_name" : "PinholeCameraParameters",
	"extrinsic" : 
	[
		-0.77407080046290544,
		-0.11955209244868753,
		0.62170868826312653,
		0.0,
		-0.48446141156360217,
		0.74403860663936516,
		-0.46011269547357003,
		0.0,
		-0.407567830644813,
		-0.65735367118568111,
		-0.63385693527971165,
		0.0,
		-0.17131059223794187,
		-0.18535020220586729,
		1.539703353566878,
		1.0
	],
	"intrinsic" : 
	{
		"height" : 1536,
		"intrinsic_matrix" : 
		[
			973.43609619140591,
			0.0,
			0.0,
			0.0,
			973.43609619140591,
			0.0,
			1023.5,
			767.5,
			1.0
		],
		"width" : 2048
	},
	"version_major" : 1,
	"version_minor" : 0
}