{
	"class_name" : "PinholeCameraParameters",
	"extrinsic" : 
	[
		-0.98947241218132964,
		-0.11955209244868752,
		0.0815576037117412,
		0.0,
		-0.14368070472807215,
		0.74403860663936516,
		-0.65250471792853471,
		0.0,
		0.017326298534467516,
		-0.65735367118568111,
		-0.75338300376223111,
		0.0,
		-0.075813324238474103,
		-0.18535020220586718,
		1.4640124090262123,
		1.0
	],
	"intrinsic" : 
	{
		"height" : 1536,
		"intrinsic_matrix" : 
		[
			973.43609619140591,
			0.0,
			0.0,
			0.0,
			973.43609619140591,
			0.0,
			1023.5,
			767.5,
			1.0
		],
		"width" : 2048
	},
	"version_major" : 1,
	"version_minor" : 0
}