{
	"class_name" : "PinholeCameraParameters",
	"extrinsic" : 
	[
		-0.94827142294654643,
		-0.11955209244868752,
		-0.29408945172187428,
		0.0,
		0.11055080619354483,
		0.74403860663936516,
		-0.65892721227773654,
		0.0,
		0.29759003288566216,
		-0.65735367118568111,
		-0.69233396804274883,
		0.0,
		0.002074073727735104,
		-0.18535020220586729,
		1.4497174687858716,
		1.0
	],
	"intrinsic" : 
	{
		"height" : 1536,
		"intrinsic_matrix" : 
		[
			973.43609619140591,
			0.0,
			0.0,
			0.0,
			973.43609619140591,
			0.0,
			1023.5,
			767.5,
			1.0
		],
		"width" : 2048
	},
	"version_major" : 1,
	"version_minor" : 0
}