{
	"class_name" : "PinholeCameraParameters",
	"extrinsic" : 
	[
		-0.74920297837694905,
		0.11145297670386903,
		0.65289595738904349,
		0.0,
		-0.39571604674493427,
		0.71515039517071788,
		-0.57616726966717502,
		0.0,
		-0.53113435921588614,
		-0.69002764167170372,
		-0.4916890747101435,
		0.0,
		-0.20226908120460993,
		-0.17524250920165618,
		1.3685383994001361,
		1.0
	],
	"intrinsic" : 
	{
		"height" : 1536,
		"intrinsic_matrix" : 
		[
			973.43609619140591,
			0.0,
			0.0,
			0.0,
			973.43609619140591,
			0.0,
			1023.5,
			767.5,
			1.0
		],
		"width" : 2048
	},
	"version_major" : 1,
	"version_minor" : 0
}