{
	"class_name" : "PinholeCameraParameters",
	"extrinsic" : 
	[
		-0.44346486417033748,
		0.07016720038926802,
		-0.89354097736808713,
		0.0,
		0.55236387927434027,
		0.80650795700458611,
		-0.21080574034236055,
		0.0,
		0.70585625953120668,
		-0.58704469955687444,
		-0.39641576861017125,
		0.0,
		0.15168540398757435,
		-0.15121303293240931,
		1.479528638201201,
		1.0
	],
	"intrinsic" : 
	{
		"height" : 1536,
		"intrinsic_matrix" : 
		[
			973.43609619140591,
			0.0,
			0.0,
			0.0,
			973.43609619140591,
			0.0,
			1023.5,
			767.5,
			1.0
		],
		"width" : 2048
	},
	"version_major" : 1,
	"version_minor" : 0
}