{
	"class_name" : "PinholeCameraParameters",
	"extrinsic" : 
	[
		-0.38335248677412725,
		0.07016720038926802,
		-0.92093291551210443,
		0.0,
		0.56510511823861598,
		0.80650795700458611,
		-0.17378469618700165,
		0.0,
		0.73054573862600303,
		-0.58704469955687444,
		-0.34882867499327896,
		0.0,
		0.16314876092550343,
		-0.15121303293240937,
		1.4899588958162249,
		1.0
	],
	"intrinsic" : 
	{
		"height" : 1536,
		"intrinsic_matrix" : 
		[
			973.43609619140591,
			0.0,
			0.0,
			0.0,
			973.43609619140591,
			0.0,
			1023.5,
			767.5,
			1.0
		],
		"width" : 2048
	},
	"version_major" : 1,
	"version_minor" : 0
}