{
	"class_name" : "PinholeCameraParameters",
	"extrinsic" : 
	[
		0.34170098145424066,
		0.070167200389267936,
		-0.937185682382494,
		0.0,
		0.53345934320577182,
		0.80650795700458611,
		0.25488437463829605,
		0.0,
		0.77373223302359273,
		-0.58704469955687444,
		0.23815321182487498,
		0.0,
		0.23367628731638845,
		-0.15121303293240937,
		1.6448033593685958,
		1.0
	],
	"intrinsic" : 
	{
		"height" : 1536,
		"intrinsic_matrix" : 
		[
			973.43609619140591,
			0.0,
			0.0,
			0.0,
			973.43609619140591,
			0.0,
			1023.5,
			767.5,
			1.0
		],
		"width" : 2048
	},
	"version_major" : 1,
	"version_minor" : 0
}