{
	"class_name" : "PinholeCameraParameters",
	"extrinsic" : 
	[
		0.99625862856151326,
		0.070167200389267964,
		-0.050451055551546442,
		0.0,
		-0.026894066173375329,
		0.80650795700458611,
		0.59061122956895329,
		0.0,
		0.082130714238919295,
		-0.58704469955687455,
		0.80537759249980623,
		0.0,
		0.10297167251430037,
		-0.1512130329324094,
		1.867917271626643,
		1.0
	],
	"intrinsic" : 
	{
		"height" : 1536,
		"intrinsic_matrix" : 
		[
			973.43609619140591,
			0.0,
			0.0,
			0.0,
			973.43609619140591,
			0.0,
			1023.5,
			767.5,
			1.0
		],
		"width" : 2048
	},
	"version_major" : 1,
	"version_minor" : 0
}