{
	"class_name" : "PinholeCameraParameters",
	"extrinsic" : 
	[
		0.52342070452599232,
		0.070167200389267992,
		0.84918038723409428,
		0.0,
		-0.53074050207559365,
		0.80650795700458611,
		0.2604984352061171,
		0.0,
		-0.66659229333233438,
		-0.58704469955687455,
		0.459383538224998,
		0.0,
		-0.13472871301956868,
		-0.15121303293240951,
		1.8491174948932767,
		1.0
	],
	"intrinsic" : 
	{
		"height" : 1536,
		"intrinsic_matrix" : 
		[
			973.43609619140591,
			0.0,
			0.0,
			0.0,
			973.43609619140591,
			0.0,
			1023.5,
			767.5,
			1.0
		],
		"width" : 2048
	},
	"version_major" : 1,
	"version_minor" : 0
}