{
	"class_name" : "PinholeCameraParameters",
	"extrinsic" : 
	[
		0.16834166271866385,
		0.070167200389267964,
		0.9832281772725231,
		0.0,
		-0.58962841061722671,
		0.80650795700458611,
		0.043396459317459696,
		0.0,
		-0.78993634046429273,
		-0.58704469955687455,
		0.17714146532096919,
		0.0,
		-0.19645707481139785,
		-0.15121303293240937,
		1.7849412328515806,
		1.0
	],
	"intrinsic" : 
	{
		"height" : 1536,
		"intrinsic_matrix" : 
		[
			973.43609619140591,
			0.0,
			0.0,
			0.0,
			973.43609619140591,
			0.0,
			1023.5,
			767.5,
			1.0
		],
		"width" : 2048
	},
	"version_major" : 1,
	"version_minor" : 0
}