{
	"class_name" : "PinholeCameraParameters",
	"extrinsic" : 
	[
		-0.12261655428564949,
		0.070167200389267964,
		0.98997057764594543,
		0.0,
		-0.57705917372034676,
		0.80650795700458611,
		-0.12863757349032809,
		0.0,
		-0.80744528646856628,
		-0.58704469955687466,
		-0.05840060001296013,
		0.0,
		-0.22480671584170756,
		-0.15121303293240942,
		1.7228237390555894,
		1.0
	],
	"intrinsic" : 
	{
		"height" : 1536,
		"intrinsic_matrix" : 
		[
			973.43609619140591,
			0.0,
			0.0,
			0.0,
			973.43609619140591,
			0.0,
			1023.5,
			767.5,
			1.0
		],
		"width" : 2048
	},
	"version_major" : 1,
	"version_minor" : 0
}