{
	"class_name" : "PinholeCameraParameters",
	"extrinsic" : 
	[
		-0.24390807803767528,
		0.070167200389267964,
		0.96725664301544068,
		0.0,
		-0.55676120654196504,
		0.806507957004586,
		-0.19890166962150974,
		0.0,
		-0.79405655236758965,
		-0.58704469955687455,
		-0.15764743056667996,
		0.0,
		-0.231120806154649,
		-0.1512130329324094,
		1.6945694090117136,
		1.0
	],
	"intrinsic" : 
	{
		"height" : 1536,
		"intrinsic_matrix" : 
		[
			973.43609619140591,
			0.0,
			0.0,
			0.0,
			973.43609619140591,
			0.0,
			1023.5,
			767.5,
			1.0
		],
		"width" : 2048
	},
	"version_major" : 1,
	"version_minor" : 0
}