{
	"class_name" : "PinholeCameraParameters",
	"extrinsic" : 
	[
		-0.95277373712934232,
		0.070167200389267964,
		0.29546365229266242,
		0.0,
		-0.12012394145754968,
		0.80650795700458611,
		-0.57889131447707187,
		0.0,
		-0.27891296944618793,
		-0.58704469955687466,
		-0.75999083954800983,
		0.0,
		-0.15178526512561802,
		-0.1512130329324094,
		1.4796136776459972,
		1.0
	],
	"intrinsic" : 
	{
		"height" : 1536,
		"intrinsic_matrix" : 
		[
			973.43609619140591,
			0.0,
			0.0,
			0.0,
			973.43609619140591,
			0.0,
			1023.5,
			767.5,
			1.0
		],
		"width" : 2048
	},
	"version_major" : 1,
	"version_minor" : 0
}