{
	"class_name" : "PinholeCameraParameters",
	"extrinsic" : 
	[
		-0.63373242162373578,
		0.070167200389267909,
		-0.77036340890027233,
		0.0,
		0.49051595451844382,
		0.80650795700458611,
		-0.33005910629938517,
		0.0,
		0.59814489561123552,
		-0.58704469955687466,
		-0.54552837192615666,
		0.0,
		0.10753596959177264,
		-0.15121303293240934,
		1.4498866599735518,
		1.0
	],
	"intrinsic" : 
	{
		"height" : 1536,
		"intrinsic_matrix" : 
		[
			973.43609619140591,
			0.0,
			0.0,
			0.0,
			973.43609619140591,
			0.0,
			1023.5,
			767.5,
			1.0
		],
		"width" : 2048
	},
	"version_major" : 1,
	"version_minor" : 0
}