{
	"class_name" : "PinholeCameraParameters",
	"extrinsic" : 
	[
		-0.98776445511948086,
		0.11145297670386903,
		0.10908535734168079,
		0.0,
		0.0035019873938054863,
		0.71515039517071788,
		-0.69896183613374763,
		0.0,
		-0.1559138136497501,
		-0.69002764167170361,
		-0.70679044733370455,
		0.0,
		-0.12192877065397595,
		-0.17524250920165618,
		1.2670383799101936,
		1.0
	],
	"intrinsic" : 
	{
		"height" : 1536,
		"intrinsic_matrix" : 
		[
			973.43609619140591,
			0.0,
			0.0,
			0.0,
			973.43609619140591,
			0.0,
			1023.5,
			767.5,
			1.0
		],
		"width" : 2048
	},
	"version_major" : 1,
	"version_minor" : 0
}