{
	"class_name" : "PinholeCameraParameters",
	"extrinsic" : 
	[
		-0.21728752044802718,
		0.91469023107732617,
		-0.34077546072048076,
		0.0,
		0.58672146433440875,
		0.40139928239607575,
		0.70330401632665418,
		0.0,
		0.780092338602832,
		-0.04712109149439573,
		-0.62388744657152817,
		0.0,
		0.18985262712740503,
		0.061633915642163813,
		1.4633435996665938,
		1.0
	],
	"intrinsic" : 
	{
		"height" : 1536,
		"intrinsic_matrix" : 
		[
			973.43609619140591,
			0.0,
			0.0,
			0.0,
			973.43609619140591,
			0.0,
			1023.5,
			767.5,
			1.0
		],
		"width" : 2048
	},
	"version_major" : 1,
	"version_minor" : 0
}