{
	"class_name" : "PinholeCameraParameters",
	"extrinsic" : 
	[
		-0.1154381982097514,
		0.91469023107732617,
		-0.38731873639909792,
		0.0,
		0.37121371247325902,
		0.4013992823960757,
		0.83730460154219633,
		0.0,
		0.92134380231589263,
		-0.047121091494395737,
		-0.38588236636372758,
		0.0,
		0.23591115751363589,
		0.061633915642163827,
		1.5229014880151692,
		1.0
	],
	"intrinsic" : 
	{
		"height" : 1536,
		"intrinsic_matrix" : 
		[
			973.43609619140591,
			0.0,
			0.0,
			0.0,
			973.43609619140591,
			0.0,
			1023.5,
			767.5,
			1.0
		],
		"width" : 2048
	},
	"version_major" : 1,
	"version_minor" : 0
}