{
	"class_name" : "PinholeCameraParameters",
	"extrinsic" : 
	[
		0.15896012023212466,
		0.91469023107732617,
		-0.3715823749150331,
		0.0,
		-0.25011234052555276,
		0.4013992823960757,
		0.88109161453775364,
		0.0,
		0.95507879114375605,
		-0.047121091494395778,
		0.29258179274137747,
		0.0,
		0.26760153436865808,
		0.061633915642163764,
		1.7049581933050026,
		1.0
	],
	"intrinsic" : 
	{
		"height" : 1536,
		"intrinsic_matrix" : 
		[
			973.43609619140591,
			0.0,
			0.0,
			0.0,
			973.43609619140591,
			0.0,
			1023.5,
			767.5,
			1.0
		],
		"width" : 2048
	},
	"version_major" : 1,
	"version_minor" : 0
}