{
	"class_name" : "PinholeCameraParameters",
	"extrinsic" : 
	[
		0.25359858264394897,
		0.91469023107732617,
		-0.31468959317506512,
		0.0,
		-0.4792510779309096,
		0.4013992823960757,
		0.78051074329183767,
		0.0,
		0.84024172901793071,
		-0.047121091494395764,
		0.54016056830662429,
		0.0,
		0.24483699519804902,
		0.061633915642163764,
		1.775624629898261,
		1.0
	],
	"intrinsic" : 
	{
		"height" : 1536,
		"intrinsic_matrix" : 
		[
			973.43609619140591,
			0.0,
			0.0,
			0.0,
			973.43609619140591,
			0.0,
			1023.5,
			767.5,
			1.0
		],
		"width" : 2048
	},
	"version_major" : 1,
	"version_minor" : 0
}