{
	"class_name" : "PinholeCameraParameters",
	"extrinsic" : 
	[
		0.35647193782926034,
		0.91469023107732628,
		-0.19044563190569547,
		0.0,
		-0.74632959632223417,
		0.4013992823960757,
		0.53091501179134737,
		0.0,
		0.56206751480026218,
		-0.047121091494395723,
		0.82574797095883556,
		0.0,
		0.17923790567427766,
		0.06163391564216375,
		1.8619896381901286,
		1.0
	],
	"intrinsic" : 
	{
		"height" : 1536,
		"intrinsic_matrix" : 
		[
			973.43609619140591,
			0.0,
			0.0,
			0.0,
			973.43609619140591,
			0.0,
			1023.5,
			767.5,
			1.0
		],
		"width" : 2048
	},
	"version_major" : 1,
	"version_minor" : 0
}