{
	"class_name" : "PinholeCameraParameters",
	"extrinsic" : 
	[
		0.37753912152760921,
		0.91469023107732617,
		0.14424282612271866,
		0.0,
		-0.89023538841120042,
		0.40139928239607564,
		-0.21531272445509292,
		0.0,
		-0.25484341258215876,
		-0.047121091494395737,
		0.96583354559668122,
		0.0,
		-0.036658442587305773,
		0.061633915642163778,
		1.9270018747753777,
		1.0
	],
	"intrinsic" : 
	{
		"height" : 1536,
		"intrinsic_matrix" : 
		[
			973.43609619140591,
			0.0,
			0.0,
			0.0,
			973.43609619140591,
			0.0,
			1023.5,
			767.5,
			1.0
		],
		"width" : 2048
	},
	"version_major" : 1,
	"version_minor" : 0
}