{
	"class_name" : "PinholeCameraParameters",
	"extrinsic" : 
	[
		0.33692955850662293,
		0.91469023107732628,
		0.22320451110190387,
		0.0,
		-0.82173311083088696,
		0.4013992823960757,
		-0.40451614387575296,
		0.0,
		-0.4596010957000925,
		-0.047121091494395723,
		0.88687453203237909,
		0.0,
		-0.09456937211214822,
		0.061633915642163889,
		1.9124988326485926,
		1.0
	],
	"intrinsic" : 
	{
		"height" : 1536,
		"intrinsic_matrix" : 
		[
			973.43609619140591,
			0.0,
			0.0,
			0.0,
			973.43609619140591,
			0.0,
			1023.5,
			767.5,
			1.0
		],
		"width" : 2048
	},
	"version_major" : 1,
	"version_minor" : 0
}