{
	"class_name" : "PinholeCameraParameters",
	"extrinsic" : 
	[
		0.29283875860749459,
		0.91469023107732617,
		0.27854486645588938,
		0.0,
		-0.73859146888945371,
		0.40139928239607564,
		-0.54162833952410094,
		0.0,
		-0.60722986054783301,
		-0.047121091494395737,
		0.79312766891304209,
		0.0,
		-0.13754818317705697,
		0.061633915642163833,
		1.8921016998546361,
		1.0
	],
	"intrinsic" : 
	{
		"height" : 1536,
		"intrinsic_matrix" : 
		[
			973.43609619140591,
			0.0,
			0.0,
			0.0,
			973.43609619140591,
			0.0,
			1023.5,
			767.5,
			1.0
		],
		"width" : 2048
	},
	"version_major" : 1,
	"version_minor" : 0
}