{
	"class_name" : "PinholeCameraParameters",
	"extrinsic" : 
	[
		0.17549261832087726,
		0.91469023107732628,
		0.36406609576640148,
		0.0,
		-0.49949473681100265,
		0.4013992823960757,
		-0.76771324333374813,
		0.0,
		-0.84835567353144414,
		-0.04712109149439575,
		0.52732556729537272,
		0.0,
		-0.21149714315449442,
		0.061633915642163924,
		1.8283631017945521,
		1.0
	],
	"intrinsic" : 
	{
		"height" : 1536,
		"intrinsic_matrix" : 
		[
			973.43609619140591,
			0.0,
			0.0,
			0.0,
			973.43609619140591,
			0.0,
			1023.5,
			767.5,
			1.0
		],
		"width" : 2048
	},
	"version_major" : 1,
	"version_minor" : 0
}