{
	"class_name" : "PinholeCameraParameters",
	"extrinsic" : 
	[
		0.10820082968765291,
		0.91469023107732628,
		0.38940257013354601,
		0.0,
		-0.35554686498433785,
		0.4013992823960757,
		-0.84407644374886126,
		0.0,
		-0.92837438959436658,
		-0.04712109149439575,
		0.3686469794826267,
		0.0,
		-0.2383830243693501,
		0.061633915642163771,
		1.7881846013294587,
		1.0
	],
	"intrinsic" : 
	{
		"height" : 1536,
		"intrinsic_matrix" : 
		[
			973.43609619140591,
			0.0,
			0.0,
			0.0,
			973.43609619140591,
			0.0,
			1023.5,
			767.5,
			1.0
		],
		"width" : 2048
	},
	"version_major" : 1,
	"version_minor" : 0
}