{
	"class_name" : "PinholeCameraParameters",
	"extrinsic" : 
	[
		0.77018772368316113,
		0.0,
		-0.63781727029592961,
		0.0,
		0.0,
		-1.0,
		-0.0,
		0.0,
		-0.63781727029592961,
		-0.0,
		-0.77018772368316113,
		0.0,
		-0.10729784809504461,
		0.00059831142425537109,
		1.188947728925676,
		1.0
	],
	"intrinsic" : 
	{
		"height" : 1536,
		"intrinsic_matrix" : 
		[
			973.43609619140591,
			0.0,
			0.0,
			0.0,
			973.43609619140591,
			0.0,
			1023.5,
			767.5,
			1.0
		],
		"width" : 2048
	},
	"version_major" : 1,
	"version_minor" : 0
}