{
	"class_name" : "PinholeCameraParameters",
	"extrinsic" : 
	[
		-0.89453024412417603,
		0.26986573663961655,
		-0.35635393436175133,
		0.0,
		0.37465919963404593,
		0.88746097621023312,
		-0.26840920221474612,
		0.0,
		0.24381576338850289,
		-0.37361142901674926,
		-0.89496836459807017,
		0.0,
		-0.0080410376064338207,
		-0.078134007661436633,
		1.1787593815744719,
		1.0
	],
	"intrinsic" : 
	{
		"height" : 1536,
		"intrinsic_matrix" : 
		[
			973.43609619140591,
			0.0,
			0.0,
			0.0,
			973.43609619140591,
			0.0,
			1023.5,
			767.5,
			1.0
		],
		"width" : 2048
	},
	"version_major" : 1,
	"version_minor" : 0
}