{
	"class_name" : "PinholeCameraParameters",
	"extrinsic" : 
	[
		0.080706077287396066,
		0.55801404363604235,
		0.82589760636160814,
		0.0,
		-0.29565249619553291,
		0.80471188663197435,
		-0.51480907238175111,
		0.0,
		-0.95188031316034238,
		-0.20263046813883084,
		0.22992338462976533,
		0.0,
		-0.24692023645790434,
		-0.0090726170547205387,
		1.8166397039118563,
		1.0
	],
	"intrinsic" : 
	{
		"height" : 1536,
		"intrinsic_matrix" : 
		[
			973.43609619140591,
			0.0,
			0.0,
			0.0,
			973.43609619140591,
			0.0,
			1023.5,
			767.5,
			1.0
		],
		"width" : 2048
	},
	"version_major" : 1,
	"version_minor" : 0
}