{
	"class_name" : "PinholeCameraParameters",
	"extrinsic" : 
	[
		-0.071616447900376495,
		0.55801404363604235,
		0.82673539388070583,
		0.0,
		-0.19657144374823676,
		0.80471188663197424,
		-0.56017715681375524,
		0.0,
		-0.97787051898135602,
		-0.20263046813883084,
		0.052059019285535975,
		0.0,
		-0.26630056046728623,
		-0.0090726170547204971,
		1.769336347537475,
		1.0
	],
	"intrinsic" : 
	{
		"height" : 1536,
		"intrinsic_matrix" : 
		[
			973.43609619140591,
			0.0,
			0.0,
			0.0,
			973.43609619140591,
			0.0,
			1023.5,
			767.5,
			1.0
		],
		"width" : 2048
	},
	"version_major" : 1,
	"version_minor" : 0
}