{
	"class_name" : "PinholeCameraParameters",
	"extrinsic" : 
	[
		-0.62509633189187686,
		0.55801404363604235,
		0.54577917050788383,
		0.0,
		0.24701870544147758,
		0.80471188663197435,
		-0.53983380653236712,
		0.0,
		-0.74042983125839623,
		-0.20263046813883084,
		-0.64086235524057833,
		0.0,
		-0.24832936069819944,
		-0.009072617054720622,
		1.5618068127291402,
		1.0
	],
	"intrinsic" : 
	{
		"height" : 1536,
		"intrinsic_matrix" : 
		[
			973.43609619140591,
			0.0,
			0.0,
			0.0,
			973.43609619140591,
			0.0,
			1023.5,
			767.5,
			1.0
		],
		"width" : 2048
	},
	"version_major" : 1,
	"version_minor" : 0
}