{
	"class_name" : "PinholeCameraParameters",
	"extrinsic" : 
	[
		-0.82983055183062304,
		0.55801404363604235,
		0.0012579163075864264,
		0.0,
		0.54075177154677656,
		0.80471188663197435,
		-0.24500265525547152,
		0.0,
		-0.13772718256577593,
		-0.20263046813883087,
		-0.96952159159264306,
		0.0,
		-0.10455211191583147,
		-0.009072617054720622,
		1.4297373154907556,
		1.0
	],
	"intrinsic" : 
	{
		"height" : 1536,
		"intrinsic_matrix" : 
		[
			973.43609619140591,
			0.0,
			0.0,
			0.0,
			973.43609619140591,
			0.0,
			1023.5,
			767.5,
			1.0
		],
		"width" : 2048
	},
	"version_major" : 1,
	"version_minor" : 0
}