{
	"class_name" : "PinholeCameraParameters",
	"extrinsic" : 
	[
		-0.68224846465814759,
		0.55801404363604223,
		-0.47239534245857423,
		0.0,
		0.58389055380976862,
		0.80471188663197424,
		0.10728746751103027,
		0.0,
		0.4400100608432973,
		-0.20263046813883087,
		-0.87483257811910287,
		0.0,
		0.06139120093029149,
		-0.0090726170547205665,
		1.4162173169214425,
		1.0
	],
	"intrinsic" : 
	{
		"height" : 1536,
		"intrinsic_matrix" : 
		[
			973.43609619140591,
			0.0,
			0.0,
			0.0,
			973.43609619140591,
			0.0,
			1023.5,
			767.5,
			1.0
		],
		"width" : 2048
	},
	"version_major" : 1,
	"version_minor" : 0
}