{
	"class_name" : "PinholeCameraParameters",
	"extrinsic" : 
	[
		-0.58763982726687169,
		0.55801404363604235,
		-0.58591787864402511,
		0.0,
		0.55560212313181578,
		0.80471188663197435,
		0.20915319812192035,
		0.0,
		0.58820550335846056,
		-0.20263046813883084,
		-0.78291454144156658,
		0.0,
		0.10859900343210438,
		-0.0090726170547205387,
		1.4314137080123854,
		1.0
	],
	"intrinsic" : 
	{
		"height" : 1536,
		"intrinsic_matrix" : 
		[
			973.43609619140591,
			0.0,
			0.0,
			0.0,
			973.43609619140591,
			0.0,
			1023.5,
			767.5,
			1.0
		],
		"width" : 2048
	},
	"version_major" : 1,
	"version_minor" : 0
}