{
	"class_name" : "PinholeCameraParameters",
	"extrinsic" : 
	[
		0.018580801865624968,
		0.55801404363604223,
		-0.82962345730275944,
		0.0,
		0.23200514137493955,
		0.80471188663197435,
		0.54645438408782387,
		0.0,
		0.97253707804773426,
		-0.20263046813883082,
		-0.11450993495855968,
		0.0,
		0.26054238319834033,
		-0.0090726170547203947,
		1.5895024320638622,
		1.0
	],
	"intrinsic" : 
	{
		"height" : 1536,
		"intrinsic_matrix" : 
		[
			973.43609619140591,
			0.0,
			0.0,
			0.0,
			973.43609619140591,
			0.0,
			1023.5,
			767.5,
			1.0
		],
		"width" : 2048
	},
	"version_major" : 1,
	"version_minor" : 0
}