{
	"class_name" : "PinholeCameraParameters",
	"extrinsic" : 
	[
		0.51478880527924931,
		0.55801404363604223,
		-0.65085544713409027,
		0.0,
		-0.14416927888523479,
		0.80471188663197424,
		0.57589408621631122,
		0.0,
		0.84510810254361823,
		-0.2026304681388309,
		0.49470515299212686,
		0.0,
		0.26718722502630532,
		-0.0090726170547205665,
		1.7663800994555601,
		1.0
	],
	"intrinsic" : 
	{
		"height" : 1536,
		"intrinsic_matrix" : 
		[
			973.43609619140591,
			0.0,
			0.0,
			0.0,
			973.43609619140591,
			0.0,
			1023.5,
			767.5,
			1.0
		],
		"width" : 2048
	},
	"version_major" : 1,
	"version_minor" : 0
}