{
	"class_name" : "PinholeCameraParameters",
	"extrinsic" : 
	[
		0.82942499269169279,
		0.55801404363604223,
		0.025971303458597217,
		0.0,
		-0.54849966519154592,
		0.80471188663197424,
		0.22712749018551384,
		0.0,
		0.10584091261486478,
		-0.20263046813883095,
		0.97351866679519339,
		0.0,
		0.096026445671073143,
		-0.009072617054720622,
		1.9492622636470203,
		1.0
	],
	"intrinsic" : 
	{
		"height" : 1536,
		"intrinsic_matrix" : 
		[
			973.43609619140591,
			0.0,
			0.0,
			0.0,
			973.43609619140591,
			0.0,
			1023.5,
			767.5,
			1.0
		],
		"width" : 2048
	},
	"version_major" : 1,
	"version_minor" : 0
}