{
	"class_name" : "PinholeCameraParameters",
	"extrinsic" : 
	[
		0.36919034059224798,
		0.55801404363604235,
		0.74318155219188076,
		0.0,
		-0.45942973363005052,
		0.80471188663197424,
		-0.37598284451531766,
		0.0,
		-0.80785073638018112,
		-0.2026304681388309,
		0.55346009893382331,
		0.0,
		-0.18496524158317662,
		-0.0090726170547205387,
		1.896044342795471,
		1.0
	],
	"intrinsic" : 
	{
		"height" : 1536,
		"intrinsic_matrix" : 
		[
			973.43609619140591,
			0.0,
			0.0,
			0.0,
			973.43609619140591,
			0.0,
			1023.5,
			767.5,
			1.0
		],
		"width" : 2048
	},
	"version_major" : 1,
	"version_minor" : 0
}