{
	"class_name" : "PinholeCameraParameters",
	"extrinsic" : 
	[
		-0.58949352162749247,
		0.26986573663961655,
		-0.76136054018262223,
		0.0,
		0.45906661427942896,
		0.88746097621023301,
		-0.040876146564986948,
		0.0,
		0.66464669683467115,
		-0.37361142901674915,
		-0.64703884620231533,
		0.0,
		0.12887656214868132,
		-0.078134007661436577,
		1.2117367413626772,
		1.0
	],
	"intrinsic" : 
	{
		"height" : 1536,
		"intrinsic_matrix" : 
		[
			973.43609619140591,
			0.0,
			0.0,
			0.0,
			973.43609619140591,
			0.0,
			1023.5,
			767.5,
			1.0
		],
		"width" : 2048
	},
	"version_major" : 1,
	"version_minor" : 0
}