{
	"class_name" : "PinholeCameraParameters",
	"extrinsic" : 
	[
		0.038306904430120248,
		0.42583603675569764,
		0.90398907674439399,
		0.0,
		-0.26890179861408914,
		0.87567551909282648,
		-0.40110373715987352,
		0.0,
		-0.96240552979245175,
		-0.22771924613811001,
		0.14805249461998729,
		0.0,
		-0.25319123934252591,
		-0.026556674707300068,
		1.8011086364756703,
		1.0
	],
	"intrinsic" : 
	{
		"height" : 1536,
		"intrinsic_matrix" : 
		[
			973.43609619140591,
			0.0,
			0.0,
			0.0,
			973.43609619140591,
			0.0,
			1023.5,
			767.5,
			1.0
		],
		"width" : 2048
	},
	"version_major" : 1,
	"version_minor" : 0
}