{
	"class_name" : "PinholeCameraParameters",
	"extrinsic" : 
	[
		-0.21455672527633457,
		0.42583603675569764,
		0.87899322036002969,
		0.0,
		-0.14677177100757391,
		0.87567551909282648,
		-0.46005481466539322,
		0.0,
		-0.96562076348533221,
		-0.22771924613811001,
		-0.12538136250773113,
		0.0,
		-0.2746974541850119,
		-0.026556674707300092,
		1.7262431421052831,
		1.0
	],
	"intrinsic" : 
	{
		"height" : 1536,
		"intrinsic_matrix" : 
		[
			973.43609619140591,
			0.0,
			0.0,
			0.0,
			973.43609619140591,
			0.0,
			1023.5,
			767.5,
			1.0
		],
		"width" : 2048
	},
	"version_major" : 1,
	"version_minor" : 0
}