{
	"class_name" : "PinholeCameraParameters",
	"extrinsic" : 
	[
		-0.88573402079269115,
		0.4258360367556977,
		0.18476718921554386,
		0.0,
		0.35204936786180452,
		0.87567551909282648,
		-0.33053536550513452,
		0.0,
		-0.30254997438194625,
		-0.22771924613810993,
		-0.92553090598843579,
		0.0,
		-0.15291150777877999,
		-0.02655667470730011,
		1.4564442061363048,
		1.0
	],
	"intrinsic" : 
	{
		"height" : 1536,
		"intrinsic_matrix" : 
		[
			973.43609619140591,
			0.0,
			0.0,
			0.0,
			973.43609619140591,
			0.0,
			1023.5,
			767.5,
			1.0
		],
		"width" : 2048
	},
	"version_major" : 1,
	"version_minor" : 0
}