{
	"class_name" : "PinholeCameraParameters",
	"extrinsic" : 
	[
		-0.895394427421216,
		0.4258360367556977,
		0.13012489824485093,
		0.0,
		0.37164888281318847,
		0.87567551909282648,
		-0.30833341233998285,
		0.0,
		-0.24524666612767965,
		-0.22771924613810995,
		-0.94233646734674847,
		0.0,
		-0.13843870305440337,
		-0.026556674707299943,
		1.4475060282015892,
		1.0
	],
	"intrinsic" : 
	{
		"height" : 1536,
		"intrinsic_matrix" : 
		[
			973.43609619140591,
			0.0,
			0.0,
			0.0,
			973.43609619140591,
			0.0,
			1023.5,
			767.5,
			1.0
		],
		"width" : 2048
	},
	"version_major" : 1,
	"version_minor" : 0
}