{
	"class_name" : "PinholeCameraParameters",
	"extrinsic" : 
	[
		-0.88704832445609072,
		0.42583603675569764,
		-0.17835060941819725,
		0.0,
		0.4536527620710703,
		0.87567551909282648,
		-0.16550394776801514,
		0.0,
		0.085699717297848282,
		-0.22771924613810998,
		-0.96994819624212913,
		0.0,
		-0.049615461568453659,
		-0.026556674707300054,
		1.4149607451404145,
		1.0
	],
	"intrinsic" : 
	{
		"height" : 1536,
		"intrinsic_matrix" : 
		[
			973.43609619140591,
			0.0,
			0.0,
			0.0,
			973.43609619140591,
			0.0,
			1023.5,
			767.5,
			1.0
		],
		"width" : 2048
	},
	"version_major" : 1,
	"version_minor" : 0
}