{
	"class_name" : "PinholeCameraParameters",
	"extrinsic" : 
	[
		-0.58151562773251408,
		0.42583603675569759,
		-0.69318341332078948,
		0.0,
		0.45769101352426472,
		0.87567551909282648,
		0.15398480899309597,
		0.0,
		0.67257602606842271,
		-0.22771924613810995,
		-0.70412032643313127,
		0.0,
		0.13163964102653114,
		-0.02655667470730011,
		1.4437158689709277,
		1.0
	],
	"intrinsic" : 
	{
		"height" : 1536,
		"intrinsic_matrix" : 
		[
			973.43609619140591,
			0.0,
			0.0,
			0.0,
			973.43609619140591,
			0.0,
			1023.5,
			767.5,
			1.0
		],
		"width" : 2048
	},
	"version_major" : 1,
	"version_minor" : 0
}