{
	"class_name" : "PinholeCameraParameters",
	"extrinsic" : 
	[
		0.39925945605003177,
		0.42583603675569753,
		-0.81194553792408586,
		0.0,
		0.043991317380107003,
		0.87567551909282648,
		0.48089203492745813,
		0.0,
		0.91578198865766935,
		-0.22771924613810995,
		0.33088864318452432,
		0.0,
		0.27650737828471594,
		-0.026556674707300082,
		1.7096734314306099,
		1.0
	],
	"intrinsic" : 
	{
		"height" : 1536,
		"intrinsic_matrix" : 
		[
			973.43609619140591,
			0.0,
			0.0,
			0.0,
			973.43609619140591,
			0.0,
			1023.5,
			767.5,
			1.0
		],
		"width" : 2048
	},
	"version_major" : 1,
	"version_minor" : 0
}