{
	"class_name" : "PinholeCameraParameters",
	"extrinsic" : 
	[
		0.65218907508907076,
		0.42583603675569753,
		-0.62714677718590128,
		0.0,
		-0.12261949677201073,
		0.87567551909282648,
		0.46707263275949673,
		0.0,
		0.74807343847101082,
		-0.2277192461381099,
		0.62332180740966359,
		0.0,
		0.25249648210469111,
		-0.02655667470730011,
		1.8026492214293544,
		1.0
	],
	"intrinsic" : 
	{
		"height" : 1536,
		"intrinsic_matrix" : 
		[
			973.43609619140591,
			0.0,
			0.0,
			0.0,
			973.43609619140591,
			0.0,
			1023.5,
			767.5,
			1.0
		],
		"width" : 2048
	},
	"version_major" : 1,
	"version_minor" : 0
}