{
	"class_name" : "PinholeCameraParameters",
	"extrinsic" : 
	[
		0.9047474719298757,
		0.42583603675569759,
		0.0097817092933176215,
		0.0,
		-0.4148254942618857,
		0.87567551909282648,
		0.24720880763413577,
		0.0,
		0.096704815530980981,
		-0.22771924613810984,
		0.96891285655182113,
		0.0,
		0.099641040109310228,
		-0.026556674707299943,
		1.9467054576875022,
		1.0
	],
	"intrinsic" : 
	{
		"height" : 1536,
		"intrinsic_matrix" : 
		[
			973.43609619140591,
			0.0,
			0.0,
			0.0,
			973.43609619140591,
			0.0,
			1023.5,
			767.5,
			1.0
		],
		"width" : 2048
	},
	"version_major" : 1,
	"version_minor" : 0
}