{
	"class_name" : "PinholeCameraParameters",
	"extrinsic" : 
	[
		0.83631439449354694,
		0.42583603675569759,
		0.34531420961653475,
		0.0,
		-0.47698644356550957,
		0.87567551909282648,
		0.075341342676088802,
		0.0,
		-0.27030014098704963,
		-0.22771924613810984,
		0.9354580582370714,
		0.0,
		-0.0036927109275674552,
		-0.02655667470730011,
		1.9651963473066745,
		1.0
	],
	"intrinsic" : 
	{
		"height" : 1536,
		"intrinsic_matrix" : 
		[
			973.43609619140591,
			0.0,
			0.0,
			0.0,
			973.43609619140591,
			0.0,
			1023.5,
			767.5,
			1.0
		],
		"width" : 2048
	},
	"version_major" : 1,
	"version_minor" : 0
}