{
	"class_name" : "PinholeCameraParameters",
	"extrinsic" : 
	[
		0.19409279094165299,
		0.2698657366396166,
		-0.94313332710303321,
		0.0,
		0.32990741437777454,
		0.88746097621023301,
		0.32182932377667467,
		0.0,
		0.9238447307004849,
		-0.37361142901674915,
		0.083219070320518673,
		0.0,
		0.26178986534623583,
		-0.07813400766143655,
		1.391333084441805,
		1.0
	],
	"intrinsic" : 
	{
		"height" : 1536,
		"intrinsic_matrix" : 
		[
			973.43609619140591,
			0.0,
			0.0,
			0.0,
			973.43609619140591,
			0.0,
			1023.5,
			767.5,
			1.0
		],
		"width" : 2048
	},
	"version_major" : 1,
	"version_minor" : 0
}