{
	"class_name" : "PinholeCameraParameters",
	"extrinsic" : 
	[
		0.80159343023659224,
		0.25305038092831722,
		0.5416765430712015,
		0.0,
		-0.481850396876149,
		0.80978814081733208,
		0.33475866235529533,
		0.0,
		-0.35393243370992633,
		-0.52934740171615324,
		0.77105328004264806,
		0.0,
		-0.02880213803136944,
		-0.12095758297562453,
		1.9372079073501982,
		1.0
	],
	"intrinsic" : 
	{
		"height" : 1536,
		"intrinsic_matrix" : 
		[
			973.43609619140591,
			0.0,
			0.0,
			0.0,
			973.43609619140591,
			0.0,
			1023.5,
			767.5,
			1.0
		],
		"width" : 2048
	},
	"version_major" : 1,
	"version_minor" : 0
}