{
	"class_name" : "PinholeCameraParameters",
	"extrinsic" : 
	[
		0.23354339859471784,
		0.25305038092831728,
		0.93884129952024498,
		0.0,
		-0.58210506532323736,
		0.80978814081733208,
		-0.073463323615519507,
		0.0,
		-0.7788524724861946,
		-0.52934740171615313,
		0.33642258306852585,
		0.0,
		-0.18820218722244519,
		-0.12095758297562426,
		1.8539469629153196,
		1.0
	],
	"intrinsic" : 
	{
		"height" : 1536,
		"intrinsic_matrix" : 
		[
			973.43609619140591,
			0.0,
			0.0,
			0.0,
			973.43609619140591,
			0.0,
			1023.5,
			767.5,
			1.0
		],
		"width" : 2048
	},
	"version_major" : 1,
	"version_minor" : 0
}