{
	"class_name" : "PinholeCameraParameters",
	"extrinsic" : 
	[
		-0.26614484878438671,
		0.25305038092831728,
		0.93012495084132096,
		0.0,
		-0.46777532638942404,
		0.80978814081733208,
		-0.35416014882094904,
		0.0,
		-0.84282451523837632,
		-0.52934740171615313,
		-0.09715021775350674,
		0.0,
		-0.24597958918490193,
		-0.12095758297562434,
		1.73786379081151,
		1.0
	],
	"intrinsic" : 
	{
		"height" : 1536,
		"intrinsic_matrix" : 
		[
			973.43609619140591,
			0.0,
			0.0,
			0.0,
			973.43609619140591,
			0.0,
			1023.5,
			767.5,
			1.0
		],
		"width" : 2048
	},
	"version_major" : 1,
	"version_minor" : 0
}