{
	"class_name" : "PinholeCameraParameters",
	"extrinsic" : 
	[
		-0.63091337458990759,
		0.25305038092831739,
		0.73342608248930474,
		0.0,
		-0.27666851953781979,
		0.80978814081733208,
		-0.51739510752263584,
		0.0,
		-0.72484677281500398,
		-0.52934740171615313,
		-0.4408950943660313,
		0.0,
		-0.24433668988392704,
		-0.1209575829756242,
		1.6303516419739099,
		1.0
	],
	"intrinsic" : 
	{
		"height" : 1536,
		"intrinsic_matrix" : 
		[
			973.43609619140591,
			0.0,
			0.0,
			0.0,
			973.43609619140591,
			0.0,
			1023.5,
			767.5,
			1.0
		],
		"width" : 2048
	},
	"version_major" : 1,
	"version_minor" : 0
}