{
	"class_name" : "PinholeCameraParameters",
	"extrinsic" : 
	[
		-0.95328071448476559,
		0.25305038092831733,
		-0.16498904237387491,
		0.0,
		0.30201982008627309,
		0.80978814081733186,
		-0.50301808642101942,
		0.0,
		0.0063172514964999465,
		-0.52934740171615313,
		-0.84838164798036952,
		0.0,
		-0.076068733852268491,
		-0.1209575829756242,
		1.4486459527796451,
		1.0
	],
	"intrinsic" : 
	{
		"height" : 1536,
		"intrinsic_matrix" : 
		[
			973.43609619140591,
			0.0,
			0.0,
			0.0,
			973.43609619140591,
			0.0,
			1023.5,
			767.5,
			1.0
		],
		"width" : 2048
	},
	"version_major" : 1,
	"version_minor" : 0
}