{
	"class_name" : "PinholeCameraParameters",
	"extrinsic" : 
	[
		-0.28242997502225475,
		0.25305038092831739,
		-0.92531011770160709,
		0.0,
		0.58515539600842803,
		0.80978814081733197,
		0.042852415495848617,
		0.0,
		0.76014897995797404,
		-0.52934740171615324,
		-0.37678224024655027,
		0.0,
		0.17923805342963522,
		-0.12095758297562434,
		1.5121250572884746,
		1.0
	],
	"intrinsic" : 
	{
		"height" : 1536,
		"intrinsic_matrix" : 
		[
			973.43609619140591,
			0.0,
			0.0,
			0.0,
			973.43609619140591,
			0.0,
			1023.5,
			767.5,
			1.0
		],
		"width" : 2048
	},
	"version_major" : 1,
	"version_minor" : 0
}