{
	"class_name" : "PinholeCameraParameters",
	"extrinsic" : 
	[
		-0.26937276855030629,
		0.25305038092831744,
		-0.92919525196568709,
		0.0,
		0.58449398228500449,
		0.80978814081733197,
		0.051087686033190617,
		0.0,
		0.7653790539570311,
		-0.52934740171615324,
		-0.36604129829869958,
		0.0,
		0.18169470647126701,
		-0.12095758297562439,
		1.5146663136501977,
		1.0
	],
	"intrinsic" : 
	{
		"height" : 1536,
		"intrinsic_matrix" : 
		[
			973.43609619140591,
			0.0,
			0.0,
			0.0,
			973.43609619140591,
			0.0,
			1023.5,
			767.5,
			1.0
		],
		"width" : 2048
	},
	"version_major" : 1,
	"version_minor" : 0
}