{
	"class_name" : "PinholeCameraParameters",
	"extrinsic" : 
	[
		0.3806950383890213,
		0.25305038092831744,
		-0.88940249182134368,
		0.0,
		0.41966497245599915,
		0.80978814081733197,
		0.41002984999279557,
		0.0,
		0.82398580002296584,
		-0.52934740171615313,
		0.202085946213166,
		0.0,
		0.25030940284521636,
		-0.12095758297562431,
		1.6690885683195247,
		1.0
	],
	"intrinsic" : 
	{
		"height" : 1536,
		"intrinsic_matrix" : 
		[
			973.43609619140591,
			0.0,
			0.0,
			0.0,
			973.43609619140591,
			0.0,
			1023.5,
			767.5,
			1.0
		],
		"width" : 2048
	},
	"version_major" : 1,
	"version_minor" : 0
}