{
	"class_name" : "PinholeCameraParameters",
	"extrinsic" : 
	[
		0.84751691662924211,
		0.2530503809283175,
		-0.46656251536026327,
		0.0,
		0.078317911804738266,
		0.80978814081733197,
		0.58147181503676881,
		0.0,
		0.52495845618278003,
		-0.52934740171615313,
		0.66649077081273234,
		0.0,
		0.20881330138968446,
		-0.12095758297562431,
		1.8271520301334476,
		1.0
	],
	"intrinsic" : 
	{
		"height" : 1536,
		"intrinsic_matrix" : 
		[
			973.43609619140591,
			0.0,
			0.0,
			0.0,
			973.43609619140591,
			0.0,
			1023.5,
			767.5,
			1.0
		],
		"width" : 2048
	},
	"version_major" : 1,
	"version_minor" : 0
}