{
	"class_name" : "PinholeCameraParameters",
	"extrinsic" : 
	[
		0.96701011610838783,
		0.2530503809283175,
		-0.029273538495982795,
		0.0,
		-0.19515797376131511,
		0.80978814081733208,
		0.55331413525138395,
		0.0,
		0.16372171701219182,
		-0.52934740171615313,
		0.8324581236764631,
		0.0,
		0.12243530422386872,
		-0.1209575829756242,
		1.9069807465003392,
		1.0
	],
	"intrinsic" : 
	{
		"height" : 1536,
		"intrinsic_matrix" : 
		[
			973.43609619140591,
			0.0,
			0.0,
			0.0,
			973.43609619140591,
			0.0,
			1023.5,
			767.5,
			1.0
		],
		"width" : 2048
	},
	"version_major" : 1,
	"version_minor" : 0
}