{
	"class_name" : "PinholeCameraParameters",
	"extrinsic" : 
	[
		0.2312403092756074,
		0.26986573663961666,
		-0.93471942504372862,
		0.0,
		0.31692149579244655,
		0.88746097621023301,
		0.33462483650897551,
		0.0,
		0.91983079143438107,
		-0.37361142901674915,
		0.119690497689929,
		0.0,
		0.26375078176855704,
		-0.078134007661436716,
		1.4017292833991606,
		1.0
	],
	"intrinsic" : 
	{
		"height" : 1536,
		"intrinsic_matrix" : 
		[
			973.43609619140591,
			0.0,
			0.0,
			0.0,
			973.43609619140591,
			0.0,
			1023.5,
			767.5,
			1.0
		],
		"width" : 2048
	},
	"version_major" : 1,
	"version_minor" : 0
}