{
	"class_name" : "PinholeCameraParameters",
	"extrinsic" : 
	[
		0.87662615095678964,
		0.10178703637584779,
		0.47028288368226401,
		0.0,
		-0.42338678267722801,
		0.6275639215124027,
		0.6533813256209583,
		0.0,
		-0.22862682194552256,
		-0.77188271365654815,
		0.59323423084418658,
		0.0,
		0.010660945316128156,
		-0.19779002745664864,
		1.8838211433881811,
		1.0
	],
	"intrinsic" : 
	{
		"height" : 1536,
		"intrinsic_matrix" : 
		[
			973.43609619140591,
			0.0,
			0.0,
			0.0,
			973.43609619140591,
			0.0,
			1023.5,
			767.5,
			1.0
		],
		"width" : 2048
	},
	"version_major" : 1,
	"version_minor" : 0
}