{
	"class_name" : "PinholeCameraParameters",
	"extrinsic" : 
	[
		0.24867319191543014,
		0.10178703637584779,
		0.96322429519214969,
		0.0,
		-0.76733090626450939,
		0.6275639215124027,
		0.13178317308086646,
		0.0,
		-0.59107099735469881,
		-0.77188271365654815,
		0.23416266236171152,
		0.0,
		-0.136818742473588,
		-0.19779002745664864,
		1.828557268048979,
		1.0
	],
	"intrinsic" : 
	{
		"height" : 1536,
		"intrinsic_matrix" : 
		[
			973.43609619140591,
			0.0,
			0.0,
			0.0,
			973.43609619140591,
			0.0,
			1023.5,
			767.5,
			1.0
		],
		"width" : 2048
	},
	"version_major" : 1,
	"version_minor" : 0
}