{
	"class_name" : "PinholeCameraParameters",
	"extrinsic" : 
	[
		0.016450934104619522,
		0.10178703637584781,
		0.99467017950318959,
		0.0,
		-0.77686839126231233,
		0.62756392151240281,
		-0.051371461663861723,
		0.0,
		-0.62944806729752711,
		-0.77188271365654815,
		0.089399143919900503,
		0.0,
		-0.16593672319702485,
		-0.19779002745664875,
		1.792647999847212,
		1.0
	],
	"intrinsic" : 
	{
		"height" : 1536,
		"intrinsic_matrix" : 
		[
			973.43609619140591,
			0.0,
			0.0,
			0.0,
			973.43609619140591,
			0.0,
			1023.5,
			767.5,
			1.0
		],
		"width" : 2048
	},
	"version_major" : 1,
	"version_minor" : 0
}