{
	"class_name" : "PinholeCameraParameters",
	"extrinsic" : 
	[
		-0.68340552920885411,
		0.10178703637584785,
		0.72290821123610705,
		0.0,
		-0.51973058216672618,
		0.6275639215124027,
		-0.57969271720163162,
		0.0,
		-0.51267631562946425,
		-0.77188271365654826,
		-0.37597881822092222,
		0.0,
		-0.19192189045513244,
		-0.19779002745664875,
		1.646832434707818,
		1.0
	],
	"intrinsic" : 
	{
		"height" : 1536,
		"intrinsic_matrix" : 
		[
			973.43609619140591,
			0.0,
			0.0,
			0.0,
			973.43609619140591,
			0.0,
			1023.5,
			767.5,
			1.0
		],
		"width" : 2048
	},
	"version_major" : 1,
	"version_minor" : 0
}