{
	"class_name" : "PinholeCameraParameters",
	"extrinsic" : 
	[
		-0.91046155770417747,
		0.10178703637584782,
		0.40087298632946666,
		0.0,
		-0.25389912945951265,
		0.6275639215124027,
		-0.73600187260337635,
		0.0,
		-0.32648887270867988,
		-0.77188271365654815,
		-0.54552918561303276,
		0.0,
		-0.16094054376355615,
		-0.19779002745664875,
		1.5755378240732485,
		1.0
	],
	"intrinsic" : 
	{
		"height" : 1536,
		"intrinsic_matrix" : 
		[
			973.43609619140591,
			0.0,
			0.0,
			0.0,
			973.43609619140591,
			0.0,
			1023.5,
			767.5,
			1.0
		],
		"width" : 2048
	},
	"version_major" : 1,
	"version_minor" : 0
}