{
	"class_name" : "PinholeCameraParameters",
	"extrinsic" : 
	[
		-0.97631331590129133,
		0.10178703637584779,
		-0.19092330507208166,
		0.0,
		0.21193094749715419,
		0.62756392151240259,
		-0.7491654009021862,
		0.0,
		0.043561252125986924,
		-0.77188271365654826,
		-0.63427083621385227,
		0.0,
		-0.067963999294990141,
		-0.19779002745664864,
		1.5037407795174493,
		1.0
	],
	"intrinsic" : 
	{
		"height" : 1536,
		"intrinsic_matrix" : 
		[
			973.43609619140591,
			0.0,
			0.0,
			0.0,
			973.43609619140591,
			0.0,
			1023.5,
			767.5,
			1.0
		],
		"width" : 2048
	},
	"version_major" : 1,
	"version_minor" : 0
}