{
	"class_name" : "PinholeCameraParameters",
	"extrinsic" : 
	[
		-0.88367861740781795,
		0.10178703637584781,
		-0.456893313982629,
		0.0,
		0.41339861844791109,
		0.62756392151240281,
		-0.65974624415856531,
		0.0,
		0.21957614488273933,
		-0.77188271365654815,
		-0.59664343871079117,
		0.0,
		-0.013640745588294201,
		-0.19779002745664898,
		1.4920716887353536,
		1.0
	],
	"intrinsic" : 
	{
		"height" : 1536,
		"intrinsic_matrix" : 
		[
			973.43609619140591,
			0.0,
			0.0,
			0.0,
			973.43609619140591,
			0.0,
			1023.5,
			767.5,
			1.0
		],
		"width" : 2048
	},
	"version_major" : 1,
	"version_minor" : 0
}