{
	"class_name" : "PinholeCameraParameters",
	"extrinsic" : 
	[
		0.061243759594761527,
		0.10178703637584777,
		-0.99291923193003018,
		0.0,
		0.77048778652321648,
		0.62756392151240292,
		0.11185747732954282,
		0.0,
		0.63450592804894557,
		-0.77188271365654815,
		-0.039991294414533668,
		0.0,
		0.17361066453959173,
		-0.19779002745664875,
		1.5963328613197139,
		1.0
	],
	"intrinsic" : 
	{
		"height" : 1536,
		"intrinsic_matrix" : 
		[
			973.43609619140591,
			0.0,
			0.0,
			0.0,
			973.43609619140591,
			0.0,
			1023.5,
			767.5,
			1.0
		],
		"width" : 2048
	},
	"version_major" : 1,
	"version_minor" : 0
}