{
	"class_name" : "PinholeCameraParameters",
	"extrinsic" : 
	[
		0.89502318980601137,
		0.10178703637584779,
		-0.43424980015573356,
		0.0,
		0.28092832386539479,
		0.62756392151240281,
		0.72611486781786438,
		0.0,
		0.34642858796533033,
		-0.77188271365654804,
		0.53308940131890725,
		0.0,
		0.16498179229503085,
		-0.19779002745664875,
		1.7941450471130174,
		1.0
	],
	"intrinsic" : 
	{
		"height" : 1536,
		"intrinsic_matrix" : 
		[
			973.43609619140591,
			0.0,
			0.0,
			0.0,
			973.43609619140591,
			0.0,
			1023.5,
			767.5,
			1.0
		],
		"width" : 2048
	},
	"version_major" : 1,
	"version_minor" : 0
}