{
	"class_name" : "PinholeCameraParameters",
	"extrinsic" : 
	[
		0.87119652737191144,
		0.10178703637584781,
		0.48026660296229667,
		0.0,
		-0.43082325654562986,
		0.62756392151240292,
		0.64850200156621962,
		0.0,
		-0.23538889590322817,
		-0.77188271365654804,
		0.59058373161107547,
		0.0,
		0.0084215589415279624,
		-0.19779002745664864,
		1.8839301443572327,
		1.0
	],
	"intrinsic" : 
	{
		"height" : 1536,
		"intrinsic_matrix" : 
		[
			973.43609619140591,
			0.0,
			0.0,
			0.0,
			973.43609619140591,
			0.0,
			1023.5,
			767.5,
			1.0
		],
		"width" : 2048
	},
	"version_major" : 1,
	"version_minor" : 0
}