{
	"class_name" : "PinholeCameraParameters",
	"extrinsic" : 
	[
		0.8602812234048236,
		0.26986573663961666,
		-0.43253751380089228,
		0.0,
		-0.04792243135115952,
		0.88746097621023301,
		0.45838461610025016,
		0.0,
		0.50756246633344881,
		-0.37361142901674915,
		0.77639863657632047,
		0.0,
		0.20529168676573895,
		-0.078134007661436633,
		1.6175240581702892,
		1.0
	],
	"intrinsic" : 
	{
		"height" : 1536,
		"intrinsic_matrix" : 
		[
			973.43609619140591,
			0.0,
			0.0,
			0.0,
			973.43609619140591,
			0.0,
			1023.5,
			767.5,
			1.0
		],
		"width" : 2048
	},
	"version_major" : 1,
	"version_minor" : 0
}