{
	"class_name" : "PinholeCameraParameters",
	"extrinsic" : 
	[
		0.12799130878807247,
		-0.47236664930099737,
		0.87205961579634272,
		0.0,
		-0.77772529825240022,
		0.49783197661479545,
		0.38380552825359471,
		0.0,
		-0.61543609362218221,
		-0.72734659667035928,
		-0.30365332696862435,
		0.0,
		-0.1531257940008087,
		-0.23256480044923061,
		1.677666746992754,
		1.0
	],
	"intrinsic" : 
	{
		"height" : 1536,
		"intrinsic_matrix" : 
		[
			973.43609619140591,
			0.0,
			0.0,
			0.0,
			973.43609619140591,
			0.0,
			1023.5,
			767.5,
			1.0
		],
		"width" : 2048
	},
	"version_major" : 1,
	"version_minor" : 0
}