{
	"class_name" : "PinholeCameraParameters",
	"extrinsic" : 
	[
		-0.66398417924787512,
		-0.47236664930099737,
		0.57965054846577557,
		0.0,
		-0.74368818992828523,
		0.4978319766147955,
		-0.44619636845339355,
		0.0,
		-0.077800294791964597,
		-0.72734659667035928,
		-0.68184605479707017,
		0.0,
		-0.074318385464045469,
		-0.23256480044923067,
		1.5535853570107734,
		1.0
	],
	"intrinsic" : 
	{
		"height" : 1536,
		"intrinsic_matrix" : 
		[
			973.43609619140591,
			0.0,
			0.0,
			0.0,
			973.43609619140591,
			0.0,
			1023.5,
			767.5,
			1.0
		],
		"width" : 2048
	},
	"version_major" : 1,
	"version_minor" : 0
}