{
	"class_name" : "PinholeCameraParameters",
	"extrinsic" : 
	[
		-0.73781095535627073,
		-0.47236664930099737,
		0.48218745606290492,
		0.0,
		-0.67478551818697741,
		0.49783197661479561,
		-0.54481907777255567,
		0.0,
		0.017306027892025729,
		-0.72734659667035928,
		-0.68605206049588274,
		0.0,
		-0.055022462025599739,
		-0.23256480044923067,
		1.5445926314268679,
		1.0
	],
	"intrinsic" : 
	{
		"height" : 1536,
		"intrinsic_matrix" : 
		[
			973.43609619140591,
			0.0,
			0.0,
			0.0,
			973.43609619140591,
			0.0,
			1023.5,
			767.5,
			1.0
		],
		"width" : 2048
	},
	"version_major" : 1,
	"version_minor" : 0
}