{
	"class_name" : "PinholeCameraParameters",
	"extrinsic" : 
	[
		-0.82562298695033587,
		-0.47236664930099737,
		0.30857159954758362,
		0.0,
		-0.5388179464584506,
		0.49783197661479561,
		-0.6795870390421701,
		0.0,
		0.16739744321077324,
		-0.72734659667035928,
		-0.66554115148391979,
		0.0,
		-0.022251835793648728,
		-0.23256480044923034,
		1.5360114927938433,
		1.0
	],
	"intrinsic" : 
	{
		"height" : 1536,
		"intrinsic_matrix" : 
		[
			973.43609619140591,
			0.0,
			0.0,
			0.0,
			973.43609619140591,
			0.0,
			1023.5,
			767.5,
			1.0
		],
		"width" : 2048
	},
	"version_major" : 1,
	"version_minor" : 0
}