{
	"class_name" : "PinholeCameraParameters",
	"extrinsic" : 
	[
		-0.616849716540814,
		-0.47236664930099725,
		-0.62957618747191058,
		0.0,
		0.40272156044847829,
		0.49783197661479561,
		-0.76810068858825298,
		0.0,
		0.67624830643297018,
		-0.72734659667035928,
		-0.1168552795494731,
		0.0,
		0.12977589973150039,
		-0.23256480044923056,
		1.6059424262461706,
		1.0
	],
	"intrinsic" : 
	{
		"height" : 1536,
		"intrinsic_matrix" : 
		[
			973.43609619140591,
			0.0,
			0.0,
			0.0,
			973.43609619140591,
			0.0,
			1023.5,
			767.5,
			1.0
		],
		"width" : 2048
	},
	"version_major" : 1,
	"version_minor" : 0
}