{
	"class_name" : "PinholeCameraParameters",
	"extrinsic" : 
	[
		-0.024092141405208489,
		-0.47236664930099725,
		-0.88107282182045554,
		0.0,
		0.81761431725881106,
		0.49783197661479561,
		-0.28925793208348488,
		0.0,
		0.57526202459046416,
		-0.72734659667035928,
		0.37421989708742898,
		0.0,
		0.15085063849227398,
		-0.23256480044923056,
		1.7160563609146506,
		1.0
	],
	"intrinsic" : 
	{
		"height" : 1536,
		"intrinsic_matrix" : 
		[
			973.43609619140591,
			0.0,
			0.0,
			0.0,
			973.43609619140591,
			0.0,
			1023.5,
			767.5,
			1.0
		],
		"width" : 2048
	},
	"version_major" : 1,
	"version_minor" : 0
}