{
	"class_name" : "PinholeCameraParameters",
	"extrinsic" : 
	[
		0.30999320459773971,
		-0.47236664930099725,
		-0.82509027489806996,
		0.0,
		0.86632844903472428,
		0.49783197661479567,
		0.040476430831966947,
		0.0,
		0.3916366064303915,
		-0.72734659667035939,
		0.56354919644670987,
		0.0,
		0.12907316183159812,
		-0.23256480044923067,
		1.7708684945644317,
		1.0
	],
	"intrinsic" : 
	{
		"height" : 1536,
		"intrinsic_matrix" : 
		[
			973.43609619140591,
			0.0,
			0.0,
			0.0,
			973.43609619140591,
			0.0,
			1023.5,
			767.5,
			1.0
		],
		"width" : 2048
	},
	"version_major" : 1,
	"version_minor" : 0
}