{
	"class_name" : "PinholeCameraParameters",
	"extrinsic" : 
	[
		0.8492441488559751,
		-0.47236664930099714,
		-0.23591126353364122,
		0.0,
		0.47793964076694706,
		0.4978319766147955,
		0.72369677548222311,
		0.0,
		-0.22440605031382721,
		-0.72734659667035939,
		0.64854363993072484,
		0.0,
		0.0090182942161132207,
		-0.23256480044923078,
		1.8410530752369469,
		1.0
	],
	"intrinsic" : 
	{
		"height" : 1536,
		"intrinsic_matrix" : 
		[
			973.43609619140591,
			0.0,
			0.0,
			0.0,
			973.43609619140591,
			0.0,
			1023.5,
			767.5,
			1.0
		],
		"width" : 2048
	},
	"version_major" : 1,
	"version_minor" : 0
}