{
	"class_name" : "PinholeCameraParameters",
	"extrinsic" : 
	[
		0.88133764191831487,
		-0.47236664930099725,
		0.010663468760814365,
		0.0,
		0.25679805071261358,
		0.49783197661479572,
		0.82838281259934865,
		0.0,
		-0.39660902925685648,
		-0.72734659667035939,
		0.56006089510336254,
		0.0,
		-0.034127827979680669,
		-0.23256480044923067,
		1.8374754479911293,
		1.0
	],
	"intrinsic" : 
	{
		"height" : 1536,
		"intrinsic_matrix" : 
		[
			973.43609619140591,
			0.0,
			0.0,
			0.0,
			973.43609619140591,
			0.0,
			1023.5,
			767.5,
			1.0
		],
		"width" : 2048
	},
	"version_major" : 1,
	"version_minor" : 0
}