{
	"class_name" : "PinholeCameraParameters",
	"extrinsic" : 
	[
		0.84352096397266396,
		-0.47236664930099731,
		0.2556210710539657,
		0.0,
		0.016008627160085831,
		0.49783197661479561,
		0.86712573881545862,
		0.0,
		-0.53685762283409677,
		-0.72734659667035939,
		0.42749365038204773,
		0.0,
		-0.07443555679048558,
		-0.23256480044923061,
		1.8220577051458298,
		1.0
	],
	"intrinsic" : 
	{
		"height" : 1536,
		"intrinsic_matrix" : 
		[
			973.43609619140591,
			0.0,
			0.0,
			0.0,
			973.43609619140591,
			0.0,
			1023.5,
			767.5,
			1.0
		],
		"width" : 2048
	},
	"version_major" : 1,
	"version_minor" : 0
}