{
	"class_name" : "PinholeCameraParameters",
	"extrinsic" : 
	[
		0.95362892446600434,
		0.26986573663961666,
		0.13328300195362114,
		0.0,
		-0.30003663022541843,
		0.88746097621023301,
		0.34984430283621287,
		0.0,
		-0.023872472531923289,
		-0.37361142901674915,
		0.92727806248356548,
		0.0,
		0.071417630938121354,
		-0.078134007661436522,
		1.7038391433144218,
		1.0
	],
	"intrinsic" : 
	{
		"height" : 1536,
		"intrinsic_matrix" : 
		[
			973.43609619140591,
			0.0,
			0.0,
			0.0,
			973.43609619140591,
			0.0,
			1023.5,
			767.5,
			1.0
		],
		"width" : 2048
	},
	"version_major" : 1,
	"version_minor" : 0
}