{
	"class_name" : "PinholeCameraParameters",
	"extrinsic" : 
	[
		0.54138816490741104,
		-0.54828076019278138,
		0.63740651306729823,
		0.0,
		-0.48731775408016359,
		0.41316016505664421,
		0.76929843660872721,
		0.0,
		-0.68514251178601604,
		-0.72710857924576333,
		-0.043506925089651344,
		0.0,
		-0.13823602953195327,
		-0.23862808572452726,
		1.7276674570037962,
		1.0
	],
	"intrinsic" : 
	{
		"height" : 1536,
		"intrinsic_matrix" : 
		[
			973.43609619140591,
			0.0,
			0.0,
			0.0,
			973.43609619140591,
			0.0,
			1023.5,
			767.5,
			1.0
		],
		"width" : 2048
	},
	"version_major" : 1,
	"version_minor" : 0
}