{
	"class_name" : "PinholeCameraParameters",
	"extrinsic" : 
	[
		-0.33156553644285602,
		-0.54828076019278127,
		0.76775810190826843,
		0.0,
		-0.90558047277511133,
		0.4131601650566441,
		-0.096034813160503052,
		0.0,
		-0.26455302374338363,
		-0.72710857924576344,
		-0.63350202179270143,
		0.0,
		-0.096938868881499579,
		-0.23862808572452698,
		1.5815658573429858,
		1.0
	],
	"intrinsic" : 
	{
		"height" : 1536,
		"intrinsic_matrix" : 
		[
			973.43609619140591,
			0.0,
			0.0,
			0.0,
			973.43609619140591,
			0.0,
			1023.5,
			767.5,
			1.0
		],
		"width" : 2048
	},
	"version_major" : 1,
	"version_minor" : 0
}