{
	"class_name" : "PinholeCameraParameters",
	"extrinsic" : 
	[
		-0.61232158721101237,
		-0.54828076019278127,
		0.56960554933902496,
		0.0,
		-0.79050936043488074,
		0.4131601650566441,
		-0.45209913633538656,
		0.0,
		0.012538935370373622,
		-0.72710857924576333,
		-0.68640796111859392,
		0.0,
		-0.046012123447178435,
		-0.23862808572452721,
		1.5515558028434802,
		1.0
	],
	"intrinsic" : 
	{
		"height" : 1536,
		"intrinsic_matrix" : 
		[
			973.43609619140591,
			0.0,
			0.0,
			0.0,
			973.43609619140591,
			0.0,
			1023.5,
			767.5,
			1.0
		],
		"width" : 2048
	},
	"version_major" : 1,
	"version_minor" : 0
}