{
	"class_name" : "PinholeCameraParameters",
	"extrinsic" : 
	[
		-0.67124691454108532,
		-0.54828076019278127,
		0.49881438203153161,
		0.0,
		-0.73599794361673898,
		0.41316016505664416,
		-0.53628882610240736,
		0.0,
		0.08794661284554664,
		-0.72710857924576333,
		-0.68086599803206738,
		0.0,
		-0.030744458576585448,
		-0.23862808572452698,
		1.5473225359531053,
		1.0
	],
	"intrinsic" : 
	{
		"height" : 1536,
		"intrinsic_matrix" : 
		[
			973.43609619140591,
			0.0,
			0.0,
			0.0,
			973.43609619140591,
			0.0,
			1023.5,
			767.5,
			1.0
		],
		"width" : 2048
	},
	"version_major" : 1,
	"version_minor" : 0
}