{
	"class_name" : "PinholeCameraParameters",
	"extrinsic" : 
	[
		-0.83527554838810381,
		-0.54828076019278127,
		0.041267011854246527,
		0.0,
		-0.31344352484588855,
		0.4131601650566441,
		-0.85501569268788957,
		0.0,
		0.45173876853457856,
		-0.72710857924576333,
		-0.5169576375198166,
		0.0,
		0.052601339591539675,
		-0.23862808572452726,
		1.5539607100757971,
		1.0
	],
	"intrinsic" : 
	{
		"height" : 1536,
		"intrinsic_matrix" : 
		[
			973.43609619140591,
			0.0,
			0.0,
			0.0,
			973.43609619140591,
			0.0,
			1023.5,
			767.5,
			1.0
		],
		"width" : 2048
	},
	"version_major" : 1,
	"version_minor" : 0
}