{
	"class_name" : "PinholeCameraParameters",
	"extrinsic" : 
	[
		-0.39114305165443042,
		-0.54828076019278127,
		-0.73918557963808085,
		0.0,
		0.64179436895626796,
		0.41316016505664405,
		-0.64606397979332708,
		0.0,
		0.65962648606501961,
		-0.72710857924576344,
		0.19027877671648499,
		0.0,
		0.14356982181350914,
		-0.23862808572452726,
		1.6787976061317764,
		1.0
	],
	"intrinsic" : 
	{
		"height" : 1536,
		"intrinsic_matrix" : 
		[
			973.43609619140591,
			0.0,
			0.0,
			0.0,
			973.43609619140591,
			0.0,
			1023.5,
			767.5,
			1.0
		],
		"width" : 2048
	},
	"version_major" : 1,
	"version_minor" : 0
}