{
	"class_name" : "PinholeCameraParameters",
	"extrinsic" : 
	[
		0.20709598671122623,
		-0.54828076019278127,
		-0.81024654290563292,
		0.0,
		0.90943798778726448,
		0.4131601650566441,
		-0.047129867173778983,
		0.0,
		0.36060199480529087,
		-0.72710857924576355,
		0.58419116334437349,
		0.0,
		0.11240394928565062,
		-0.23862808572452743,
		1.7776296236439681,
		1.0
	],
	"intrinsic" : 
	{
		"height" : 1536,
		"intrinsic_matrix" : 
		[
			973.43609619140591,
			0.0,
			0.0,
			0.0,
			973.43609619140591,
			0.0,
			1023.5,
			767.5,
			1.0
		],
		"width" : 2048
	},
	"version_major" : 1,
	"version_minor" : 0
}