{
	"class_name" : "PinholeCameraParameters",
	"extrinsic" : 
	[
		0.38858233158794842,
		-0.54828076019278127,
		-0.74053492799468934,
		0.0,
		0.89574571175565931,
		0.41316016505664399,
		0.16412890629536964,
		0.0,
		0.21597081156726081,
		-0.72710857924576344,
		0.65166688003778905,
		0.0,
		0.088637827907819322,
		-0.23862808572452743,
		1.8011573340241935,
		1.0
	],
	"intrinsic" : 
	{
		"height" : 1536,
		"intrinsic_matrix" : 
		[
			973.43609619140591,
			0.0,
			0.0,
			0.0,
			973.43609619140591,
			0.0,
			1023.5,
			767.5,
			1.0
		],
		"width" : 2048
	},
	"version_major" : 1,
	"version_minor" : 0
}