{
	"class_name" : "PinholeCameraParameters",
	"extrinsic" : 
	[
		0.45833759692277559,
		-0.54828076019278116,
		-0.6995104397001386,
		0.0,
		0.87568853524207757,
		0.41316016505664399,
		0.24993652645412084,
		0.0,
		0.15197446000114637,
		-0.72710857924576344,
		0.66949001299090882,
		0.0,
		0.07727179391764652,
		-0.23862808572452743,
		1.8091939347811279,
		1.0
	],
	"intrinsic" : 
	{
		"height" : 1536,
		"intrinsic_matrix" : 
		[
			973.43609619140591,
			0.0,
			0.0,
			0.0,
			973.43609619140591,
			0.0,
			1023.5,
			767.5,
			1.0
		],
		"width" : 2048
	},
	"version_major" : 1,
	"version_minor" : 0
}