{
	"class_name" : "PinholeCameraParameters",
	"extrinsic" : 
	[
		0.83517796185404114,
		-0.54828076019278116,
		0.043196991049791356,
		0.0,
		0.2256001690302088,
		0.41316016505664394,
		0.88227163716392243,
		0.0,
		-0.50157983987284716,
		-0.72710857924576355,
		0.46875449674678993,
		0.0,
		-0.065838757667219472,
		-0.23862808572452743,
		1.815758526077776,
		1.0
	],
	"intrinsic" : 
	{
		"height" : 1536,
		"intrinsic_matrix" : 
		[
			973.43609619140591,
			0.0,
			0.0,
			0.0,
			973.43609619140591,
			0.0,
			1023.5,
			767.5,
			1.0
		],
		"width" : 2048
	},
	"version_major" : 1,
	"version_minor" : 0
}