{
	"class_name" : "PinholeCameraParameters",
	"extrinsic" : 
	[
		0.73200276106942852,
		0.2698657366396166,
		0.62557528881397662,
		0.0,
		-0.44116204140180315,
		0.88746097621023301,
		0.13337566843384158,
		0.0,
		-0.51918013349215031,
		-0.37361142901674915,
		0.76867840420759559,
		0.0,
		-0.078525785050153507,
		-0.078134007661436633,
		1.7017631919229075,
		1.0
	],
	"intrinsic" : 
	{
		"height" : 1536,
		"intrinsic_matrix" : 
		[
			973.43609619140591,
			0.0,
			0.0,
			0.0,
			973.43609619140591,
			0.0,
			1023.5,
			767.5,
			1.0
		],
		"width" : 2048
	},
	"version_major" : 1,
	"version_minor" : 0
}