{
	"class_name" : "PinholeCameraParameters",
	"extrinsic" : 
	[
		0.79114479761155887,
		-0.60138829835172158,
		-0.11145413324675982,
		0.0,
		-0.025565123965423018,
		-0.2145807732451914,
		0.97637160763211894,
		0.0,
		-0.61109437376627707,
		-0.76960197918087281,
		-0.18513902881911531,
		0.0,
		-0.09845588352387119,
		-0.25389800189363521,
		1.6288631554629291,
		1.0
	],
	"intrinsic" : 
	{
		"height" : 1536,
		"intrinsic_matrix" : 
		[
			973.43609619140591,
			0.0,
			0.0,
			0.0,
			973.43609619140591,
			0.0,
			1023.5,
			767.5,
			1.0
		],
		"width" : 2048
	},
	"version_major" : 1,
	"version_minor" : 0
}