{
	"class_name" : "PinholeCameraParameters",
	"extrinsic" : 
	[
		0.79602422074653056,
		-0.60138829835172158,
		0.068392650120458379,
		0.0,
		-0.24338294805965163,
		-0.21458077324519143,
		0.94589631162579801,
		0.0,
		-0.5541752255186726,
		-0.76960197918087281,
		-0.31717914979111084,
		0.0,
		-0.082760250755354259,
		-0.25389800189363521,
		1.6083290230123879,
		1.0
	],
	"intrinsic" : 
	{
		"height" : 1536,
		"intrinsic_matrix" : 
		[
			973.43609619140591,
			0.0,
			0.0,
			0.0,
			973.43609619140591,
			0.0,
			1023.5,
			767.5,
			1.0
		],
		"width" : 2048
	},
	"version_major" : 1,
	"version_minor" : 0
}