{
	"class_name" : "PinholeCameraParameters",
	"extrinsic" : 
	[
		0.58574144778217851,
		-0.60138829835172158,
		0.54335906264242828,
		0.0,
		-0.7735127279626256,
		-0.21458077324519143,
		0.59634985657188944,
		0.0,
		-0.24204341765446713,
		-0.76960197918087281,
		-0.59087035600969928,
		0.0,
		-0.016375147775705451,
		-0.25389800189363509,
		1.574252344407129,
		1.0
	],
	"intrinsic" : 
	{
		"height" : 1536,
		"intrinsic_matrix" : 
		[
			973.43609619140591,
			0.0,
			0.0,
			0.0,
			973.43609619140591,
			0.0,
			1023.5,
			767.5,
			1.0
		],
		"width" : 2048
	},
	"version_major" : 1,
	"version_minor" : 0
}