{
	"class_name" : "PinholeCameraParameters",
	"extrinsic" : 
	[
		0.13215593253883287,
		-0.6013882983517217,
		0.78795109245460926,
		0.0,
		-0.97670624559781516,
		-0.21458077324519143,
		3.9543853492529646e-05,
		0.0,
		0.16905537348754124,
		-0.76960197918087281,
		-0.61573782922269071,
		0.0,
		0.056389511282599752,
		-0.25389800189363532,
		1.5878854828752165,
		1.0
	],
	"intrinsic" : 
	{
		"height" : 1536,
		"intrinsic_matrix" : 
		[
			973.43609619140591,
			0.0,
			0.0,
			0.0,
			973.43609619140591,
			0.0,
			1023.5,
			767.5,
			1.0
		],
		"width" : 2048
	},
	"version_major" : 1,
	"version_minor" : 0
}