{
	"class_name" : "PinholeCameraParameters",
	"extrinsic" : 
	[
		-0.22690626233622935,
		-0.60138829835172158,
		0.76605852434277044,
		0.0,
		-0.87772292054150503,
		-0.21458077324519145,
		-0.42843618720830146,
		0.0,
		0.42203794008204204,
		-0.76960197918087281,
		-0.47916257238247462,
		0.0,
		0.094529003007876644,
		-0.25389800189363526,
		1.6227560090307103,
		1.0
	],
	"intrinsic" : 
	{
		"height" : 1536,
		"intrinsic_matrix" : 
		[
			973.43609619140591,
			0.0,
			0.0,
			0.0,
			973.43609619140591,
			0.0,
			1023.5,
			767.5,
			1.0
		],
		"width" : 2048
	},
	"version_major" : 1,
	"version_minor" : 0
}