{
	"class_name" : "PinholeCameraParameters",
	"extrinsic" : 
	[
		-0.7075461743765572,
		-0.60138829835172147,
		0.3710936886161223,
		0.0,
		-0.30436847862931282,
		-0.21458077324519143,
		-0.92807053663521366,
		0.0,
		0.63776033142707778,
		-0.76960197918087292,
		-0.031217836230386101,
		0.0,
		0.11256212503088323,
		-0.25389800189363521,
		1.7102871771809147,
		1.0
	],
	"intrinsic" : 
	{
		"height" : 1536,
		"intrinsic_matrix" : 
		[
			973.43609619140591,
			0.0,
			0.0,
			0.0,
			973.43609619140591,
			0.0,
			1023.5,
			767.5,
			1.0
		],
		"width" : 2048
	},
	"version_major" : 1,
	"version_minor" : 0
}