{
	"class_name" : "PinholeCameraParameters",
	"extrinsic" : 
	[
		-0.63247991167959061,
		-0.60138829835172147,
		-0.48816111677129537,
		0.0,
		0.71641232735142268,
		-0.21458077324519145,
		-0.66385877185770004,
		0.0,
		0.29448690724834514,
		-0.76960197918087292,
		0.5665600189743254,
		0.0,
		0.026581600644975834,
		-0.25389800189363532,
		1.7995092573856137,
		1.0
	],
	"intrinsic" : 
	{
		"height" : 1536,
		"intrinsic_matrix" : 
		[
			973.43609619140591,
			0.0,
			0.0,
			0.0,
			973.43609619140591,
			0.0,
			1023.5,
			767.5,
			1.0
		],
		"width" : 2048
	},
	"version_major" : 1,
	"version_minor" : 0
}