{
	"class_name" : "PinholeCameraParameters",
	"extrinsic" : 
	[
		0.19908144521926907,
		-0.60138829835172147,
		-0.77375622309292491,
		0.0,
		0.89262872821020645,
		-0.21458077324519151,
		0.3964455136930235,
		0.0,
		-0.40445090152358021,
		-0.76960197918087292,
		0.49409742146427627,
		0.0,
		-0.092115385436697117,
		-0.25389800189363532,
		1.756324683180472,
		1.0
	],
	"intrinsic" : 
	{
		"height" : 1536,
		"intrinsic_matrix" : 
		[
			973.43609619140591,
			0.0,
			0.0,
			0.0,
			973.43609619140591,
			0.0,
			1023.5,
			767.5,
			1.0
		],
		"width" : 2048
	},
	"version_major" : 1,
	"version_minor" : 0
}