{
	"class_name" : "PinholeCameraParameters",
	"extrinsic" : 
	[
		0.45097625385679341,
		-0.60138829835172147,
		-0.65950931233979859,
		0.0,
		0.70396399465746362,
		-0.21458077324519148,
		0.67704489214482844,
		0.0,
		-0.54868489379898155,
		-0.76960197918087292,
		0.32658487558012184,
		0.0,
		-0.10994161027866917,
		-0.25389800189363521,
		1.7208133930452292,
		1.0
	],
	"intrinsic" : 
	{
		"height" : 1536,
		"intrinsic_matrix" : 
		[
			973.43609619140591,
			0.0,
			0.0,
			0.0,
			973.43609619140591,
			0.0,
			1023.5,
			767.5,
			1.0
		],
		"width" : 2048
	},
	"version_major" : 1,
	"version_minor" : 0
}