{
	"class_name" : "PinholeCameraParameters",
	"extrinsic" : 
	[
		0.6914401387055551,
		-0.60138829835172147,
		-0.40030319658037167,
		0.0,
		0.3428408035422949,
		-0.2145807732451914,
		0.91455742038429133,
		0.0,
		-0.63590150024458703,
		-0.76960197918087292,
		0.057810687831637113,
		0.0,
		-0.11340038738669314,
		-0.25389800189363515,
		1.6701386897779349,
		1.0
	],
	"intrinsic" : 
	{
		"height" : 1536,
		"intrinsic_matrix" : 
		[
			973.43609619140591,
			0.0,
			0.0,
			0.0,
			973.43609619140591,
			0.0,
			1023.5,
			767.5,
			1.0
		],
		"width" : 2048
	},
	"version_major" : 1,
	"version_minor" : 0
}