{
	"class_name" : "PinholeCameraParameters",
	"extrinsic" : 
	[
		0.7051122639915407,
		0.2698657366396166,
		0.6557356017151128,
		0.0,
		-0.44636936770725932,
		0.88746097621023301,
		0.1147493062140325,
		0.0,
		-0.55097285118356376,
		-0.37361142901674915,
		0.74621941636941957,
		0.0,
		-0.089183204961615359,
		-0.078134007661436633,
		1.6982435323779983,
		1.0
	],
	"intrinsic" : 
	{
		"height" : 1536,
		"intrinsic_matrix" : 
		[
			973.43609619140591,
			0.0,
			0.0,
			0.0,
			973.43609619140591,
			0.0,
			1023.5,
			767.5,
			1.0
		],
		"width" : 2048
	},
	"version_major" : 1,
	"version_minor" : 0
}