{
	"class_name" : "PinholeCameraParameters",
	"extrinsic" : 
	[
		0.78745119400320829,
		-0.43229131755566341,
		-0.4393686764312067,
		0.0,
		0.0036933247853301043,
		-0.70950255990709488,
		0.70469317921866492,
		0.0,
		-0.61636594358785901,
		-0.55653421660421554,
		-0.55710204570956334,
		0.0,
		-0.10017875829967243,
		-0.18306197402802421,
		1.5032186616250702,
		1.0
	],
	"intrinsic" : 
	{
		"height" : 1536,
		"intrinsic_matrix" : 
		[
			973.43609619140591,
			0.0,
			0.0,
			0.0,
			973.43609619140591,
			0.0,
			1023.5,
			767.5,
			1.0
		],
		"width" : 2048
	},
	"version_major" : 1,
	"version_minor" : 0
}