{
	"class_name" : "PinholeCameraParameters",
	"extrinsic" : 
	[
		0.8925699775940823,
		-0.43229131755566347,
		0.12823046386755393,
		0.0,
		-0.42444484484124478,
		-0.70950255990709488,
		0.56254127952797472,
		0.0,
		-0.15220186853449319,
		-0.55653421660421565,
		-0.81676450520535049,
		0.0,
		0.032325292239677755,
		-0.18306197402802415,
		1.4802942070687461,
		1.0
	],
	"intrinsic" : 
	{
		"height" : 1536,
		"intrinsic_matrix" : 
		[
			973.43609619140591,
			0.0,
			0.0,
			0.0,
			973.43609619140591,
			0.0,
			1023.5,
			767.5,
			1.0
		],
		"width" : 2048
	},
	"version_major" : 1,
	"version_minor" : 0
}