{
	"class_name" : "PinholeCameraParameters",
	"extrinsic" : 
	[
		0.7883739630599097,
		-0.43229131755566347,
		0.43771076195953973,
		0.0,
		-0.59696243263640691,
		-0.70950255990709488,
		0.37448894710805919,
		0.0,
		0.1486685857538024,
		-0.55653421660421565,
		-0.81741502149073353,
		0.0,
		0.1041280380039194,
		-0.18306197402802438,
		1.5054167684451847,
		1.0
	],
	"intrinsic" : 
	{
		"height" : 1536,
		"intrinsic_matrix" : 
		[
			973.43609619140591,
			0.0,
			0.0,
			0.0,
			973.43609619140591,
			0.0,
			1023.5,
			767.5,
			1.0
		],
		"width" : 2048
	},
	"version_major" : 1,
	"version_minor" : 0
}