{
	"class_name" : "PinholeCameraParameters",
	"extrinsic" : 
	[
		0.13274528347825376,
		-0.43229131755566341,
		0.89190969637080786,
		0.0,
		-0.6605298396486049,
		-0.70950255990709477,
		-0.24557371280140655,
		0.0,
		0.738971596645004,
		-0.55653421660421554,
		-0.37972443310994047,
		0.0,
		0.2081239872321004,
		-0.18306197402802443,
		1.6593865586357368,
		1.0
	],
	"intrinsic" : 
	{
		"height" : 1536,
		"intrinsic_matrix" : 
		[
			973.43609619140591,
			0.0,
			0.0,
			0.0,
			973.43609619140591,
			0.0,
			1023.5,
			767.5,
			1.0
		],
		"width" : 2048
	},
	"version_major" : 1,
	"version_minor" : 0
}