{
	"class_name" : "PinholeCameraParameters",
	"extrinsic" : 
	[
		-0.44208842995226072,
		-0.43229131755566336,
		0.78592750102559317,
		0.0,
		-0.37116322861365342,
		-0.70950255990709499,
		-0.59903587138865744,
		0.0,
		0.81657557998475183,
		-0.55653421660421554,
		0.15321223163082731,
		0.0,
		0.18185530796823501,
		-0.18306197402802427,
		1.7929950200340699,
		1.0
	],
	"intrinsic" : 
	{
		"height" : 1536,
		"intrinsic_matrix" : 
		[
			973.43609619140591,
			0.0,
			0.0,
			0.0,
			973.43609619140591,
			0.0,
			1023.5,
			767.5,
			1.0
		],
		"width" : 2048
	},
	"version_major" : 1,
	"version_minor" : 0
}