{
	"class_name" : "PinholeCameraParameters",
	"extrinsic" : 
	[
		-0.85490305159111279,
		-0.43229131755566336,
		0.28681873918241824,
		0.0,
		0.12616080826846635,
		-0.70950255990709499,
		-0.69331779722024045,
		0.0,
		0.50321389372437908,
		-0.55653421660421554,
		0.66109412560654446,
		0.0,
		0.06445865671731732,
		-0.18306197402802449,
		1.887781654864237,
		1.0
	],
	"intrinsic" : 
	{
		"height" : 1536,
		"intrinsic_matrix" : 
		[
			973.43609619140591,
			0.0,
			0.0,
			0.0,
			973.43609619140591,
			0.0,
			1023.5,
			767.5,
			1.0
		],
		"width" : 2048
	},
	"version_major" : 1,
	"version_minor" : 0
}