{
	"class_name" : "PinholeCameraParameters",
	"extrinsic" : 
	[
		-0.90000607807679189,
		-0.43229131755566341,
		-0.055796739965882636,
		0.0,
		0.37767326275615254,
		-0.70950255990709499,
		-0.59495295955596472,
		0.0,
		0.21760506892982509,
		-0.55653421660421554,
		0.80182148868983194,
		0.0,
		-0.01547325601013344,
		-0.18306197402802438,
		1.8973452022017216,
		1.0
	],
	"intrinsic" : 
	{
		"height" : 1536,
		"intrinsic_matrix" : 
		[
			973.43609619140591,
			0.0,
			0.0,
			0.0,
			973.43609619140591,
			0.0,
			1023.5,
			767.5,
			1.0
		],
		"width" : 2048
	},
	"version_major" : 1,
	"version_minor" : 0
}