{
	"class_name" : "PinholeCameraParameters",
	"extrinsic" : 
	[
		-0.76736759461993387,
		-0.43229131755566347,
		-0.47357279429165416,
		0.0,
		0.61358418216788624,
		-0.70950255990709488,
		-0.34658414400928045,
		0.0,
		-0.18617579359461101,
		-0.55653421660421554,
		0.80969638731326266,
		0.0,
		-0.1124238388999016,
		-0.18306197402802438,
		1.8652993899484764,
		1.0
	],
	"intrinsic" : 
	{
		"height" : 1536,
		"intrinsic_matrix" : 
		[
			973.43609619140591,
			0.0,
			0.0,
			0.0,
			973.43609619140591,
			0.0,
			1023.5,
			767.5,
			1.0
		],
		"width" : 2048
	},
	"version_major" : 1,
	"version_minor" : 0
}