{
	"class_name" : "PinholeCameraParameters",
	"extrinsic" : 
	[
		-0.31911996581648977,
		-0.43229131755566352,
		-0.84337812645531118,
		0.0,
		0.69761376085528048,
		-0.70950255990709477,
		0.099705356679723911,
		0.0,
		-0.64148069969612798,
		-0.55653421660421554,
		0.52798880448935481,
		0.0,
		-0.19733194971029522,
		-0.18306197402802443,
		1.7598685074719236,
		1.0
	],
	"intrinsic" : 
	{
		"height" : 1536,
		"intrinsic_matrix" : 
		[
			973.43609619140591,
			0.0,
			0.0,
			0.0,
			973.43609619140591,
			0.0,
			1023.5,
			767.5,
			1.0
		],
		"width" : 2048
	},
	"version_major" : 1,
	"version_minor" : 0
}