{
	"class_name" : "PinholeCameraParameters",
	"extrinsic" : 
	[
		0.32084977252656788,
		-0.43229131755566358,
		-0.84272156744421711,
		0.0,
		0.45576674460734168,
		-0.70950255990709488,
		0.53747817815731425,
		0.0,
		-0.83026025918363455,
		-0.55653421660421554,
		-0.030619728428845638,
		0.0,
		-0.19541830404908184,
		-0.18306197402802435,
		1.6107976796662133,
		1.0
	],
	"intrinsic" : 
	{
		"height" : 1536,
		"intrinsic_matrix" : 
		[
			973.43609619140591,
			0.0,
			0.0,
			0.0,
			973.43609619140591,
			0.0,
			1023.5,
			767.5,
			1.0
		],
		"width" : 2048
	},
	"version_major" : 1,
	"version_minor" : 0
}