{
	"class_name" : "PinholeCameraParameters",
	"extrinsic" : 
	[
		0.2939526201218205,
		0.2698657366396166,
		0.91693202654911876,
		0.0,
		-0.44541502870200339,
		0.88746097621023301,
		-0.11839961110735875,
		0.0,
		-0.84569338966903973,
		-0.37361142901674915,
		0.38107373404388867,
		0.0,
		-0.20118056423487585,
		-0.078134007661436577,
		1.6223305665421932,
		1.0
	],
	"intrinsic" : 
	{
		"height" : 1536,
		"intrinsic_matrix" : 
		[
			973.43609619140591,
			0.0,
			0.0,
			0.0,
			973.43609619140591,
			0.0,
			1023.5,
			767.5,
			1.0
		],
		"width" : 2048
	},
	"version_major" : 1,
	"version_minor" : 0
}