{
	"class_name" : "PinholeCameraParameters",
	"extrinsic" : 
	[
		0.48729281955260023,
		0.33511431913225315,
		-0.80637714571099028,
		0.0,
		0.33549643712778632,
		-0.92440639419343495,
		-0.18142480273891226,
		0.0,
		-0.80621823887024446,
		-0.18212965570389211,
		-0.56288625833834616,
		0.0,
		-0.17539543778873201,
		-0.020712914329111182,
		1.472342760836282,
		1.0
	],
	"intrinsic" : 
	{
		"height" : 1536,
		"intrinsic_matrix" : 
		[
			973.43609619140591,
			0.0,
			0.0,
			0.0,
			973.43609619140591,
			0.0,
			1023.5,
			767.5,
			1.0
		],
		"width" : 2048
	},
	"version_major" : 1,
	"version_minor" : 0
}