{
	"class_name" : "PinholeCameraParameters",
	"extrinsic" : 
	[
		0.63582784106845791,
		0.33511431913225309,
		-0.6952850851519472,
		0.0,
		0.36453815970780618,
		-0.92440639419343495,
		-0.11218176541282385,
		0.0,
		-0.68031969443715934,
		-0.18212965570389214,
		-0.70992527907809566,
		0.0,
		-0.12977562428618727,
		-0.020712914329111098,
		1.4421571509569771,
		1.0
	],
	"intrinsic" : 
	{
		"height" : 1536,
		"intrinsic_matrix" : 
		[
			973.43609619140591,
			0.0,
			0.0,
			0.0,
			973.43609619140591,
			0.0,
			1023.5,
			767.5,
			1.0
		],
		"width" : 2048
	},
	"version_major" : 1,
	"version_minor" : 0
}