{
	"class_name" : "PinholeCameraParameters",
	"extrinsic" : 
	[
		0.93928185338950876,
		0.33511431913225309,
		0.073810520968869031,
		0.0,
		0.31263924644502872,
		-0.92440639419343495,
		0.21847086752374212,
		0.0,
		0.14144363356282263,
		-0.18212965570389214,
		-0.97304803942956886,
		0.0,
		0.11393830960741705,
		-0.020712914329111043,
		1.4344240964433441,
		1.0
	],
	"intrinsic" : 
	{
		"height" : 1536,
		"intrinsic_matrix" : 
		[
			973.43609619140591,
			0.0,
			0.0,
			0.0,
			973.43609619140591,
			0.0,
			1023.5,
			767.5,
			1.0
		],
		"width" : 2048
	},
	"version_major" : 1,
	"version_minor" : 0
}