{
	"class_name" : "PinholeCameraParameters",
	"extrinsic" : 
	[
		0.47194414119590439,
		0.33511431913225309,
		0.81545516167560483,
		0.0,
		-0.0026122083187731238,
		-0.92440639419343484,
		0.38140004554534496,
		0.0,
		0.88162458221090889,
		-0.18212965570389214,
		-0.43539279341144604,
		0.0,
		0.27334731681274332,
		-0.02071291432911096,
		1.6379551470045579,
		1.0
	],
	"intrinsic" : 
	{
		"height" : 1536,
		"intrinsic_matrix" : 
		[
			973.43609619140591,
			0.0,
			0.0,
			0.0,
			973.43609619140591,
			0.0,
			1023.5,
			767.5,
			1.0
		],
		"width" : 2048
	},
	"version_major" : 1,
	"version_minor" : 0
}