{
	"class_name" : "PinholeCameraParameters",
	"extrinsic" : 
	[
		0.23572382322436408,
		0.33511431913225315,
		0.91221306298310334,
		0.0,
		-0.10489834946170304,
		-0.92440639419343495,
		0.36670036085952012,
		0.0,
		0.96614213004334892,
		-0.18212965570389214,
		-0.1827516704943693,
		0.0,
		0.27670940358380947,
		-0.020712914329111001,
		1.7131632057857074,
		1.0
	],
	"intrinsic" : 
	{
		"height" : 1536,
		"intrinsic_matrix" : 
		[
			973.43609619140591,
			0.0,
			0.0,
			0.0,
			973.43609619140591,
			0.0,
			1023.5,
			767.5,
			1.0
		],
		"width" : 2048
	},
	"version_major" : 1,
	"version_minor" : 0
}