{
	"class_name" : "PinholeCameraParameters",
	"extrinsic" : 
	[
		-0.58611911211606926,
		0.33511431913225309,
		0.73767389781989512,
		0.0,
		-0.35588814896408616,
		-0.92440639419343495,
		0.13717304327457452,
		0.0,
		0.72787911897456381,
		-0.18212965570389214,
		0.66107546972641074,
		0.0,
		0.14648941113388425,
		-0.020712914329111098,
		1.9239673180570751,
		1.0
	],
	"intrinsic" : 
	{
		"height" : 1536,
		"intrinsic_matrix" : 
		[
			973.43609619140591,
			0.0,
			0.0,
			0.0,
			973.43609619140591,
			0.0,
			1023.5,
			767.5,
			1.0
		],
		"width" : 2048
	},
	"version_major" : 1,
	"version_minor" : 0
}