{
	"class_name" : "PinholeCameraParameters",
	"extrinsic" : 
	[
		-0.67671036652602146,
		0.33511431913225309,
		0.65556195202951195,
		0.0,
		-0.37065499240754896,
		-0.92440639419343495,
		0.089931612782445117,
		0.0,
		0.6361430314320653,
		-0.18212965570389211,
		0.74976718524726338,
		0.0,
		0.11468000273060897,
		-0.020712914329111154,
		1.9409491268571097,
		1.0
	],
	"intrinsic" : 
	{
		"height" : 1536,
		"intrinsic_matrix" : 
		[
			973.43609619140591,
			0.0,
			0.0,
			0.0,
			973.43609619140591,
			0.0,
			1023.5,
			767.5,
			1.0
		],
		"width" : 2048
	},
	"version_major" : 1,
	"version_minor" : 0
}