{
	"class_name" : "PinholeCameraParameters",
	"extrinsic" : 
	[
		-0.87811938443183801,
		0.33511431913225309,
		0.34147436184518504,
		0.0,
		-0.37649953080917675,
		-0.92440639419343495,
		-0.060999357986470562,
		0.0,
		0.29521932522367111,
		-0.18212965570389208,
		0.93790955775472407,
		0.0,
		0.0074422128117646036,
		-0.020712914329111098,
		1.9656187553897806,
		1.0
	],
	"intrinsic" : 
	{
		"height" : 1536,
		"intrinsic_matrix" : 
		[
			973.43609619140591,
			0.0,
			0.0,
			0.0,
			973.43609619140591,
			0.0,
			1023.5,
			767.5,
			1.0
		],
		"width" : 2048
	},
	"version_major" : 1,
	"version_minor" : 0
}