{
	"class_name" : "PinholeCameraParameters",
	"extrinsic" : 
	[
		-0.92364058612166089,
		0.33511431913225309,
		0.18597435517124783,
		0.0,
		-0.36048111497398244,
		-0.92440639419343495,
		-0.12460410956869084,
		0.0,
		0.1301592617371099,
		-0.18212965570389206,
		0.97462164715197686,
		0.0,
		-0.040258061539923007,
		-0.020712914329111098,
		1.9627865997310712,
		1.0
	],
	"intrinsic" : 
	{
		"height" : 1536,
		"intrinsic_matrix" : 
		[
			973.43609619140591,
			0.0,
			0.0,
			0.0,
			973.43609619140591,
			0.0,
			1023.5,
			767.5,
			1.0
		],
		"width" : 2048
	},
	"version_major" : 1,
	"version_minor" : 0
}