{
	"class_name" : "PinholeCameraParameters",
	"extrinsic" : 
	[
		-0.76916274453002931,
		0.3351143191322532,
		-0.54413882928859181,
		0.0,
		-0.15677488869542627,
		-0.92440639419343495,
		-0.34769879586910934,
		0.0,
		-0.61952425836408498,
		-0.18212965570389206,
		0.76355646930113319,
		0.0,
		-0.2275910575883805,
		-0.020712914329111154,
		1.847262149973377,
		1.0
	],
	"intrinsic" : 
	{
		"height" : 1536,
		"intrinsic_matrix" : 
		[
			973.43609619140591,
			0.0,
			0.0,
			0.0,
			973.43609619140591,
			0.0,
			1023.5,
			767.5,
			1.0
		],
		"width" : 2048
	},
	"version_major" : 1,
	"version_minor" : 0
}