{
	"class_name" : "PinholeCameraParameters",
	"extrinsic" : 
	[
		0.055141007916049214,
		0.26986573663961655,
		0.96131782124017617,
		0.0,
		-0.40161387883305233,
		0.88746097621023301,
		-0.22609579392958778,
		0.0,
		-0.91414756006602815,
		-0.37361142901674915,
		0.15731731797036858,
		0.0,
		-0.23888183367405599,
		-0.078134007661436633,
		1.566378473246691,
		1.0
	],
	"intrinsic" : 
	{
		"height" : 1536,
		"intrinsic_matrix" : 
		[
			973.43609619140591,
			0.0,
			0.0,
			0.0,
			973.43609619140591,
			0.0,
			1023.5,
			767.5,
			1.0
		],
		"width" : 2048
	},
	"version_major" : 1,
	"version_minor" : 0
}