{
	"class_name" : "PinholeCameraParameters",
	"extrinsic" : 
	[
		-0.020128133021279179,
		0.79848314474938142,
		-0.60168058453985052,
		0.0,
		0.18623889347404915,
		-0.58827491791055864,
		-0.786922928573623,
		0.0,
		-0.98229829116141687,
		-0.12789561567334529,
		-0.13686774153501796,
		0.0,
		-0.26351977836469204,
		0.031244485567931007,
		1.6028905663638155,
		1.0
	],
	"intrinsic" : 
	{
		"height" : 1536,
		"intrinsic_matrix" : 
		[
			973.43609619140591,
			0.0,
			0.0,
			0.0,
			973.43609619140591,
			0.0,
			1023.5,
			767.5,
			1.0
		],
		"width" : 2048
	},
	"version_major" : 1,
	"version_minor" : 0
}