{
	"class_name" : "PinholeCameraParameters",
	"extrinsic" : 
	[
		0.45902990565883528,
		0.79848314474938153,
		-0.38950765494657391,
		0.0,
		0.73238762139864577,
		-0.58827491791055864,
		-0.34284251921160491,
		0.0,
		-0.50289155663311236,
		-0.12789561567334529,
		-0.85483495117985275,
		0.0,
		-0.097099901773223363,
		0.031244485567930885,
		1.4285605937504755,
		1.0
	],
	"intrinsic" : 
	{
		"height" : 1536,
		"intrinsic_matrix" : 
		[
			973.43609619140591,
			0.0,
			0.0,
			0.0,
			973.43609619140591,
			0.0,
			1023.5,
			767.5,
			1.0
		],
		"width" : 2048
	},
	"version_major" : 1,
	"version_minor" : 0
}