{
	"class_name" : "PinholeCameraParameters",
	"extrinsic" : 
	[
		0.57972553525303605,
		0.79848314474938142,
		-0.16230517960533283,
		0.0,
		0.80864034701015342,
		-0.58827491791055864,
		-0.0057801509170951615,
		0.0,
		-0.1000954192901938,
		-0.12789561567334531,
		-0.98672367891353263,
		0.0,
		0.020016100248687052,
		0.031244485567930996,
		1.4117003879452343,
		1.0
	],
	"intrinsic" : 
	{
		"height" : 1536,
		"intrinsic_matrix" : 
		[
			973.43609619140591,
			0.0,
			0.0,
			0.0,
			973.43609619140591,
			0.0,
			1023.5,
			767.5,
			1.0
		],
		"width" : 2048
	},
	"version_major" : 1,
	"version_minor" : 0
}