{
	"class_name" : "PinholeCameraParameters",
	"extrinsic" : 
	[
		0.59434540973981198,
		0.79848314474938131,
		-0.095802930395440106,
		0.0,
		0.80412082170178245,
		-0.58827491791055864,
		0.08557058526722662,
		0.0,
		0.011968209008251698,
		-0.12789561567334529,
		-0.9917154195961011,
		0.0,
		0.051072054174449891,
		0.031244485567930941,
		1.4157269948393756,
		1.0
	],
	"intrinsic" : 
	{
		"height" : 1536,
		"intrinsic_matrix" : 
		[
			973.43609619140591,
			0.0,
			0.0,
			0.0,
			973.43609619140591,
			0.0,
			1023.5,
			767.5,
			1.0
		],
		"width" : 2048
	},
	"version_major" : 1,
	"version_minor" : 0
}