{
	"class_name" : "PinholeCameraParameters",
	"extrinsic" : 
	[
		0.58013476724618063,
		0.79848314474938131,
		0.16083631239045021,
		0.0,
		0.69513771822458592,
		-0.58827491791055864,
		0.41317813792460251,
		0.0,
		0.42453174738025928,
		-0.12789561567334531,
		-0.89633448386068459,
		0.0,
		0.15992402257193605,
		0.031244485567930996,
		1.4618323905949246,
		1.0
	],
	"intrinsic" : 
	{
		"height" : 1536,
		"intrinsic_matrix" : 
		[
			973.43609619140591,
			0.0,
			0.0,
			0.0,
			973.43609619140591,
			0.0,
			1023.5,
			767.5,
			1.0
		],
		"width" : 2048
	},
	"version_major" : 1,
	"version_minor" : 0
}