{
	"class_name" : "PinholeCameraParameters",
	"extrinsic" : 
	[
		0.18890670026554041,
		0.79848314474938142,
		0.57161081703019223,
		0.0,
		0.043121167470128473,
		-0.58827491791055875,
		0.80751048654078716,
		0.0,
		0.98104781917641437,
		-0.12789561567334531,
		-0.14556059899827822,
		0.0,
		0.27678336623524058,
		0.031244485567930989,
		1.6950945342998727,
		1.0
	],
	"intrinsic" : 
	{
		"height" : 1536,
		"intrinsic_matrix" : 
		[
			973.43609619140591,
			0.0,
			0.0,
			0.0,
			973.43609619140591,
			0.0,
			1023.5,
			767.5,
			1.0
		],
		"width" : 2048
	},
	"version_major" : 1,
	"version_minor" : 0
}