{
	"class_name" : "PinholeCameraParameters",
	"extrinsic" : 
	[
		-0.46100472543413235,
		0.79848314474938131,
		0.38716832344413049,
		0.0,
		-0.7341216013941545,
		-0.58827491791055864,
		0.33911369085279885,
		0.0,
		0.49853797999137678,
		-0.12789561567334526,
		0.85738124192080023,
		0.0,
		0.095780066996555835,
		0.031244485567930941,
		1.9476378175584701,
		1.0
	],
	"intrinsic" : 
	{
		"height" : 1536,
		"intrinsic_matrix" : 
		[
			973.43609619140591,
			0.0,
			0.0,
			0.0,
			973.43609619140591,
			0.0,
			1023.5,
			767.5,
			1.0
		],
		"width" : 2048
	},
	"version_major" : 1,
	"version_minor" : 0
}