{
	"class_name" : "PinholeCameraParameters",
	"extrinsic" : 
	[
		-0.58279786640784659,
		0.79848314474938142,
		-0.1509016715003528,
		0.0,
		-0.70209510394853913,
		-0.58827491791055875,
		-0.40124192947499338,
		0.0,
		-0.40915658606693828,
		-0.12789561567334529,
		0.90345647353349801,
		0.0,
		-0.15603927268402651,
		0.031244485567930913,
		1.9165747882529014,
		1.0
	],
	"intrinsic" : 
	{
		"height" : 1536,
		"intrinsic_matrix" : 
		[
			973.43609619140591,
			0.0,
			0.0,
			0.0,
			973.43609619140591,
			0.0,
			1023.5,
			767.5,
			1.0
		],
		"width" : 2048
	},
	"version_major" : 1,
	"version_minor" : 0
}