{
	"class_name" : "PinholeCameraParameters",
	"extrinsic" : 
	[
		-0.2333638410772973,
		0.79848314474938131,
		-0.55494683099265329,
		0.0,
		-0.10662125219557526,
		-0.58827491791055864,
		-0.80160122850303384,
		0.0,
		-0.96652637121699758,
		-0.12789561567334529,
		0.22241736720327954,
		0.0,
		-0.27649320525569376,
		0.031244485567930969,
		1.7024473029372102,
		1.0
	],
	"intrinsic" : 
	{
		"height" : 1536,
		"intrinsic_matrix" : 
		[
			973.43609619140591,
			0.0,
			0.0,
			0.0,
			973.43609619140591,
			0.0,
			1023.5,
			767.5,
			1.0
		],
		"width" : 2048
	},
	"version_major" : 1,
	"version_minor" : 0
}