{
	"class_name" : "PinholeCameraParameters",
	"extrinsic" : 
	[
		0.052958988067105098,
		0.79848314474938131,
		-0.59968326067520583,
		0.0,
		0.28026005851949998,
		-0.58827491791055875,
		-0.75854262935972949,
		0.0,
		-0.95846212506366402,
		-0.12789561567334531,
		-0.25493737723209847,
		0.0,
		-0.25127665318245229,
		0.031244485567930819,
		1.571572003483626,
		1.0
	],
	"intrinsic" : 
	{
		"height" : 1536,
		"intrinsic_matrix" : 
		[
			973.43609619140591,
			0.0,
			0.0,
			0.0,
			973.43609619140591,
			0.0,
			1023.5,
			767.5,
			1.0
		],
		"width" : 2048
	},
	"version_major" : 1,
	"version_minor" : 0
}