{
	"class_name" : "PinholeCameraParameters",
	"extrinsic" : 
	[
		0.98856618304633725,
		-0.0,
		0.15078760472000252,
		0.0,
		0.0,
		-1.0,
		-0.0,
		0.0,
		0.15078760472000252,
		0.0,
		-0.98856618304633725,
		0.0,
		0.12062584267115639,
		0.00059831142425537109,
		1.1949238472766808,
		1.0
	],
	"intrinsic" : 
	{
		"height" : 1536,
		"intrinsic_matrix" : 
		[
			973.43609619140591,
			0.0,
			0.0,
			0.0,
			973.43609619140591,
			0.0,
			1023.5,
			767.5,
			1.0
		],
		"width" : 2048
	},
	"version_major" : 1,
	"version_minor" : 0
}