{
	"class_name" : "PinholeCameraParameters",
	"extrinsic" : 
	[
		-0.084524557589207294,
		-0.77135131273115665,
		0.63077155255470296,
		0.0,
		-0.36467618896594939,
		0.61306438063988156,
		0.70083046622696821,
		0.0,
		-0.92729007131836583,
		-0.17078998079091173,
		-0.33311245262796774,
		0.0,
		-0.25377128610501348,
		-0.10864756519015259,
		1.4082327502643723,
		1.0
	],
	"intrinsic" : 
	{
		"height" : 1536,
		"intrinsic_matrix" : 
		[
			973.43609619140591,
			0.0,
			0.0,
			0.0,
			973.43609619140591,
			0.0,
			1023.5,
			767.5,
			1.0
		],
		"width" : 2048
	},
	"version_major" : 1,
	"version_minor" : 0
}