{
	"class_name" : "PinholeCameraParameters",
	"extrinsic" : 
	[
		0.54471467284248198,
		0.81081183703046422,
		0.21417303780212826,
		0.0,
		0.79644794215176029,
		-0.42019768648015032,
		-0.4348615638556203,
		0.0,
		-0.26259588845283593,
		0.40745314970928048,
		-0.87465726439540448,
		0.0,
		-0.026129934782620656,
		0.17481103475739956,
		1.5027316834867981,
		1.0
	],
	"intrinsic" : 
	{
		"height" : 1536,
		"intrinsic_matrix" : 
		[
			973.43609619140591,
			0.0,
			0.0,
			0.0,
			973.43609619140591,
			0.0,
			1023.5,
			767.5,
			1.0
		],
		"width" : 2048
	},
	"version_major" : 1,
	"version_minor" : 0
}