{
	"class_name" : "PinholeCameraParameters",
	"extrinsic" : 
	[
		0.24946490076345934,
		0.81081183703046411,
		0.52948222653679466,
		0.0,
		0.87783452138676199,
		-0.42019768648015032,
		0.22987052298718919,
		0.0,
		0.40886894764551635,
		0.40745314970928054,
		-0.81658319505316468,
		0.0,
		0.12873310364773527,
		0.17481103475739945,
		1.5434677122284763,
		1.0
	],
	"intrinsic" : 
	{
		"height" : 1536,
		"intrinsic_matrix" : 
		[
			973.43609619140591,
			0.0,
			0.0,
			0.0,
			973.43609619140591,
			0.0,
			1023.5,
			767.5,
			1.0
		],
		"width" : 2048
	},
	"version_major" : 1,
	"version_minor" : 0
}