{
	"class_name" : "PinholeCameraParameters",
	"extrinsic" : 
	[
		-0.34333462909321172,
		0.81081183703046422,
		0.47403111437616718,
		0.0,
		0.22234223975241468,
		-0.42019768648015038,
		0.87977146617664814,
		0.0,
		0.91251589623814577,
		0.40745314970928059,
		-0.036009303029635176,
		0.0,
		0.21510303840265818,
		0.17481103475739956,
		1.7465800128280589,
		1.0
	],
	"intrinsic" : 
	{
		"height" : 1536,
		"intrinsic_matrix" : 
		[
			973.43609619140591,
			0.0,
			0.0,
			0.0,
			973.43609619140591,
			0.0,
			1023.5,
			767.5,
			1.0
		],
		"width" : 2048
	},
	"version_major" : 1,
	"version_minor" : 0
}