{
	"class_name" : "PinholeCameraParameters",
	"extrinsic" : 
	[
		-0.57133448878246518,
		0.81081183703046411,
		0.12712618478882853,
		0.0,
		-0.41699654957736154,
		-0.42019768648015032,
		0.80594527228423174,
		0.0,
		0.70688809550610932,
		0.40745314970928065,
		0.5781791687908967,
		0.0,
		0.1421351945365098,
		0.17481103475739951,
		1.88206912208266,
		1.0
	],
	"intrinsic" : 
	{
		"height" : 1536,
		"intrinsic_matrix" : 
		[
			973.43609619140591,
			0.0,
			0.0,
			0.0,
			973.43609619140591,
			0.0,
			1023.5,
			767.5,
			1.0
		],
		"width" : 2048
	},
	"version_major" : 1,
	"version_minor" : 0
}