{
	"class_name" : "PinholeCameraParameters",
	"extrinsic" : 
	[
		-0.43213156467161223,
		0.81081183703046411,
		-0.39477395525255765,
		0.0,
		-0.89928166789920627,
		-0.42019768648015032,
		0.1213523220097209,
		0.0,
		-0.067489203543128887,
		0.4074531497092807,
		0.91072890488723413,
		0.0,
		-0.052610923493356165,
		0.17481103475739956,
		1.92863046756485,
		1.0
	],
	"intrinsic" : 
	{
		"height" : 1536,
		"intrinsic_matrix" : 
		[
			973.43609619140591,
			0.0,
			0.0,
			0.0,
			973.43609619140591,
			0.0,
			1023.5,
			767.5,
			1.0
		],
		"width" : 2048
	},
	"version_major" : 1,
	"version_minor" : 0
}