{
	"class_name" : "PinholeCameraParameters",
	"extrinsic" : 
	[
		0.039647318339152277,
		0.81081183703046411,
		-0.58396254595632946,
		0.0,
		-0.65510759222946802,
		-0.42019768648015027,
		-0.62790759422070896,
		0.0,
		-0.75449462075738016,
		0.4074531497092807,
		0.51450927886692543,
		0.0,
		-0.19744538442018389,
		0.17481103475739967,
		1.8080962017113404,
		1.0
	],
	"intrinsic" : 
	{
		"height" : 1536,
		"intrinsic_matrix" : 
		[
			973.43609619140591,
			0.0,
			0.0,
			0.0,
			973.43609619140591,
			0.0,
			1023.5,
			767.5,
			1.0
		],
		"width" : 2048
	},
	"version_major" : 1,
	"version_minor" : 0
}