{
	"class_name" : "PinholeCameraParameters",
	"extrinsic" : 
	[
		0.21536844373935921,
		0.81081183703046411,
		-0.54424314269687468,
		0.0,
		-0.43311191278848871,
		-0.42019768648015027,
		-0.7974007620246083,
		0.0,
		-0.87523168615057756,
		0.40745314970928082,
		0.26067494384770351,
		0.0,
		-0.21545416530948996,
		0.17481103475739956,
		1.7437859661882862,
		1.0
	],
	"intrinsic" : 
	{
		"height" : 1536,
		"intrinsic_matrix" : 
		[
			973.43609619140591,
			0.0,
			0.0,
			0.0,
			973.43609619140591,
			0.0,
			1023.5,
			767.5,
			1.0
		],
		"width" : 2048
	},
	"version_major" : 1,
	"version_minor" : 0
}