{
	"class_name" : "PinholeCameraParameters",
	"extrinsic" : 
	[
		0.24431129123860096,
		0.81081183703046411,
		-0.5318798340834251,
		0.0,
		-0.3896238152166363,
		-0.42019768648015032,
		-0.81952863701811041,
		0.0,
		-0.88797819544702794,
		0.40745314970928082,
		0.21325256200718057,
		0.0,
		-0.21652180117217251,
		0.17481103475739951,
		1.7321677638164499,
		1.0
	],
	"intrinsic" : 
	{
		"height" : 1536,
		"intrinsic_matrix" : 
		[
			973.43609619140591,
			0.0,
			0.0,
			0.0,
			973.43609619140591,
			0.0,
			1023.5,
			767.5,
			1.0
		],
		"width" : 2048
	},
	"version_major" : 1,
	"version_minor" : 0
}