{
	"class_name" : "PinholeCameraParameters",
	"extrinsic" : 
	[
		0.54294716081714411,
		0.81081183703046411,
		-0.2186150623627898,
		0.0,
		0.27995276738176905,
		-0.42019768648015032,
		-0.86316878552923737,
		0.0,
		-0.79172901209687352,
		0.40745314970928082,
		-0.45513415845890443,
		0.0,
		-0.16697223213912915,
		0.17481103475739965,
		1.5795683595321455,
		1.0
	],
	"intrinsic" : 
	{
		"height" : 1536,
		"intrinsic_matrix" : 
		[
			973.43609619140591,
			0.0,
			0.0,
			0.0,
			973.43609619140591,
			0.0,
			1023.5,
			767.5,
			1.0
		],
		"width" : 2048
	},
	"version_major" : 1,
	"version_minor" : 0
}