{
	"class_name" : "PinholeCameraParameters",
	"extrinsic" : 
	[
		0.54539339552852195,
		0.810811837030464,
		0.21243871832872993,
		0.0,
		0.79506021817711259,
		-0.42019768648015027,
		-0.43739359134410222,
		0.0,
		-0.26537764334252295,
		0.40745314970928082,
		-0.87381727907266471,
		0.0,
		-0.026815178249216309,
		0.17481103475739967,
		1.5028159170992414,
		1.0
	],
	"intrinsic" : 
	{
		"height" : 1536,
		"intrinsic_matrix" : 
		[
			973.43609619140591,
			0.0,
			0.0,
			0.0,
			973.43609619140591,
			0.0,
			1023.5,
			767.5,
			1.0
		],
		"width" : 2048
	},
	"version_major" : 1,
	"version_minor" : 0
}