{
	"class_name" : "PinholeCameraParameters",
	"extrinsic" : 
	[
		-0.59660704739862791,
		-0.77135131273115654,
		0.22153370701140018,
		0.0,
		-0.79000125789085685,
		0.61306438063988145,
		0.0070765614179846836,
		0.0,
		-0.14127293981918621,
		-0.17078998079091176,
		-0.97512703733220552,
		0.0,
		-0.085722665209867932,
		-0.10864756519015242,
		1.2042578176761738,
		1.0
	],
	"intrinsic" : 
	{
		"height" : 1536,
		"intrinsic_matrix" : 
		[
			973.43609619140591,
			0.0,
			0.0,
			0.0,
			973.43609619140591,
			0.0,
			1023.5,
			767.5,
			1.0
		],
		"width" : 2048
	},
	"version_major" : 1,
	"version_minor" : 0
}