{
	"class_name" : "PinholeCameraParameters",
	"extrinsic" : 
	[
		0.36898956083039447,
		0.56183002375416646,
		0.74040105916090193,
		0.0,
		0.90733959355843308,
		-0.39040821132439418,
		-0.1559368157033636,
		0.0,
		0.20144866829892485,
		0.72933425323296042,
		-0.65382717984319827,
		0.0,
		0.083166591458546879,
		0.24031013474924989,
		1.6042341693539255,
		1.0
	],
	"intrinsic" : 
	{
		"height" : 1536,
		"intrinsic_matrix" : 
		[
			973.43609619140591,
			0.0,
			0.0,
			0.0,
			973.43609619140591,
			0.0,
			1023.5,
			767.5,
			1.0
		],
		"width" : 2048
	},
	"version_major" : 1,
	"version_minor" : 0
}