{
	"class_name" : "PinholeCameraParameters",
	"extrinsic" : 
	[
		0.072002442794044802,
		0.56183002375416646,
		0.82411326444857269,
		0.0,
		0.90136618710862104,
		-0.39040821132439418,
		0.18740444303098464,
		0.0,
		0.42703002818180918,
		0.72933425323296031,
		-0.53452493121664912,
		0.0,
		0.11911804177334256,
		0.24031013474925006,
		1.6426332618646149,
		1.0
	],
	"intrinsic" : 
	{
		"height" : 1536,
		"intrinsic_matrix" : 
		[
			973.43609619140591,
			0.0,
			0.0,
			0.0,
			973.43609619140591,
			0.0,
			1023.5,
			767.5,
			1.0
		],
		"width" : 2048
	},
	"version_major" : 1,
	"version_minor" : 0
}