{
	"class_name" : "PinholeCameraParameters",
	"extrinsic" : 
	[
		0.065471274701662696,
		0.56183002375416646,
		0.82465783001032145,
		0.0,
		0.8998532178028138,
		-0.39040821132439424,
		0.19453949455164335,
		0.0,
		0.43125131721405929,
		0.72933425323296031,
		-0.53112507798282227,
		0.0,
		0.11971240675937861,
		0.24031013474924989,
		1.6435793251539268,
		1.0
	],
	"intrinsic" : 
	{
		"height" : 1536,
		"intrinsic_matrix" : 
		[
			973.43609619140591,
			0.0,
			0.0,
			0.0,
			973.43609619140591,
			0.0,
			1023.5,
			767.5,
			1.0
		],
		"width" : 2048
	},
	"version_major" : 1,
	"version_minor" : 0
}