{
	"class_name" : "PinholeCameraParameters",
	"extrinsic" : 
	[
		-0.34175654771304881,
		0.56183002375416646,
		0.75335880329604665,
		0.0,
		0.6933448063272164,
		-0.39040821132439418,
		0.60568507334221311,
		0.0,
		0.63440952202369538,
		0.72933425323296042,
		-0.25611736650759653,
		0.0,
		0.14083770450714761,
		0.24031013474925009,
		1.7108176876664078,
		1.0
	],
	"intrinsic" : 
	{
		"height" : 1536,
		"intrinsic_matrix" : 
		[
			973.43609619140591,
			0.0,
			0.0,
			0.0,
			973.43609619140591,
			0.0,
			1023.5,
			767.5,
			1.0
		],
		"width" : 2048
	},
	"version_major" : 1,
	"version_minor" : 0
}