{
	"class_name" : "PinholeCameraParameters",
	"extrinsic" : 
	[
		-0.50472253896074193,
		0.56183002375416635,
		0.6554404496774785,
		0.0,
		0.53675660792027202,
		-0.39040821132439413,
		0.7479797941016928,
		0.0,
		0.67612683907603144,
		0.72933425323296042,
		-0.1045181541272821,
		0.0,
		0.13878748269554431,
		0.24031013474925,
		1.7431639539737802,
		1.0
	],
	"intrinsic" : 
	{
		"height" : 1536,
		"intrinsic_matrix" : 
		[
			973.43609619140591,
			0.0,
			0.0,
			0.0,
			973.43609619140591,
			0.0,
			1023.5,
			767.5,
			1.0
		],
		"width" : 2048
	},
	"version_major" : 1,
	"version_minor" : 0
}