{
	"class_name" : "PinholeCameraParameters",
	"extrinsic" : 
	[
		-0.82067763355855283,
		0.56183002375416635,
		-0.10409248861049814,
		0.0,
		-0.37397423725253115,
		-0.39040821132439424,
		0.84126375079512061,
		0.0,
		0.43200867080201222,
		0.72933425323296053,
		0.530509241590567,
		0.0,
		0.048567605547337744,
		0.24031013474925011,
		1.8505295358009146,
		1.0
	],
	"intrinsic" : 
	{
		"height" : 1536,
		"intrinsic_matrix" : 
		[
			973.43609619140591,
			0.0,
			0.0,
			0.0,
			973.43609619140591,
			0.0,
			1023.5,
			767.5,
			1.0
		],
		"width" : 2048
	},
	"version_major" : 1,
	"version_minor" : 0
}