{
	"class_name" : "PinholeCameraParameters",
	"extrinsic" : 
	[
		-0.64142721824106508,
		0.56183002375416635,
		-0.52241568516644121,
		0.0,
		-0.76234460060480036,
		-0.39040821132439424,
		0.51615127478210765,
		0.0,
		0.086033909757936594,
		0.72933425323296053,
		0.67872653803493144,
		0.0,
		-0.028811882902430863,
		0.24031013474925,
		1.856181850706319,
		1.0
	],
	"intrinsic" : 
	{
		"height" : 1536,
		"intrinsic_matrix" : 
		[
			973.43609619140591,
			0.0,
			0.0,
			0.0,
			973.43609619140591,
			0.0,
			1023.5,
			767.5,
			1.0
		],
		"width" : 2048
	},
	"version_major" : 1,
	"version_minor" : 0
}