{
	"class_name" : "PinholeCameraParameters",
	"extrinsic" : 
	[
		-0.41958620065889174,
		0.56183002375416635,
		-0.71294771521131151,
		0.0,
		-0.89429848684605506,
		-0.39040821132439418,
		0.21865874086197334,
		0.0,
		-0.15549159669092313,
		0.72933425323296053,
		0.66625363820367034,
		0.0,
		-0.07504460809335653,
		0.24031013474925,
		1.8375317679549807,
		1.0
	],
	"intrinsic" : 
	{
		"height" : 1536,
		"intrinsic_matrix" : 
		[
			973.43609619140591,
			0.0,
			0.0,
			0.0,
			973.43609619140591,
			0.0,
			1023.5,
			767.5,
			1.0
		],
		"width" : 2048
	},
	"version_major" : 1,
	"version_minor" : 0
}