{
	"class_name" : "PinholeCameraParameters",
	"extrinsic" : 
	[
		-0.36233047410815328,
		0.56183002375416646,
		-0.74368249403959608,
		0.0,
		-0.90870240862262863,
		-0.39040821132439413,
		0.14778823056630941,
		0.0,
		-0.20730788720160728,
		0.72933425323296053,
		0.65199308812680346,
		0.0,
		-0.084185314923333615,
		0.24031013474925,
		1.8312729214247918,
		1.0
	],
	"intrinsic" : 
	{
		"height" : 1536,
		"intrinsic_matrix" : 
		[
			973.43609619140591,
			0.0,
			0.0,
			0.0,
			973.43609619140591,
			0.0,
			1023.5,
			767.5,
			1.0
		],
		"width" : 2048
	},
	"version_major" : 1,
	"version_minor" : 0
}