{
	"class_name" : "PinholeCameraParameters",
	"extrinsic" : 
	[
		0.088311192230033503,
		0.56183002375416646,
		-0.82252547543240451,
		0.0,
		-0.84829119733311187,
		-0.39040821132439407,
		-0.3577477785502558,
		0.0,
		-0.52211414255320232,
		0.72933425323296053,
		0.44211804894966034,
		0.0,
		-0.13144331514458463,
		0.24031013474925,
		1.7692305572828282,
		1.0
	],
	"intrinsic" : 
	{
		"height" : 1536,
		"intrinsic_matrix" : 
		[
			973.43609619140591,
			0.0,
			0.0,
			0.0,
			973.43609619140591,
			0.0,
			1023.5,
			767.5,
			1.0
		],
		"width" : 2048
	},
	"version_major" : 1,
	"version_minor" : 0
}