{
	"class_name" : "PinholeCameraParameters",
	"extrinsic" : 
	[
		-0.63478355613157034,
		-0.77135131273115665,
		-0.04546415305357443,
		0.0,
		-0.72198600025181381,
		0.61306438063988145,
		-0.32076203115553842,
		0.0,
		0.27529266663924312,
		-0.17078998079091179,
		-0.94606803674793627,
		0.0,
		0.022139725933139898,
		-0.10864756519015242,
		1.1904713646409963,
		1.0
	],
	"intrinsic" : 
	{
		"height" : 1536,
		"intrinsic_matrix" : 
		[
			973.43609619140591,
			0.0,
			0.0,
			0.0,
			973.43609619140591,
			0.0,
			1023.5,
			767.5,
			1.0
		],
		"width" : 2048
	},
	"version_major" : 1,
	"version_minor" : 0
}