{
	"class_name" : "PinholeCameraParameters",
	"extrinsic" : 
	[
		0.25248636335255881,
		0.96746700803373109,
		-0.016069371090997545,
		0.0,
		-0.75864136635104162,
		0.18762479921225145,
		-0.62390721424069706,
		0.0,
		-0.6005946333276917,
		0.16971895323393568,
		0.78133319610211938,
		0.0,
		-0.13905158386108041,
		0.12384164964727074,
		1.9254103976979917,
		1.0
	],
	"intrinsic" : 
	{
		"height" : 1536,
		"intrinsic_matrix" : 
		[
			973.43609619140591,
			0.0,
			0.0,
			0.0,
			973.43609619140591,
			0.0,
			1023.5,
			767.5,
			1.0
		],
		"width" : 2048
	},
	"version_major" : 1,
	"version_minor" : 0
}