{
	"class_name" : "PinholeCameraParameters",
	"extrinsic" : 
	[
		0.17442316201463812,
		0.9674670080337312,
		0.18325978532966766,
		0.0,
		-0.0087298011227958088,
		0.18762479921225156,
		-0.98220197785023777,
		0.0,
		-0.98463208922174172,
		0.16971895323393574,
		0.041171905323963254,
		0.0,
		-0.24819379354909848,
		0.1238416496472706,
		1.7446009057088396,
		1.0
	],
	"intrinsic" : 
	{
		"height" : 1536,
		"intrinsic_matrix" : 
		[
			973.43609619140591,
			0.0,
			0.0,
			0.0,
			973.43609619140591,
			0.0,
			1023.5,
			767.5,
			1.0
		],
		"width" : 2048
	},
	"version_major" : 1,
	"version_minor" : 0
}