{
	"class_name" : "PinholeCameraParameters",
	"extrinsic" : 
	[
		0.12735188167452544,
		0.96746700803373109,
		0.21860715130164027,
		0.0,
		0.21848598586583684,
		0.1876247992122515,
		-0.95763291959956975,
		0.0,
		-0.96749437838893471,
		0.16971895323393571,
		-0.18748361181443601,
		0.0,
		-0.24759309009519342,
		0.12384164964727064,
		1.6865286403351347,
		1.0
	],
	"intrinsic" : 
	{
		"height" : 1536,
		"intrinsic_matrix" : 
		[
			973.43609619140591,
			0.0,
			0.0,
			0.0,
			973.43609619140591,
			0.0,
			1023.5,
			767.5,
			1.0
		],
		"width" : 2048
	},
	"version_major" : 1,
	"version_minor" : 0
}