{
	"class_name" : "PinholeCameraParameters",
	"extrinsic" : 
	[
		0.10981807739337617,
		0.96746700803373109,
		0.22792011373260371,
		0.0,
		0.29290429456723732,
		0.1876247992122515,
		-0.93755213665408044,
		0.0,
		-0.94981422609986821,
		0.16971895323393577,
		-0.262770646784388,
		0.0,
		-0.24435285322110026,
		0.12384164964727074,
		1.6672113789662191,
		1.0
	],
	"intrinsic" : 
	{
		"height" : 1536,
		"intrinsic_matrix" : 
		[
			973.43609619140591,
			0.0,
			0.0,
			0.0,
			973.43609619140591,
			0.0,
			1023.5,
			767.5,
			1.0
		],
		"width" : 2048
	},
	"version_major" : 1,
	"version_minor" : 0
}