{
	"class_name" : "PinholeCameraParameters",
	"extrinsic" : 
	[
		-0.097437508674749512,
		0.96746700803373109,
		0.23348130603866055,
		0.0,
		0.8954116090413442,
		0.18762479921225145,
		-0.40377590952724451,
		0.0,
		-0.43444675427173962,
		0.16971895323393574,
		-0.88456288335874,
		0.0,
		-0.12423927378300292,
		0.12384164964727074,
		1.5016445340696354,
		1.0
	],
	"intrinsic" : 
	{
		"height" : 1536,
		"intrinsic_matrix" : 
		[
			973.43609619140591,
			0.0,
			0.0,
			0.0,
			973.43609619140591,
			0.0,
			1023.5,
			767.5,
			1.0
		],
		"width" : 2048
	},
	"version_major" : 1,
	"version_minor" : 0
}