{
	"class_name" : "PinholeCameraParameters",
	"extrinsic" : 
	[
		-0.24405130387531923,
		0.96746700803373109,
		0.066682452287068317,
		0.0,
		0.86892298404640922,
		0.18762479921225145,
		0.4580063127473748,
		0.0,
		0.43059471533292226,
		0.16971895323393577,
		-0.88644439647421591,
		0.0,
		0.09436909367982016,
		0.12384164964727071,
		1.4870545632727619,
		1.0
	],
	"intrinsic" : 
	{
		"height" : 1536,
		"intrinsic_matrix" : 
		[
			973.43609619140591,
			0.0,
			0.0,
			0.0,
			973.43609619140591,
			0.0,
			1023.5,
			767.5,
			1.0
		],
		"width" : 2048
	},
	"version_major" : 1,
	"version_minor" : 0
}