{
	"class_name" : "PinholeCameraParameters",
	"extrinsic" : 
	[
		-0.19276431138211975,
		0.9674670080337312,
		-0.16385819669347551,
		0.0,
		0.11218811984543281,
		0.1876247992122515,
		0.97581287165424768,
		0.0,
		0.97481062059403312,
		0.16971895323393577,
		-0.14470566986214867,
		0.0,
		0.24402211419159414,
		0.12384164964727075,
		1.6656492058338084,
		1.0
	],
	"intrinsic" : 
	{
		"height" : 1536,
		"intrinsic_matrix" : 
		[
			973.43609619140591,
			0.0,
			0.0,
			0.0,
			973.43609619140591,
			0.0,
			1023.5,
			767.5,
			1.0
		],
		"width" : 2048
	},
	"version_major" : 1,
	"version_minor" : 0
}