{
	"class_name" : "PinholeCameraParameters",
	"extrinsic" : 
	[
		0.035847094172638441,
		0.96746700803373109,
		-0.25044475280116879,
		0.0,
		-0.76572506265774098,
		0.1876247992122515,
		0.61519270406788884,
		0.0,
		0.64216829122682217,
		0.16971895323393574,
		0.7475395391924099,
		0.0,
		0.17450511621044429,
		0.12384164964727071,
		1.8965915597848439,
		1.0
	],
	"intrinsic" : 
	{
		"height" : 1536,
		"intrinsic_matrix" : 
		[
			973.43609619140591,
			0.0,
			0.0,
			0.0,
			973.43609619140591,
			0.0,
			1023.5,
			767.5,
			1.0
		],
		"width" : 2048
	},
	"version_major" : 1,
	"version_minor" : 0
}