{
	"class_name" : "PinholeCameraParameters",
	"extrinsic" : 
	[
		0.11056564627362231,
		0.96746700803373109,
		-0.22755840180128875,
		0.0,
		-0.91693719699743237,
		0.1876247992122515,
		0.35216915180500175,
		0.0,
		0.38340763506558956,
		0.16971895323393577,
		0.90785134371580289,
		0.0,
		0.1117191314441961,
		0.12384164964727071,
		1.9413323970680925,
		1.0
	],
	"intrinsic" : 
	{
		"height" : 1536,
		"intrinsic_matrix" : 
		[
			973.43609619140591,
			0.0,
			0.0,
			0.0,
			973.43609619140591,
			0.0,
			1023.5,
			767.5,
			1.0
		],
		"width" : 2048
	},
	"version_major" : 1,
	"version_minor" : 0
}