{
	"class_name" : "PinholeCameraParameters",
	"extrinsic" : 
	[
		0.23383770939707516,
		0.96746700803373109,
		-0.096579055856793355,
		0.0,
		-0.91923015031825439,
		0.1876247992122515,
		-0.34613995069399595,
		0.0,
		-0.31675835649562378,
		0.16971895323393574,
		0.93319859649667747,
		0.0,
		-0.064834112349605566,
		0.12384164964727068,
		1.9591631441688162,
		1.0
	],
	"intrinsic" : 
	{
		"height" : 1536,
		"intrinsic_matrix" : 
		[
			973.43609619140591,
			0.0,
			0.0,
			0.0,
			973.43609619140591,
			0.0,
			1023.5,
			767.5,
			1.0
		],
		"width" : 2048
	},
	"version_major" : 1,
	"version_minor" : 0
}