{
	"class_name" : "PinholeCameraParameters",
	"extrinsic" : 
	[
		-0.55399747644282249,
		-0.77135131273115665,
		-0.31321549840789431,
		0.0,
		-0.51475523115882782,
		0.61306438063988145,
		-0.59931554058380665,
		0.0,
		0.65430409450774951,
		-0.17078998079091173,
		-0.7366932430610682,
		0.0,
		0.12959146086497286,
		-0.10864756519015242,
		1.2246460597986266,
		1.0
	],
	"intrinsic" : 
	{
		"height" : 1536,
		"intrinsic_matrix" : 
		[
			973.43609619140591,
			0.0,
			0.0,
			0.0,
			973.43609619140591,
			0.0,
			1023.5,
			767.5,
			1.0
		],
		"width" : 2048
	},
	"version_major" : 1,
	"version_minor" : 0
}