{
	"class_name" : "PinholeCameraParameters",
	"extrinsic" : 
	[
		0.24678108302250221,
		0.86174920214052919,
		0.44326900373520639,
		0.0,
		-0.55206212228830354,
		0.5009517236758908,
		-0.66653940894795449,
		0.0,
		-0.79644617532936601,
		-0.08022270972932527,
		0.59936450232467831,
		0.0,
		-0.19183147575802173,
		0.048445195673114935,
		1.9143213110794157,
		1.0
	],
	"intrinsic" : 
	{
		"height" : 1536,
		"intrinsic_matrix" : 
		[
			973.43609619140591,
			0.0,
			0.0,
			0.0,
			973.43609619140591,
			0.0,
			1023.5,
			767.5,
			1.0
		],
		"width" : 2048
	},
	"version_major" : 1,
	"version_minor" : 0
}