{
	"class_name" : "PinholeCameraParameters",
	"extrinsic" : 
	[
		0.18261681274277161,
		0.86174920214052919,
		0.47332801767255755,
		0.0,
		-0.45381382696041866,
		0.50095172367589069,
		-0.73695344561627052,
		0.0,
		-0.87218353009169514,
		-0.080222709729325214,
		0.48255591041916968,
		0.0,
		-0.21729458788932099,
		0.048445195673115005,
		1.8856813802120511,
		1.0
	],
	"intrinsic" : 
	{
		"height" : 1536,
		"intrinsic_matrix" : 
		[
			973.43609619140591,
			0.0,
			0.0,
			0.0,
			973.43609619140591,
			0.0,
			1023.5,
			767.5,
			1.0
		],
		"width" : 2048
	},
	"version_major" : 1,
	"version_minor" : 0
}