{
	"class_name" : "PinholeCameraParameters",
	"extrinsic" : 
	[
		0.08969686951616325,
		0.86174920214052919,
		0.49934235170788571,
		0.0,
		-0.30607552936961863,
		0.50095172367589069,
		-0.8095462561628346,
		0.0,
		-0.94777225213661342,
		-0.080222709729325201,
		0.30869414462146239,
		0.0,
		-0.24508764277698292,
		0.048445195673114991,
		1.8415096525898018,
		1.0
	],
	"intrinsic" : 
	{
		"height" : 1536,
		"intrinsic_matrix" : 
		[
			973.43609619140591,
			0.0,
			0.0,
			0.0,
			973.43609619140591,
			0.0,
			1023.5,
			767.5,
			1.0
		],
		"width" : 2048
	},
	"version_major" : 1,
	"version_minor" : 0
}