{
	"class_name" : "PinholeCameraParameters",
	"extrinsic" : 
	[
		-0.1344640392655852,
		0.86174920214052919,
		0.48919089807001176,
		0.0,
		0.073053822694593179,
		0.50095172367589069,
		-0.86238651980180037,
		0.0,
		-0.98822191897067846,
		-0.080222709729325214,
		-0.13031406566289888,
		0.0,
		-0.27433451122077607,
		0.048445195673115019,
		1.7237249021955474,
		1.0
	],
	"intrinsic" : 
	{
		"height" : 1536,
		"intrinsic_matrix" : 
		[
			973.43609619140591,
			0.0,
			0.0,
			0.0,
			973.43609619140591,
			0.0,
			1023.5,
			767.5,
			1.0
		],
		"width" : 2048
	},
	"version_major" : 1,
	"version_minor" : 0
}