{
	"class_name" : "PinholeCameraParameters",
	"extrinsic" : 
	[
		-0.32730393306247108,
		0.8617492021405293,
		0.38763442573125378,
		0.0,
		0.42814028279101568,
		0.50095172367589069,
		-0.7521590714721077,
		0.0,
		-0.8423586134500356,
		-0.080222709729325187,
		-0.53291301653292156,
		0.0,
		-0.2513681789967448,
		0.048445195673115157,
		1.6081072892019004,
		1.0
	],
	"intrinsic" : 
	{
		"height" : 1536,
		"intrinsic_matrix" : 
		[
			973.43609619140591,
			0.0,
			0.0,
			0.0,
			973.43609619140591,
			0.0,
			1023.5,
			767.5,
			1.0
		],
		"width" : 2048
	},
	"version_major" : 1,
	"version_minor" : 0
}