{
	"class_name" : "PinholeCameraParameters",
	"extrinsic" : 
	[
		-0.48791805166049235,
		0.86174920214052919,
		0.13901182494302608,
		0.0,
		0.77501481378077042,
		0.50095172367589058,
		-0.38522643856115585,
		0.0,
		-0.40160678939005373,
		-0.080222709729325131,
		-0.91229178641457553,
		0.0,
		-0.14719044198833109,
		0.048445195673115143,
		1.4865567388330299,
		1.0
	],
	"intrinsic" : 
	{
		"height" : 1536,
		"intrinsic_matrix" : 
		[
			973.43609619140591,
			0.0,
			0.0,
			0.0,
			973.43609619140591,
			0.0,
			1023.5,
			767.5,
			1.0
		],
		"width" : 2048
	},
	"version_major" : 1,
	"version_minor" : 0
}