{
	"class_name" : "PinholeCameraParameters",
	"extrinsic" : 
	[
		-0.377585901302259,
		0.8617492021405293,
		-0.33884686769678429,
		0.0,
		0.73890326473461776,
		0.50095172367589047,
		0.45063215143915086,
		0.0,
		0.55807781939643897,
		-0.080222709729325131,
		-0.8259016069371703,
		0.0,
		0.11755343372126092,
		0.048445195673115032,
		1.470193668536496,
		1.0
	],
	"intrinsic" : 
	{
		"height" : 1536,
		"intrinsic_matrix" : 
		[
			973.43609619140591,
			0.0,
			0.0,
			0.0,
			973.43609619140591,
			0.0,
			1023.5,
			767.5,
			1.0
		],
		"width" : 2048
	},
	"version_major" : 1,
	"version_minor" : 0
}