{
	"class_name" : "PinholeCameraParameters",
	"extrinsic" : 
	[
		-0.078863146278487034,
		0.8617492021405293,
		-0.50116755358783882,
		0.0,
		0.28847395788225005,
		0.50095172367589058,
		0.81598415803856406,
		0.0,
		0.95423444696930115,
		-0.080222709729325159,
		-0.28809883210606158,
		0.0,
		0.24770184446853016,
		0.048445195673115171,
		1.6000843706758334,
		1.0
	],
	"intrinsic" : 
	{
		"height" : 1536,
		"intrinsic_matrix" : 
		[
			973.43609619140591,
			0.0,
			0.0,
			0.0,
			973.43609619140591,
			0.0,
			1023.5,
			767.5,
			1.0
		],
		"width" : 2048
	},
	"version_major" : 1,
	"version_minor" : 0
}