{
	"class_name" : "PinholeCameraParameters",
	"extrinsic" : 
	[
		0.30110349355897148,
		0.8617492021405293,
		-0.40831972616657131,
		0.0,
		-0.37774940507457044,
		0.50095172367589058,
		0.77868655922133545,
		0.0,
		0.87558099176055126,
		-0.080222709729325187,
		0.4763635625352699,
		0.0,
		0.25805937272008861,
		0.048445195673115116,
		1.8113818726124795,
		1.0
	],
	"intrinsic" : 
	{
		"height" : 1536,
		"intrinsic_matrix" : 
		[
			973.43609619140591,
			0.0,
			0.0,
			0.0,
			973.43609619140591,
			0.0,
			1023.5,
			767.5,
			1.0
		],
		"width" : 2048
	},
	"version_major" : 1,
	"version_minor" : 0
}