{
	"class_name" : "PinholeCameraParameters",
	"extrinsic" : 
	[
		0.46339633001229041,
		0.8617492021405293,
		-0.20652397909516887,
		0.0,
		-0.71284452238118712,
		0.50095172367589058,
		0.49081570620477455,
		0.0,
		0.52641858652813323,
		-0.080222709729325159,
		0.84643238867697335,
		0.0,
		0.17841864850923217,
		0.048445195673115116,
		1.9265936825547847,
		1.0
	],
	"intrinsic" : 
	{
		"height" : 1536,
		"intrinsic_matrix" : 
		[
			973.43609619140591,
			0.0,
			0.0,
			0.0,
			973.43609619140591,
			0.0,
			1023.5,
			767.5,
			1.0
		],
		"width" : 2048
	},
	"version_major" : 1,
	"version_minor" : 0
}