{
	"class_name" : "PinholeCameraParameters",
	"extrinsic" : 
	[
		-0.21289519871563048,
		-0.77135131273115676,
		-0.5997439342850861,
		0.0,
		0.0043323279662633302,
		0.61306438063988133,
		-0.79002107321579174,
		0.0,
		0.97706543552529024,
		-0.17078998079091171,
		-0.12717671627784335,
		0.0,
		0.24304941137839747,
		-0.10864756519015213,
		1.363873111674881,
		1.0
	],
	"intrinsic" : 
	{
		"height" : 1536,
		"intrinsic_matrix" : 
		[
			973.43609619140591,
			0.0,
			0.0,
			0.0,
			973.43609619140591,
			0.0,
			1023.5,
			767.5,
			1.0
		],
		"width" : 2048
	},
	"version_major" : 1,
	"version_minor" : 0
}