{
	"class_name" : "PinholeCameraParameters",
	"extrinsic" : 
	[
		0.38542960669128218,
		0.56330030368443873,
		0.73084662286612689,
		0.0,
		-0.74926947083188322,
		0.65333180513746458,
		-0.10841038914758966,
		0.0,
		-0.53855294852513191,
		-0.5058164887237675,
		0.6738771411541169,
		0.0,
		-0.11170582523840045,
		-0.089347244405524662,
		1.9572451924528917,
		1.0
	],
	"intrinsic" : 
	{
		"height" : 1536,
		"intrinsic_matrix" : 
		[
			973.43609619140591,
			0.0,
			0.0,
			0.0,
			973.43609619140591,
			0.0,
			1023.5,
			767.5,
			1.0
		],
		"width" : 2048
	},
	"version_major" : 1,
	"version_minor" : 0
}