{
	"class_name" : "PinholeCameraParameters",
	"extrinsic" : 
	[
		-0.053065203016766649,
		0.56330030368443873,
		0.82454645235899748,
		0.0,
		-0.58231176257087924,
		0.65333180513746458,
		-0.48380839551150634,
		0.0,
		-0.81123183825610878,
		-0.5058164887237675,
		0.29334720781826684,
		0.0,
		-0.22015302680959381,
		-0.089347244405524606,
		1.8636878875525504,
		1.0
	],
	"intrinsic" : 
	{
		"height" : 1536,
		"intrinsic_matrix" : 
		[
			973.43609619140591,
			0.0,
			0.0,
			0.0,
			973.43609619140591,
			0.0,
			1023.5,
			767.5,
			1.0
		],
		"width" : 2048
	},
	"version_major" : 1,
	"version_minor" : 0
}