{
	"class_name" : "PinholeCameraParameters",
	"extrinsic" : 
	[
		-0.76715447515512658,
		0.56330030368443873,
		0.30686606055163773,
		0.0,
		0.18619182776581902,
		0.65333180513746458,
		-0.73381888478632495,
		0.0,
		-0.61384575792513707,
		-0.5058164887237675,
		-0.60608833119642957,
		0.0,
		-0.22611958839708096,
		-0.089347244405524717,
		1.5820236109675274,
		1.0
	],
	"intrinsic" : 
	{
		"height" : 1536,
		"intrinsic_matrix" : 
		[
			973.43609619140591,
			0.0,
			0.0,
			0.0,
			973.43609619140591,
			0.0,
			1023.5,
			767.5,
			1.0
		],
		"width" : 2048
	},
	"version_major" : 1,
	"version_minor" : 0
}