{
	"class_name" : "PinholeCameraParameters",
	"extrinsic" : 
	[
		-0.79747934539638299,
		0.56330030368443873,
		0.21614685178178197,
		0.0,
		0.26975429370838544,
		0.65333180513746458,
		-0.70738262165656307,
		0.0,
		-0.539684458449608,
		-0.50581648872376739,
		-0.67297129585377724,
		0.0,
		-0.20887413885699169,
		-0.089347244405524662,
		1.5568021909534631,
		1.0
	],
	"intrinsic" : 
	{
		"height" : 1536,
		"intrinsic_matrix" : 
		[
			973.43609619140591,
			0.0,
			0.0,
			0.0,
			973.43609619140591,
			0.0,
			1023.5,
			767.5,
			1.0
		],
		"width" : 2048
	},
	"version_major" : 1,
	"version_minor" : 0
}