{
	"class_name" : "PinholeCameraParameters",
	"extrinsic" : 
	[
		-0.81742262909690555,
		0.56330030368443873,
		0.12046996849556288,
		0.0,
		0.35139352443943106,
		0.65333180513746458,
		-0.67058194382033365,
		0.0,
		-0.45644587458135477,
		-0.50581648872376739,
		-0.73198828085757028,
		0.0,
		-0.18836377063666471,
		-0.089347244405524551,
		1.5332673351518213,
		1.0
	],
	"intrinsic" : 
	{
		"height" : 1536,
		"intrinsic_matrix" : 
		[
			973.43609619140591,
			0.0,
			0.0,
			0.0,
			973.43609619140591,
			0.0,
			1023.5,
			767.5,
			1.0
		],
		"width" : 2048
	},
	"version_major" : 1,
	"version_minor" : 0
}