{
	"class_name" : "PinholeCameraParameters",
	"extrinsic" : 
	[
		-0.52879774319413009,
		0.56330030368443873,
		-0.63487456608515513,
		0.0,
		0.75544850239924766,
		0.65333180513746458,
		-0.049549093014464529,
		0.0,
		0.38687272715394261,
		-0.50581648872376739,
		-0.77102475493308908,
		0.0,
		0.059614883710667699,
		-0.089347244405524551,
		1.4610282203125471,
		1.0
	],
	"intrinsic" : 
	{
		"height" : 1536,
		"intrinsic_matrix" : 
		[
			973.43609619140591,
			0.0,
			0.0,
			0.0,
			973.43609619140591,
			0.0,
			1023.5,
			767.5,
			1.0
		],
		"width" : 2048
	},
	"version_major" : 1,
	"version_minor" : 0
}