{
	"class_name" : "PinholeCameraParameters",
	"extrinsic" : 
	[
		0.38129032057843965,
		0.56330030368443873,
		-0.73301463784989307,
		0.0,
		0.33755691164394813,
		0.65333180513746458,
		0.67765248010851542,
		0.0,
		0.86062362437629525,
		-0.5058164887237675,
		0.058963182585137275,
		0.0,
		0.26017050033525679,
		-0.089347244405524495,
		1.6737887714974677,
		1.0
	],
	"intrinsic" : 
	{
		"height" : 1536,
		"intrinsic_matrix" : 
		[
			973.43609619140591,
			0.0,
			0.0,
			0.0,
			973.43609619140591,
			0.0,
			1023.5,
			767.5,
			1.0
		],
		"width" : 2048
	},
	"version_major" : 1,
	"version_minor" : 0
}