{
	"class_name" : "PinholeCameraParameters",
	"extrinsic" : 
	[
		0.61208481861266562,
		0.56330030368443884,
		-0.55501796609922405,
		0.0,
		0.081261380947367484,
		0.65333180513746447,
		0.75269790777067325,
		0.0,
		0.7866058497051921,
		-0.50581648872376761,
		0.35411991887598132,
		0.0,
		0.25937950164333073,
		-0.089347244405524717,
		1.7668836834916877,
		1.0
	],
	"intrinsic" : 
	{
		"height" : 1536,
		"intrinsic_matrix" : 
		[
			973.43609619140591,
			0.0,
			0.0,
			0.0,
			973.43609619140591,
			0.0,
			1023.5,
			767.5,
			1.0
		],
		"width" : 2048
	},
	"version_major" : 1,
	"version_minor" : 0
}