{
	"class_name" : "PinholeCameraParameters",
	"extrinsic" : 
	[
		0.78345172891138037,
		0.56330030368443884,
		-0.26248077326689662,
		0.0,
		-0.227862927117228,
		0.65333180513746447,
		0.72196678513723267,
		0.0,
		0.5781711467302203,
		-0.5058164887237675,
		0.64020918833129936,
		0.0,
		0.21796383360051463,
		-0.089347244405524662,
		1.8669460427019895,
		1.0
	],
	"intrinsic" : 
	{
		"height" : 1536,
		"intrinsic_matrix" : 
		[
			973.43609619140591,
			0.0,
			0.0,
			0.0,
			973.43609619140591,
			0.0,
			1023.5,
			767.5,
			1.0
		],
		"width" : 2048
	},
	"version_major" : 1,
	"version_minor" : 0
}