{
	"class_name" : "PinholeCameraParameters",
	"extrinsic" : 
	[
		0.81439025362952533,
		0.56330030368443895,
		0.13950370124930864,
		0.0,
		-0.54237692726768993,
		0.65333180513746458,
		0.52819013732128817,
		0.0,
		0.20638745979563872,
		-0.5058164887237675,
		0.83758814233145784,
		0.0,
		0.12159378041121971,
		-0.08934724440552444,
		1.9523718172954347,
		1.0
	],
	"intrinsic" : 
	{
		"height" : 1536,
		"intrinsic_matrix" : 
		[
			973.43609619140591,
			0.0,
			0.0,
			0.0,
			973.43609619140591,
			0.0,
			1023.5,
			767.5,
			1.0
		],
		"width" : 2048
	},
	"version_major" : 1,
	"version_minor" : 0
}