{
	"class_name" : "PinholeCameraParameters",
	"extrinsic" : 
	[
		-0.15880340301920481,
		-0.77135131273115676,
		-0.61627804726230628,
		0.0,
		0.07446077204995967,
		0.61306438063988145,
		-0.78651615280066733,
		0.0,
		0.98449838629387498,
		-0.17078998079091171,
		-0.039921295647762464,
		0.0,
		0.24938986553607706,
		-0.1086475651901524,
		1.3857780814566423,
		1.0
	],
	"intrinsic" : 
	{
		"height" : 1536,
		"intrinsic_matrix" : 
		[
			973.43609619140591,
			0.0,
			0.0,
			0.0,
			973.43609619140591,
			0.0,
			1023.5,
			767.5,
			1.0
		],
		"width" : 2048
	},
	"version_major" : 1,
	"version_minor" : 0
}