{
	"class_name" : "PinholeCameraParameters",
	"extrinsic" : 
	[
		0.5230442734060492,
		0.51142751012057064,
		0.68181125683653221,
		0.0,
		-0.75586506281927013,
		0.64797210666751959,
		0.09380914555669656,
		0.0,
		-0.39381809870339751,
		-0.56442364485617558,
		0.72548828678408783,
		0.0,
		-0.061933669143820591,
		-0.10918318185367126,
		1.966887775498126,
		1.0
	],
	"intrinsic" : 
	{
		"height" : 1536,
		"intrinsic_matrix" : 
		[
			973.43609619140591,
			0.0,
			0.0,
			0.0,
			973.43609619140591,
			0.0,
			1023.5,
			767.5,
			1.0
		],
		"width" : 2048
	},
	"version_major" : 1,
	"version_minor" : 0
}