{
	"class_name" : "PinholeCameraParameters",
	"extrinsic" : 
	[
		0.0063822848788125386,
		0.51142751012057075,
		0.85930272217164505,
		0.0,
		-0.65966706856524837,
		0.64797210666751959,
		-0.38075124114228254,
		0.0,
		-0.75153085438340972,
		-0.56442364485617558,
		0.34150742896313718,
		0.0,
		-0.19935973122329759,
		-0.10918318185367121,
		1.879288565016886,
		1.0
	],
	"intrinsic" : 
	{
		"height" : 1536,
		"intrinsic_matrix" : 
		[
			973.43609619140591,
			0.0,
			0.0,
			0.0,
			973.43609619140591,
			0.0,
			1023.5,
			767.5,
			1.0
		],
		"width" : 2048
	},
	"version_major" : 1,
	"version_minor" : 0
}