{
	"class_name" : "PinholeCameraParameters",
	"extrinsic" : 
	[
		-0.052735742502234881,
		0.51142751012057075,
		0.85770673505261208,
		0.0,
		-0.63191677310489958,
		0.6479721066675197,
		-0.42522151973947347,
		0.0,
		-0.77324002310500506,
		-0.56442364485617558,
		0.28900833170661544,
		0.0,
		-0.20997218506838394,
		-0.10918318185367121,
		1.8651949353438215,
		1.0
	],
	"intrinsic" : 
	{
		"height" : 1536,
		"intrinsic_matrix" : 
		[
			973.43609619140591,
			0.0,
			0.0,
			0.0,
			973.43609619140591,
			0.0,
			1023.5,
			767.5,
			1.0
		],
		"width" : 2048
	},
	"version_major" : 1,
	"version_minor" : 0
}