{
	"class_name" : "PinholeCameraParameters",
	"extrinsic" : 
	[
		-0.24461967877138505,
		0.51142751012057064,
		0.82377370354342938,
		0.0,
		-0.5198684605642252,
		0.64797210666751959,
		-0.55665872192164501,
		0.0,
		-0.8184729662416268,
		-0.56442364485617558,
		0.10736830379074941,
		0.0,
		-0.23770745986836656,
		-0.10918318185367132,
		1.8141074944873794,
		1.0
	],
	"intrinsic" : 
	{
		"height" : 1536,
		"intrinsic_matrix" : 
		[
			973.43609619140591,
			0.0,
			0.0,
			0.0,
			973.43609619140591,
			0.0,
			1023.5,
			767.5,
			1.0
		],
		"width" : 2048
	},
	"version_major" : 1,
	"version_minor" : 0
}