{
	"class_name" : "PinholeCameraParameters",
	"extrinsic" : 
	[
		-0.60229300519221174,
		0.51142751012057086,
		0.61293151149896663,
		0.0,
		-0.19819934374282794,
		0.64797210666751959,
		-0.73542448226909674,
		0.0,
		-0.77327883459748648,
		-0.56442364485617558,
		-0.28890447052758311,
		0.0,
		-0.25496125889816434,
		-0.10918318185367115,
		1.6914557092639839,
		1.0
	],
	"intrinsic" : 
	{
		"height" : 1536,
		"intrinsic_matrix" : 
		[
			973.43609619140591,
			0.0,
			0.0,
			0.0,
			973.43609619140591,
			0.0,
			1023.5,
			767.5,
			1.0
		],
		"width" : 2048
	},
	"version_major" : 1,
	"version_minor" : 0
}