{
	"class_name" : "PinholeCameraParameters",
	"extrinsic" : 
	[
		-0.8489770496339073,
		0.51142751012057086,
		-0.13296567634836981,
		0.0,
		0.48262716598459998,
		0.64797210666751959,
		-0.58923948241316115,
		0.0,
		-0.21519523193737217,
		-0.56442364485617547,
		-0.79694225717970968,
		0.0,
		-0.12671963306679782,
		-0.10918318185367126,
		1.4952863588215963,
		1.0
	],
	"intrinsic" : 
	{
		"height" : 1536,
		"intrinsic_matrix" : 
		[
			973.43609619140591,
			0.0,
			0.0,
			0.0,
			973.43609619140591,
			0.0,
			1023.5,
			767.5,
			1.0
		],
		"width" : 2048
	},
	"version_major" : 1,
	"version_minor" : 0
}