{
	"class_name" : "PinholeCameraParameters",
	"extrinsic" : 
	[
		-0.73983223024474498,
		0.51142751012057086,
		-0.43713861987127167,
		0.0,
		0.66613898503322699,
		0.6479721066675197,
		-0.36931152378413384,
		0.0,
		0.094377559355966423,
		-0.56442364485617547,
		-0.82007245132200424,
		0.0,
		-0.035450611269464541,
		-0.10918318185367126,
		1.4642393343635338,
		1.0
	],
	"intrinsic" : 
	{
		"height" : 1536,
		"intrinsic_matrix" : 
		[
			973.43609619140591,
			0.0,
			0.0,
			0.0,
			973.43609619140591,
			0.0,
			1023.5,
			767.5,
			1.0
		],
		"width" : 2048
	},
	"version_major" : 1,
	"version_minor" : 0
}