{
	"class_name" : "PinholeCameraParameters",
	"extrinsic" : 
	[
		-0.026376064710132041,
		0.51142751012057086,
		-0.85892153605686261,
		0.0,
		0.66834832492905927,
		0.64797210666751959,
		0.36529805028959189,
		0.0,
		0.74338066949237225,
		-0.56442364485617535,
		-0.35890267392754616,
		0.0,
		0.19555565487429966,
		-0.10918318185367118,
		1.5523740787043605,
		1.0
	],
	"intrinsic" : 
	{
		"height" : 1536,
		"intrinsic_matrix" : 
		[
			973.43609619140591,
			0.0,
			0.0,
			0.0,
			973.43609619140591,
			0.0,
			1023.5,
			767.5,
			1.0
		],
		"width" : 2048
	},
	"version_major" : 1,
	"version_minor" : 0
}