{
	"class_name" : "PinholeCameraParameters",
	"extrinsic" : 
	[
		0.60453654119962796,
		0.51142751012057086,
		-0.61071881602441558,
		0.0,
		0.19550125098191828,
		0.64797210666751959,
		0.7361463236649094,
		0.0,
		0.77221423919719034,
		-0.56442364485617547,
		0.2917380981434794,
		0.0,
		0.25486173527157296,
		-0.10918318185367132,
		1.7457370392147757,
		1.0
	],
	"intrinsic" : 
	{
		"height" : 1536,
		"intrinsic_matrix" : 
		[
			973.43609619140591,
			0.0,
			0.0,
			0.0,
			973.43609619140591,
			0.0,
			1023.5,
			767.5,
			1.0
		],
		"width" : 2048
	},
	"version_major" : 1,
	"version_minor" : 0
}