{
	"class_name" : "PinholeCameraParameters",
	"extrinsic" : 
	[
		0.73729683822238312,
		0.51142751012057086,
		-0.44140148871424356,
		0.0,
		0.006505693525368143,
		0.6479721066675197,
		0.7616362812606885,
		0.0,
		0.67553759947099246,
		-0.56442364485617547,
		0.47442059486097243,
		0.0,
		0.24001480370078315,
		-0.10918318185367115,
		1.8081823280355089,
		1.0
	],
	"intrinsic" : 
	{
		"height" : 1536,
		"intrinsic_matrix" : 
		[
			973.43609619140591,
			0.0,
			0.0,
			0.0,
			973.43609619140591,
			0.0,
			1023.5,
			767.5,
			1.0
		],
		"width" : 2048
	},
	"version_major" : 1,
	"version_minor" : 0
}