{
	"class_name" : "PinholeCameraParameters",
	"extrinsic" : 
	[
		0.2640903773459416,
		-0.77135131273115676,
		-0.5790280001357444,
		0.0,
		0.55251327997588839,
		0.61306438063988145,
		-0.56469561769233201,
		0.0,
		0.79056014827688093,
		-0.17078998079091171,
		0.58808624743134086,
		0.0,
		0.23183389716185121,
		-0.10864756519015237,
		1.5560328347492083,
		1.0
	],
	"intrinsic" : 
	{
		"height" : 1536,
		"intrinsic_matrix" : 
		[
			973.43609619140591,
			0.0,
			0.0,
			0.0,
			973.43609619140591,
			0.0,
			1023.5,
			767.5,
			1.0
		],
		"width" : 2048
	},
	"version_major" : 1,
	"version_minor" : 0
}