{
	"class_name" : "PinholeCameraParameters",
	"extrinsic" : 
	[
		0.79133108294037291,
		-0.061739291392062058,
		0.60826258891273499,
		0.0,
		-0.61119480710619278,
		-0.10488491490694959,
		0.78449988042789776,
		0.0,
		0.015363103164417247,
		-0.99256607564603383,
		-0.12073342759066968,
		0.0,
		0.068852905927664146,
		-0.26946786752754437,
		1.7349819183985695,
		1.0
	],
	"intrinsic" : 
	{
		"height" : 1536,
		"intrinsic_matrix" : 
		[
			973.43609619140591,
			0.0,
			0.0,
			0.0,
			973.43609619140591,
			0.0,
			1023.5,
			767.5,
			1.0
		],
		"width" : 2048
	},
	"version_major" : 1,
	"version_minor" : 0
}