{
	"class_name" : "PinholeCameraParameters",
	"extrinsic" : 
	[
		0.25990364413483424,
		-0.061739291392062058,
		0.96365883779677941,
		0.0,
		-0.96184438302974995,
		-0.10488491490694958,
		0.25269455367910432,
		0.0,
		0.08547209251886384,
		-0.99256607564603383,
		-0.086643562236780075,
		0.0,
		0.044501939054536394,
		-0.26946786752754431,
		1.7733043650053244,
		1.0
	],
	"intrinsic" : 
	{
		"height" : 1536,
		"intrinsic_matrix" : 
		[
			973.43609619140591,
			0.0,
			0.0,
			0.0,
			973.43609619140591,
			0.0,
			1023.5,
			767.5,
			1.0
		],
		"width" : 2048
	},
	"version_major" : 1,
	"version_minor" : 0
}