{
	"class_name" : "PinholeCameraParameters",
	"extrinsic" : 
	[
		-0.38978018792339419,
		-0.061739291392062072,
		0.91883603814870562,
		0.0,
		-0.91296142268464697,
		-0.10488491490694959,
		-0.394335637895673,
		0.0,
		0.1207180425289813,
		-0.99256607564603383,
		-0.015483529462078947,
		0.0,
		0.00099845335893086404,
		-0.26946786752754437,
		1.7890073927697359,
		1.0
	],
	"intrinsic" : 
	{
		"height" : 1536,
		"intrinsic_matrix" : 
		[
			973.43609619140591,
			0.0,
			0.0,
			0.0,
			973.43609619140591,
			0.0,
			1023.5,
			767.5,
			1.0
		],
		"width" : 2048
	},
	"version_major" : 1,
	"version_minor" : 0
}