{
	"class_name" : "PinholeCameraParameters",
	"extrinsic" : 
	[
		-0.83291100304254639,
		-0.061739291392062072,
		0.54995228966617216,
		0.0,
		-0.54253846945885198,
		-0.10488491490694958,
		-0.83345735570706214,
		0.0,
		0.10913876565137438,
		-0.99256607564603383,
		0.053863859021856073,
		0.0,
		-0.038367882703101513,
		-0.26946786752754437,
		1.7777331026816223,
		1.0
	],
	"intrinsic" : 
	{
		"height" : 1536,
		"intrinsic_matrix" : 
		[
			973.43609619140591,
			0.0,
			0.0,
			0.0,
			973.43609619140591,
			0.0,
			1023.5,
			767.5,
			1.0
		],
		"width" : 2048
	},
	"version_major" : 1,
	"version_minor" : 0
}