{
	"class_name" : "PinholeCameraParameters",
	"extrinsic" : 
	[
		-0.9838095225061404,
		-0.061739291392062079,
		0.16824709009265587,
		0.0,
		-0.16124028144088878,
		-0.10488491490694959,
		-0.98132600407093307,
		0.0,
		0.078232953843653322,
		-0.99256607564603383,
		0.093231917332686098,
		0.0,
		-0.059111133313131836,
		-0.26946786752754437,
		1.7572521058857786,
		1.0
	],
	"intrinsic" : 
	{
		"height" : 1536,
		"intrinsic_matrix" : 
		[
			973.43609619140591,
			0.0,
			0.0,
			0.0,
			973.43609619140591,
			0.0,
			1023.5,
			767.5,
			1.0
		],
		"width" : 2048
	},
	"version_major" : 1,
	"version_minor" : 0
}