{
	"class_name" : "PinholeCameraParameters",
	"extrinsic" : 
	[
		-0.99343055392905466,
		-0.061739291392062079,
		-0.096353486800519833,
		0.0,
		0.10246073570605498,
		-0.10488491490694958,
		-0.98919207046131141,
		0.0,
		0.050965990216867693,
		-0.99256607564603383,
		0.11052173233281387,
		0.0,
		-0.067318114472914581,
		-0.26946786752754437,
		1.7403329404798906,
		1.0
	],
	"intrinsic" : 
	{
		"height" : 1536,
		"intrinsic_matrix" : 
		[
			973.43609619140591,
			0.0,
			0.0,
			0.0,
			973.43609619140591,
			0.0,
			1023.5,
			767.5,
			1.0
		],
		"width" : 2048
	},
	"version_major" : 1,
	"version_minor" : 0
}