{
	"class_name" : "PinholeCameraParameters",
	"extrinsic" : 
	[
		-0.83143409457532313,
		-0.061739291392062079,
		-0.5521825841839989,
		0.0,
		0.55557939325403183,
		-0.10488491490694959,
		-0.8248216124814165,
		0.0,
		-0.0069917214757775764,
		-0.99256607564603383,
		0.12150597231180515,
		0.0,
		-0.069852070320277904,
		-0.26946786752754437,
		1.7060694889009198,
		1.0
	],
	"intrinsic" : 
	{
		"height" : 1536,
		"intrinsic_matrix" : 
		[
			973.43609619140591,
			0.0,
			0.0,
			0.0,
			973.43609619140591,
			0.0,
			1023.5,
			767.5,
			1.0
		],
		"width" : 2048
	},
	"version_major" : 1,
	"version_minor" : 0
}