{
	"class_name" : "PinholeCameraParameters",
	"extrinsic" : 
	[
		-0.34809417959516381,
		-0.061739291392062072,
		-0.93542434329579871,
		0.0,
		0.9342858151314255,
		-0.10488491490694961,
		-0.34074795710197575,
		0.0,
		-0.077074365233700315,
		-0.99256607564603383,
		0.094191972590312506,
		0.0,
		-0.049423905085057167,
		-0.26946786752754431,
		1.6673154075998475,
		1.0
	],
	"intrinsic" : 
	{
		"height" : 1536,
		"intrinsic_matrix" : 
		[
			973.43609619140591,
			0.0,
			0.0,
			0.0,
			973.43609619140591,
			0.0,
			1023.5,
			767.5,
			1.0
		],
		"width" : 2048
	},
	"version_major" : 1,
	"version_minor" : 0
}