{
	"class_name" : "PinholeCameraParameters",
	"extrinsic" : 
	[
		-0.10514877110260319,
		-0.061739291392062072,
		-0.99253815837680448,
		0.0,
		0.98961274437611924,
		-0.10488491490694959,
		-0.098314651976842526,
		0.0,
		-0.098032403336744123,
		-0.99256607564603383,
		0.072126509500002323,
		0.0,
		-0.03527282291279972,
		-0.26946786752754437,
		1.656642647541718,
		1.0
	],
	"intrinsic" : 
	{
		"height" : 1536,
		"intrinsic_matrix" : 
		[
			973.43609619140591,
			0.0,
			0.0,
			0.0,
			973.43609619140591,
			0.0,
			1023.5,
			767.5,
			1.0
		],
		"width" : 2048
	},
	"version_major" : 1,
	"version_minor" : 0
}