{
	"class_name" : "PinholeCameraParameters",
	"extrinsic" : 
	[
		0.2853351600609767,
		-0.061739291392062086,
		-0.95643719413842487,
		0.0,
		0.95110478300191925,
		-0.10488491490694958,
		0.29051479545082437,
		0.0,
		-0.11825201133109407,
		-0.99256607564603383,
		0.02879318135918308,
		0.0,
		-0.008863133990657357,
		-0.26946786752754437,
		1.6477998564129916,
		1.0
	],
	"intrinsic" : 
	{
		"height" : 1536,
		"intrinsic_matrix" : 
		[
			973.43609619140591,
			0.0,
			0.0,
			0.0,
			973.43609619140591,
			0.0,
			1023.5,
			767.5,
			1.0
		],
		"width" : 2048
	},
	"version_major" : 1,
	"version_minor" : 0
}