{
	"class_name" : "PinholeCameraParameters",
	"extrinsic" : 
	[
		0.42985543734747222,
		-0.77135131273115665,
		-0.46929889764491756,
		0.0,
		0.69978526214787784,
		0.61306438063988133,
		-0.36667785871424624,
		0.0,
		0.57054788568834391,
		-0.17078998079091173,
		0.80330933804979554,
		0.0,
		0.18660404373883654,
		-0.10864756519015234,
		1.6221976832589255,
		1.0
	],
	"intrinsic" : 
	{
		"height" : 1536,
		"intrinsic_matrix" : 
		[
			973.43609619140591,
			0.0,
			0.0,
			0.0,
			973.43609619140591,
			0.0,
			1023.5,
			767.5,
			1.0
		],
		"width" : 2048
	},
	"version_major" : 1,
	"version_minor" : 0
}