{
	"class_name" : "PinholeCameraParameters",
	"extrinsic" : 
	[
		0.76269617166452874,
		0.19279858846468423,
		-0.61735180733055051,
		0.0,
		0.63650474398211754,
		-0.39304041266700851,
		0.66361204396756301,
		0.0,
		-0.11470074374881298,
		-0.89908171947636273,
		-0.42248763424140146,
		0.0,
		0.031115857089026207,
		-0.22367046354612391,
		1.5549082829956462,
		1.0
	],
	"intrinsic" : 
	{
		"height" : 1536,
		"intrinsic_matrix" : 
		[
			973.43609619140591,
			0.0,
			0.0,
			0.0,
			973.43609619140591,
			0.0,
			1023.5,
			767.5,
			1.0
		],
		"width" : 2048
	},
	"version_major" : 1,
	"version_minor" : 0
}