{
	"class_name" : "PinholeCameraParameters",
	"extrinsic" : 
	[
		0.89883170038893589,
		0.19279858846468423,
		-0.39361183755314022,
		0.0,
		0.43829244801907785,
		-0.39304041266700845,
		0.80834334537991448,
		0.0,
		0.0011420969215625021,
		-0.89908171947636273,
		-0.43777934775186556,
		0.0,
		0.073182931017925418,
		-0.2236704635461238,
		1.5689530715853368,
		1.0
	],
	"intrinsic" : 
	{
		"height" : 1536,
		"intrinsic_matrix" : 
		[
			973.43609619140591,
			0.0,
			0.0,
			0.0,
			973.43609619140591,
			0.0,
			1023.5,
			767.5,
			1.0
		],
		"width" : 2048
	},
	"version_major" : 1,
	"version_minor" : 0
}