{
	"class_name" : "PinholeCameraParameters",
	"extrinsic" : 
	[
		0.89943614463575594,
		0.19279858846468428,
		-0.39222866546033175,
		0.0,
		0.43704842467243515,
		-0.39304041266700851,
		0.80901663054716655,
		0.0,
		0.0018155478815898574,
		-0.89908171947636273,
		-0.43777707282282008,
		0.0,
		0.073412327323125554,
		-0.22367046354612402,
		1.5690658281309409,
		1.0
	],
	"intrinsic" : 
	{
		"height" : 1536,
		"intrinsic_matrix" : 
		[
			973.43609619140591,
			0.0,
			0.0,
			0.0,
			973.43609619140591,
			0.0,
			1023.5,
			767.5,
			1.0
		],
		"width" : 2048
	},
	"version_major" : 1,
	"version_minor" : 0
}