{
	"class_name" : "PinholeCameraParameters",
	"extrinsic" : 
	[
		0.92936390475368813,
		0.19279858846468426,
		-0.31481968938902644,
		0.0,
		0.36711995237640876,
		-0.39304041266700851,
		0.84305526187652202,
		0.0,
		0.038803003854355783,
		-0.89908171947636273,
		-0.43605778125760569,
		0.0,
		0.085746187756616313,
		-0.22367046354612402,
		1.5758026486430929,
		1.0
	],
	"intrinsic" : 
	{
		"height" : 1536,
		"intrinsic_matrix" : 
		[
			973.43609619140591,
			0.0,
			0.0,
			0.0,
			973.43609619140591,
			0.0,
			1023.5,
			767.5,
			1.0
		],
		"width" : 2048
	},
	"version_major" : 1,
	"version_minor" : 0
}