{
	"class_name" : "PinholeCameraParameters",
	"extrinsic" : 
	[
		0.98057269800857971,
		0.19279858846468428,
		0.036137075230298354,
		0.0,
		0.043429633762444936,
		-0.39304041266700857,
		0.91849501954110102,
		0.0,
		0.19128787424046206,
		-0.89908171947636273,
		-0.39377786996223163,
		0.0,
		0.13074222836473293,
		-0.22367046354612408,
		1.6155830654326484,
		1.0
	],
	"intrinsic" : 
	{
		"height" : 1536,
		"intrinsic_matrix" : 
		[
			973.43609619140591,
			0.0,
			0.0,
			0.0,
			973.43609619140591,
			0.0,
			1023.5,
			767.5,
			1.0
		],
		"width" : 2048
	},
	"version_major" : 1,
	"version_minor" : 0
}