{
	"class_name" : "PinholeCameraParameters",
	"extrinsic" : 
	[
		0.51256357566860178,
		0.19279858846468417,
		0.83672413923816202,
		0.0,
		-0.74098592844010958,
		-0.39304041266700845,
		0.54448056702172287,
		0.0,
		0.43384148574285364,
		-0.89908171947636273,
		-0.058597158223418072,
		0.0,
		0.15776571888744378,
		-0.22367046354612405,
		1.7702747265391912,
		1.0
	],
	"intrinsic" : 
	{
		"height" : 1536,
		"intrinsic_matrix" : 
		[
			973.43609619140591,
			0.0,
			0.0,
			0.0,
			973.43609619140591,
			0.0,
			1023.5,
			767.5,
			1.0
		],
		"width" : 2048
	},
	"version_major" : 1,
	"version_minor" : 0
}