{
	"class_name" : "PinholeCameraParameters",
	"extrinsic" : 
	[
		-0.58371010294817061,
		0.19279858846468417,
		0.78874027410945702,
		0.0,
		-0.78245915464938998,
		-0.39304041266700845,
		-0.48298747946081355,
		0.0,
		0.21688749853690986,
		-0.89908171947636273,
		0.3802786802883234,
		0.0,
		0.010767656337785425,
		-0.22367046354612408,
		1.883939905370978,
		1.0
	],
	"intrinsic" : 
	{
		"height" : 1536,
		"intrinsic_matrix" : 
		[
			973.43609619140591,
			0.0,
			0.0,
			0.0,
			973.43609619140591,
			0.0,
			1023.5,
			767.5,
			1.0
		],
		"width" : 2048
	},
	"version_major" : 1,
	"version_minor" : 0
}