{
	"class_name" : "PinholeCameraParameters",
	"extrinsic" : 
	[
		-0.8251886486540585,
		0.19279858846468417,
		0.53093539947767121,
		0.0,
		-0.56072814943702776,
		-0.39304041266700851,
		-0.72876825976401716,
		0.0,
		0.068173576709860101,
		-0.89908171947636273,
		0.43244008271899564,
		0.0,
		-0.04864532784712905,
		-0.22367046354612397,
		1.8770089258781608,
		1.0
	],
	"intrinsic" : 
	{
		"height" : 1536,
		"intrinsic_matrix" : 
		[
			973.43609619140591,
			0.0,
			0.0,
			0.0,
			973.43609619140591,
			0.0,
			1023.5,
			767.5,
			1.0
		],
		"width" : 2048
	},
	"version_major" : 1,
	"version_minor" : 0
}