{
	"class_name" : "PinholeCameraParameters",
	"extrinsic" : 
	[
		-0.91182841276588578,
		0.19279858846468415,
		0.36248813768021582,
		0.0,
		-0.41025226877607596,
		-0.39304041266700851,
		-0.82292910385684515,
		0.0,
		-0.016187082409379799,
		-0.89908171947636273,
		0.43748147396946874,
		0.0,
		-0.078266596143541742,
		-0.22367046354612385,
		1.8647016396916922,
		1.0
	],
	"intrinsic" : 
	{
		"height" : 1536,
		"intrinsic_matrix" : 
		[
			973.43609619140591,
			0.0,
			0.0,
			0.0,
			973.43609619140591,
			0.0,
			1023.5,
			767.5,
			1.0
		],
		"width" : 2048
	},
	"version_major" : 1,
	"version_minor" : 0
}