{
	"class_name" : "PinholeCameraParameters",
	"extrinsic" : 
	[
		-0.77966454538509034,
		0.1927985884646842,
		-0.5957783992018223,
		0.0,
		0.49497104597709579,
		-0.39304041266700857,
		-0.7749341247195709,
		0.0,
		-0.38357119327942274,
		-0.89908171947636284,
		0.21100995566471914,
		0.0,
		-0.16595696895245629,
		-0.22367046354612408,
		1.7263438245900824,
		1.0
	],
	"intrinsic" : 
	{
		"height" : 1536,
		"intrinsic_matrix" : 
		[
			973.43609619140591,
			0.0,
			0.0,
			0.0,
			973.43609619140591,
			0.0,
			1023.5,
			767.5,
			1.0
		],
		"width" : 2048
	},
	"version_major" : 1,
	"version_minor" : 0
}