{
	"class_name" : "PinholeCameraParameters",
	"extrinsic" : 
	[
		0.61791983345225787,
		-0.77135131273115665,
		-0.15228995953199079,
		0.0,
		0.78568643516023806,
		0.61306438063988145,
		0.082758025567528648,
		0.0,
		0.029528038057600695,
		-0.17078998079091173,
		0.98486490313641961,
		0.0,
		0.057680889258554219,
		-0.1086475651901524,
		1.6961071458743038,
		1.0
	],
	"intrinsic" : 
	{
		"height" : 1536,
		"intrinsic_matrix" : 
		[
			973.43609619140591,
			0.0,
			0.0,
			0.0,
			973.43609619140591,
			0.0,
			1023.5,
			767.5,
			1.0
		],
		"width" : 2048
	},
	"version_major" : 1,
	"version_minor" : 0
}