{
	"class_name" : "PinholeCameraParameters",
	"extrinsic" : 
	[
		-0.083848030793717304,
		0.40676080815490268,
		-0.9096785985617043,
		0.0,
		0.90632199783503631,
		-0.34831374668726134,
		-0.23928637677266731,
		0.0,
		-0.4141858809427531,
		-0.8445254163243715,
		-0.33945084652983676,
		0.0,
		-0.11774070779976903,
		-0.19174784722932864,
		1.5537892175511179,
		1.0
	],
	"intrinsic" : 
	{
		"height" : 1536,
		"intrinsic_matrix" : 
		[
			973.43609619140591,
			0.0,
			0.0,
			0.0,
			973.43609619140591,
			0.0,
			1023.5,
			767.5,
			1.0
		],
		"width" : 2048
	},
	"version_major" : 1,
	"version_minor" : 0
}