{
	"class_name" : "PinholeCameraParameters",
	"extrinsic" : 
	[
		0.55096517573797299,
		0.40676080815490273,
		-0.72868581712092839,
		0.0,
		0.8309367538356951,
		-0.34831374668726139,
		0.43384518551400314,
		0.0,
		-0.077340068845469526,
		-0.84452541632437139,
		-0.52990125017131762,
		0.0,
		0.02372645965404737,
		-0.19174784722932869,
		1.5173617379539217,
		1.0
	],
	"intrinsic" : 
	{
		"height" : 1536,
		"intrinsic_matrix" : 
		[
			973.43609619140591,
			0.0,
			0.0,
			0.0,
			973.43609619140591,
			0.0,
			1023.5,
			767.5,
			1.0
		],
		"width" : 2048
	},
	"version_major" : 1,
	"version_minor" : 0
}