{
	"class_name" : "PinholeCameraParameters",
	"extrinsic" : 
	[
		0.75934385642578739,
		0.40676080815490268,
		-0.50788045114729896,
		0.0,
		0.64286726514597192,
		-0.34831374668726139,
		0.68220173942347961,
		0.0,
		0.10059118804424255,
		-0.84452541632437139,
		-0.52598311196272751,
		0.0,
		0.08821192364570031,
		-0.19174784722932858,
		1.5362249183825734,
		1.0
	],
	"intrinsic" : 
	{
		"height" : 1536,
		"intrinsic_matrix" : 
		[
			973.43609619140591,
			0.0,
			0.0,
			0.0,
			973.43609619140591,
			0.0,
			1023.5,
			767.5,
			1.0
		],
		"width" : 2048
	},
	"version_major" : 1,
	"version_minor" : 0
}