{
	"class_name" : "PinholeCameraParameters",
	"extrinsic" : 
	[
		0.76020711447481537,
		0.40676080815490268,
		-0.50658739428754584,
		0.0,
		0.64170530035792916,
		-0.34831374668726139,
		0.68329484218836478,
		0.0,
		0.10148620888778387,
		-0.84452541632437139,
		-0.52581115487191055,
		0.0,
		0.08852137702072696,
		-0.19174784722932858,
		1.5363753089987158,
		1.0
	],
	"intrinsic" : 
	{
		"height" : 1536,
		"intrinsic_matrix" : 
		[
			973.43609619140591,
			0.0,
			0.0,
			0.0,
			973.43609619140591,
			0.0,
			1023.5,
			767.5,
			1.0
		],
		"width" : 2048
	},
	"version_major" : 1,
	"version_minor" : 0
}