{
	"class_name" : "PinholeCameraParameters",
	"extrinsic" : 
	[
		0.90513948510203046,
		0.40676080815490268,
		-0.12356438588202434,
		0.0,
		0.27870707016451579,
		-0.34831374668726139,
		0.8949859791689444,
		0.0,
		0.32100604597038823,
		-0.84452541632437139,
		-0.42863963842907044,
		0.0,
		0.15903152066486545,
		-0.19174784722932858,
		1.5933114781031732,
		1.0
	],
	"intrinsic" : 
	{
		"height" : 1536,
		"intrinsic_matrix" : 
		[
			973.43609619140591,
			0.0,
			0.0,
			0.0,
			973.43609619140591,
			0.0,
			1023.5,
			767.5,
			1.0
		],
		"width" : 2048
	},
	"version_major" : 1,
	"version_minor" : 0
}