{
	"class_name" : "PinholeCameraParameters",
	"extrinsic" : 
	[
		0.86340972737425292,
		0.40676080815490268,
		0.29844478153368481,
		0.0,
		-0.1554330610254934,
		-0.34831374668726145,
		0.92440148063973138,
		0.0,
		0.47996271335986473,
		-0.84452541632437139,
		-0.23751339955123293,
		0.0,
		0.19825559198276874,
		-0.19174784722932869,
		1.6785669156522782,
		1.0
	],
	"intrinsic" : 
	{
		"height" : 1536,
		"intrinsic_matrix" : 
		[
			973.43609619140591,
			0.0,
			0.0,
			0.0,
			973.43609619140591,
			0.0,
			1023.5,
			767.5,
			1.0
		],
		"width" : 2048
	},
	"version_major" : 1,
	"version_minor" : 0
}