{
	"class_name" : "PinholeCameraParameters",
	"extrinsic" : 
	[
		0.39251640822839295,
		0.40676080815490268,
		0.82491000370989087,
		0.0,
		-0.76813724197056032,
		-0.34831374668726145,
		0.53725479185070402,
		0.0,
		0.50586168739028126,
		-0.84452541632437128,
		0.17572926453156498,
		0.0,
		0.16720584299104846,
		-0.19174784722932864,
		1.8317628163554693,
		1.0
	],
	"intrinsic" : 
	{
		"height" : 1536,
		"intrinsic_matrix" : 
		[
			973.43609619140591,
			0.0,
			0.0,
			0.0,
			973.43609619140591,
			0.0,
			1023.5,
			767.5,
			1.0
		],
		"width" : 2048
	},
	"version_major" : 1,
	"version_minor" : 0
}