{
	"class_name" : "PinholeCameraParameters",
	"extrinsic" : 
	[
		-0.098482872658087972,
		0.40676080815490273,
		0.90821075128088047,
		0.0,
		-0.93579082042031214,
		-0.34831374668726151,
		0.054525904722081457,
		0.0,
		0.33852129063042719,
		-0.84452541632437139,
		0.41494596873816864,
		0.0,
		0.082757804060335616,
		-0.19174784722932858,
		1.9025784075925871,
		1.0
	],
	"intrinsic" : 
	{
		"height" : 1536,
		"intrinsic_matrix" : 
		[
			973.43609619140591,
			0.0,
			0.0,
			0.0,
			973.43609619140591,
			0.0,
			1023.5,
			767.5,
			1.0
		],
		"width" : 2048
	},
	"version_major" : 1,
	"version_minor" : 0
}