{
	"class_name" : "PinholeCameraParameters",
	"extrinsic" : 
	[
		-0.8795482526274111,
		0.40676080815490279,
		0.24686132999973551,
		0.0,
		-0.39913382944499298,
		-0.34831374668726156,
		-0.84815666009367496,
		0.0,
		-0.25901169373725802,
		-0.84452541632437139,
		0.46871074629189408,
		0.0,
		-0.140356292205153,
		-0.19174784722932858,
		1.8636300287359084,
		1.0
	],
	"intrinsic" : 
	{
		"height" : 1536,
		"intrinsic_matrix" : 
		[
			973.43609619140591,
			0.0,
			0.0,
			0.0,
			973.43609619140591,
			0.0,
			1023.5,
			767.5,
			1.0
		],
		"width" : 2048
	},
	"version_major" : 1,
	"version_minor" : 0
}