{
	"class_name" : "PinholeCameraParameters",
	"extrinsic" : 
	[
		-0.70475183624342808,
		0.40676080815490279,
		-0.58126628515740253,
		0.0,
		0.46857190508261248,
		-0.34831374668726151,
		-0.8118607661637145,
		0.0,
		-0.53269617896017207,
		-0.84452541632437139,
		0.054878065776589963,
		0.0,
		-0.19958526871450102,
		-0.19174784722932858,
		1.685939579739071,
		1.0
	],
	"intrinsic" : 
	{
		"height" : 1536,
		"intrinsic_matrix" : 
		[
			973.43609619140591,
			0.0,
			0.0,
			0.0,
			973.43609619140591,
			0.0,
			1023.5,
			767.5,
			1.0
		],
		"width" : 2048
	},
	"version_major" : 1,
	"version_minor" : 0
}