{
	"class_name" : "PinholeCameraParameters",
	"extrinsic" : 
	[
		0.63640954569775987,
		-0.77135131273115665,
		0.00020613755701315295,
		0.0,
		0.74296912782075475,
		0.61306438063988156,
		0.26860554777574047,
		0.0,
		-0.20731561747740565,
		-0.17078998079091173,
		0.96325023602976723,
		0.0,
		-0.0039049176960744281,
		-0.1086475651901524,
		1.7026450026101514,
		1.0
	],
	"intrinsic" : 
	{
		"height" : 1536,
		"intrinsic_matrix" : 
		[
			973.43609619140591,
			0.0,
			0.0,
			0.0,
			973.43609619140591,
			0.0,
			1023.5,
			767.5,
			1.0
		],
		"width" : 2048
	},
	"version_major" : 1,
	"version_minor" : 0
}