{
	"class_name" : "PinholeCameraParameters",
	"extrinsic" : 
	[
		-0.33917394272228069,
		0.57130582913201988,
		-0.74737586673507095,
		0.0,
		0.80079951450867837,
		-0.2415503038901346,
		-0.54806348925398118,
		0.0,
		-0.49364073387524265,
		-0.78438708574935057,
		-0.37557386166871742,
		0.0,
		-0.15962800372362296,
		-0.16239604189621848,
		1.5575547141186399,
		1.0
	],
	"intrinsic" : 
	{
		"height" : 1536,
		"intrinsic_matrix" : 
		[
			973.43609619140591,
			0.0,
			0.0,
			0.0,
			973.43609619140591,
			0.0,
			1023.5,
			767.5,
			1.0
		],
		"width" : 2048
	},
	"version_major" : 1,
	"version_minor" : 0
}