{
	"class_name" : "PinholeCameraParameters",
	"extrinsic" : 
	[
		0.099536960187611198,
		0.57130582913201988,
		-0.81467910440638236,
		0.0,
		0.96904754779320024,
		-0.24155030389013457,
		-0.05099314470170567,
		0.0,
		-0.2259186660561614,
		-0.78438708574935057,
		-0.57766569574196247,
		0.0,
		-0.052684707687495641,
		-0.16239604189621859,
		1.4979256338089013,
		1.0
	],
	"intrinsic" : 
	{
		"height" : 1536,
		"intrinsic_matrix" : 
		[
			973.43609619140591,
			0.0,
			0.0,
			0.0,
			973.43609619140591,
			0.0,
			1023.5,
			767.5,
			1.0
		],
		"width" : 2048
	},
	"version_major" : 1,
	"version_minor" : 0
}