{
	"class_name" : "PinholeCameraParameters",
	"extrinsic" : 
	[
		0.15451173096804358,
		0.57130582913201977,
		-0.80606189253247451,
		0.0,
		0.97027561659711403,
		-0.2415503038901346,
		0.014787783054737278,
		0.0,
		-0.18625614843636509,
		-0.78438708574935079,
		-0.59164647119651759,
		0.0,
		-0.037642394469353552,
		-0.16239604189621826,
		1.4948617810738183,
		1.0
	],
	"intrinsic" : 
	{
		"height" : 1536,
		"intrinsic_matrix" : 
		[
			973.43609619140591,
			0.0,
			0.0,
			0.0,
			973.43609619140591,
			0.0,
			1023.5,
			767.5,
			1.0
		],
		"width" : 2048
	},
	"version_major" : 1,
	"version_minor" : 0
}