{
	"class_name" : "PinholeCameraParameters",
	"extrinsic" : 
	[
		0.44917542047159237,
		0.57130582913201977,
		-0.68691418040679841,
		0.0,
		0.89189995236053066,
		-0.2415503038901346,
		0.38231914112409648,
		0.0,
		0.052496824889238708,
		-0.78438708574935068,
		-0.61804610110103397,
		0.0,
		0.050006967925712617,
		-0.16239604189621848,
		1.4973021355442115,
		1.0
	],
	"intrinsic" : 
	{
		"height" : 1536,
		"intrinsic_matrix" : 
		[
			973.43609619140591,
			0.0,
			0.0,
			0.0,
			973.43609619140591,
			0.0,
			1023.5,
			767.5,
			1.0
		],
		"width" : 2048
	},
	"version_major" : 1,
	"version_minor" : 0
}