{
	"class_name" : "PinholeCameraParameters",
	"extrinsic" : 
	[
		0.82054529979924773,
		0.57130582913201977,
		-0.017749945834792724,
		0.0,
		0.18877006659044102,
		-0.24155030389013465,
		0.9518504675893289,
		0.0,
		0.5395102157853946,
		-0.78438708574935057,
		-0.30604840593088839,
		0.0,
		0.2104303154755082,
		-0.16239604189621851,
		1.6345569764071821,
		1.0
	],
	"intrinsic" : 
	{
		"height" : 1536,
		"intrinsic_matrix" : 
		[
			973.43609619140591,
			0.0,
			0.0,
			0.0,
			973.43609619140591,
			0.0,
			1023.5,
			767.5,
			1.0
		],
		"width" : 2048
	},
	"version_major" : 1,
	"version_minor" : 0
}