{
	"class_name" : "PinholeCameraParameters",
	"extrinsic" : 
	[
		0.7583953031838111,
		0.57130582913201988,
		0.3137613961412567,
		0.0,
		-0.2099918261084214,
		-0.24155030389013468,
		0.9473947876456964,
		0.0,
		0.61704132525819189,
		-0.78438708574935057,
		-0.063221061627081757,
		0.0,
		0.22627264589725177,
		-0.16239604189621845,
		1.7262462929629057,
		1.0
	],
	"intrinsic" : 
	{
		"height" : 1536,
		"intrinsic_matrix" : 
		[
			973.43609619140591,
			0.0,
			0.0,
			0.0,
			973.43609619140591,
			0.0,
			1023.5,
			767.5,
			1.0
		],
		"width" : 2048
	},
	"version_major" : 1,
	"version_minor" : 0
}