{
	"class_name" : "PinholeCameraParameters",
	"extrinsic" : 
	[
		0.39535521636236487,
		0.57130582913201988,
		0.71923841839465386,
		0.0,
		-0.75652518421611592,
		-0.24155030389013474,
		0.6077195869291655,
		0.0,
		0.520926001023024,
		-0.78438708574935045,
		0.33670907497096303,
		0.0,
		0.17144435327235336,
		-0.16239604189621848,
		1.8660209685021911,
		1.0
	],
	"intrinsic" : 
	{
		"height" : 1536,
		"intrinsic_matrix" : 
		[
			973.43609619140591,
			0.0,
			0.0,
			0.0,
			973.43609619140591,
			0.0,
			1023.5,
			767.5,
			1.0
		],
		"width" : 2048
	},
	"version_major" : 1,
	"version_minor" : 0
}