{
	"class_name" : "PinholeCameraParameters",
	"extrinsic" : 
	[
		0.14835608726493588,
		0.57130582913201988,
		0.80721751775541528,
		0.0,
		-0.90957424772383777,
		-0.24155030389013471,
		0.33812444242940842,
		0.0,
		0.38815610165119585,
		-0.78438708574935045,
		0.48380961179020376,
		0.0,
		0.11605526337776989,
		-0.16239604189621826,
		1.9125419018922025,
		1.0
	],
	"intrinsic" : 
	{
		"height" : 1536,
		"intrinsic_matrix" : 
		[
			973.43609619140591,
			0.0,
			0.0,
			0.0,
			973.43609619140591,
			0.0,
			1023.5,
			767.5,
			1.0
		],
		"width" : 2048
	},
	"version_major" : 1,
	"version_minor" : 0
}