{
	"class_name" : "PinholeCameraParameters",
	"extrinsic" : 
	[
		-0.38635394198815737,
		0.57130582913201988,
		0.72411344491729124,
		0.0,
		-0.92234683715979304,
		-0.24155030389013465,
		-0.30154562286975745,
		0.0,
		0.0026350505759658305,
		-0.78438708574935057,
		0.62026603664726254,
		0.0,
		-0.030184797180693453,
		-0.16239604189621848,
		1.9425261447576876,
		1.0
	],
	"intrinsic" : 
	{
		"height" : 1536,
		"intrinsic_matrix" : 
		[
			973.43609619140591,
			0.0,
			0.0,
			0.0,
			973.43609619140591,
			0.0,
			1023.5,
			767.5,
			1.0
		],
		"width" : 2048
	},
	"version_major" : 1,
	"version_minor" : 0
}