{
	"class_name" : "PinholeCameraParameters",
	"extrinsic" : 
	[
		-0.80424515841512489,
		0.57130582913201988,
		0.16370514581284842,
		0.0,
		-0.35538877408862712,
		-0.24155030389013463,
		-0.90296858746158304,
		0.0,
		-0.47632818982043618,
		-0.78438708574935045,
		0.39730134066225814,
		0.0,
		-0.19216699515984825,
		-0.16239604189621837,
		1.8378664068944726,
		1.0
	],
	"intrinsic" : 
	{
		"height" : 1536,
		"intrinsic_matrix" : 
		[
			973.43609619140591,
			0.0,
			0.0,
			0.0,
			973.43609619140591,
			0.0,
			1023.5,
			767.5,
			1.0
		],
		"width" : 2048
	},
	"version_major" : 1,
	"version_minor" : 0
}