{
	"class_name" : "PinholeCameraParameters",
	"extrinsic" : 
	[
		0.70095786626903689,
		0.23355840300800035,
		0.67387576162072449,
		0.0,
		-0.35621644711668526,
		-0.70391545959321677,
		0.61450213063034731,
		0.0,
		0.61787370272501874,
		-0.67078573190701007,
		-0.41021773407649287,
		0.0,
		0.22185343327825424,
		-0.15912416620301673,
		3.450741980439993,
		1.0
	],
	"intrinsic" : 
	{
		"height" : 1080,
		"intrinsic_matrix" : 
		[
			935.30743608719376,
			0.0,
			0.0,
			0.0,
			935.30743608719376,
			0.0,
			929.5,
			539.5,
			1.0
		],
		"width" : 1860
	},
	"version_major" : 1,
	"version_minor" : 0
}